sequence_id,site_rank,cut_position,confidence,risk_score,sequence_length
0,1,9,0.038166054,0.96183395,23
0,2,2,0.037425295,0.9625747,23
0,3,16,0.036308203,0.9636918,23
0,4,8,0.03628768,0.96371233,23
0,5,29,0.034815192,0.9651848,23
1,1,9,0.03827398,0.961726,23
1,2,2,0.03770794,0.9622921,23
1,3,8,0.036317244,0.9636828,23
1,4,16,0.03578607,0.9642139,23
1,5,1,0.034744777,0.9652552,23
2,1,9,0.038236324,0.9617637,23
2,2,2,0.037476227,0.96252376,23
2,3,16,0.03612492,0.96387506,23
2,4,8,0.036056247,0.9639438,23
2,5,29,0.03502224,0.96497774,23
3,1,9,0.038193747,0.96180624,23
3,2,2,0.037368774,0.9626312,23
3,3,8,0.03641945,0.96358055,23
3,4,16,0.0361445,0.9638555,23
3,5,29,0.034893192,0.9651068,23
4,1,9,0.03808495,0.9619151,23
4,2,2,0.037459306,0.9625407,23
4,3,8,0.03624314,0.96375686,23
4,4,16,0.03610116,0.96389884,23
4,5,29,0.034778506,0.9652215,23
5,1,9,0.03829852,0.96170145,23
5,2,2,0.037534554,0.96246547,23
5,3,8,0.036391564,0.96360844,23
5,4,16,0.0359373,0.9640627,23
5,5,29,0.034736063,0.96526396,23
6,1,9,0.038170785,0.9618292,23
6,2,2,0.03760681,0.96239316,23
6,3,8,0.036194254,0.96380574,23
6,4,16,0.036170177,0.9638298,23
6,5,1,0.03469867,0.96530133,23
7,1,9,0.038318533,0.9616815,23
7,2,2,0.037551325,0.96244866,23
7,3,8,0.036294248,0.9637058,23
7,4,16,0.035873245,0.96412677,23
7,5,29,0.03474544,0.96525455,23
8,1,9,0.038032703,0.9619673,23
8,2,2,0.037404254,0.96259576,23
8,3,16,0.0363797,0.9636203,23
8,4,8,0.03619644,0.9638035,23
8,5,29,0.034860313,0.9651397,23
9,1,9,0.03829279,0.96170723,23
9,2,2,0.03788679,0.9621132,23
9,3,8,0.03607908,0.96392095,23
9,4,16,0.03593759,0.9640624,23
9,5,29,0.034683827,0.9653162,23
10,1,9,0.038237784,0.9617622,23
10,2,2,0.03764107,0.96235895,23
10,3,8,0.03619768,0.96380234,23
10,4,16,0.036068927,0.9639311,23
10,5,29,0.034755144,0.9652448,23
11,1,9,0.038536616,0.9614634,23
11,2,2,0.03783012,0.9621699,23
11,3,8,0.036285445,0.96371454,23
11,4,16,0.035788618,0.9642114,23
11,5,1,0.034804177,0.96519583,23
12,1,9,0.038471203,0.9615288,23
12,2,2,0.03752195,0.96247804,23
12,3,8,0.036258414,0.9637416,23
12,4,16,0.035948265,0.9640517,23
12,5,1,0.034667827,0.96533215,23
13,1,9,0.038434055,0.961566,23
13,2,2,0.037723765,0.9622762,23
13,3,8,0.036319077,0.9636809,23
13,4,16,0.035813887,0.96418613,23
13,5,29,0.034663644,0.9653364,23
14,1,9,0.03821965,0.96178037,23
14,2,2,0.037814558,0.96218544,23
14,3,8,0.036321383,0.9636786,23
14,4,16,0.03595502,0.964045,23
14,5,29,0.034777716,0.9652223,23
15,1,9,0.03824654,0.9617535,23
15,2,2,0.037724998,0.962275,23
15,3,16,0.036216408,0.9637836,23
15,4,8,0.03598058,0.9640194,23
15,5,29,0.03472482,0.96527517,23
16,1,9,0.03802529,0.96197474,23
16,2,2,0.03745555,0.96254444,23
16,3,16,0.036309917,0.9636901,23
16,4,8,0.036121134,0.96387887,23
16,5,29,0.034878705,0.96512127,23
17,1,9,0.03810008,0.96189994,23
17,2,2,0.037678055,0.96232194,23
17,3,8,0.036261242,0.96373874,23
17,4,16,0.035921257,0.9640787,23
17,5,1,0.0349765,0.9650235,23
18,1,9,0.038128,0.961872,23
18,2,2,0.0375859,0.9624141,23
18,3,8,0.03629829,0.9637017,23
18,4,16,0.03626088,0.9637391,23
18,5,29,0.034899004,0.965101,23
19,1,9,0.038129166,0.96187085,23
19,2,2,0.037586216,0.9624138,23
19,3,8,0.036349203,0.9636508,23
19,4,16,0.03588651,0.9641135,23
19,5,29,0.034815043,0.9651849,23
20,1,9,0.038385656,0.9616144,23
20,2,2,0.037729304,0.9622707,23
20,3,8,0.036193855,0.96380615,23
20,4,16,0.035975467,0.96402454,23
20,5,1,0.03472828,0.9652717,23
21,1,9,0.03805572,0.9619443,23
21,2,2,0.037355334,0.9626447,23
21,3,16,0.03631048,0.9636895,23
21,4,8,0.036258887,0.9637411,23
21,5,29,0.034926202,0.9650738,23
22,1,9,0.03821369,0.9617863,23
22,2,2,0.037776,0.962224,23
22,3,8,0.036192607,0.9638074,23
22,4,16,0.03593627,0.9640637,23
22,5,1,0.034907423,0.9650926,23
23,1,9,0.03831752,0.9616825,23
23,2,2,0.037676435,0.96232355,23
23,3,8,0.03624604,0.96375394,23
23,4,16,0.035981506,0.96401846,23
23,5,1,0.034707498,0.9652925,23
24,1,9,0.03824501,0.961755,23
24,2,2,0.03783912,0.9621609,23
24,3,8,0.03624654,0.96375346,23
24,4,16,0.03597252,0.96402746,23
24,5,29,0.03476232,0.9652377,23
25,1,9,0.037844434,0.9621556,23
25,2,2,0.037527714,0.96247226,23
25,3,16,0.036414146,0.96358585,23
25,4,8,0.036182746,0.96381724,23
25,5,29,0.034837935,0.96516204,23
26,1,9,0.03815916,0.96184087,23
26,2,2,0.0376706,0.9623294,23
26,3,8,0.036406614,0.96359336,23
26,4,16,0.03601499,0.963985,23
26,5,29,0.034949295,0.9650507,23
27,1,9,0.038030848,0.96196914,23
27,2,2,0.037371688,0.9626283,23
27,3,16,0.036496446,0.96350354,23
27,4,8,0.036178593,0.9638214,23
27,5,29,0.034897354,0.9651027,23
28,1,9,0.03805854,0.9619415,23
28,2,2,0.037508357,0.96249163,23
28,3,16,0.036393378,0.9636066,23
28,4,8,0.03609876,0.9639012,23
28,5,29,0.034929764,0.96507025,23
29,1,9,0.038039185,0.9619608,23
29,2,2,0.037803426,0.9621966,23
29,3,8,0.03617791,0.96382207,23
29,4,16,0.036147084,0.96385294,23
29,5,29,0.034887053,0.9651129,23
30,1,9,0.038301975,0.96169806,23
30,2,2,0.03775919,0.9622408,23
30,3,8,0.036273424,0.9637266,23
30,4,16,0.03591773,0.96408224,23
30,5,1,0.03462006,0.96537995,23
31,1,9,0.03797115,0.96202886,23
31,2,2,0.03761321,0.9623868,23
31,3,8,0.03645649,0.96354353,23
31,4,16,0.03588951,0.9641105,23
31,5,29,0.035097785,0.9649022,23
32,1,9,0.038102664,0.9618973,23
32,2,2,0.037666995,0.962333,23
32,3,16,0.036415603,0.9635844,23
32,4,8,0.036103174,0.9638968,23
32,5,1,0.03483709,0.96516293,23
33,1,9,0.03829742,0.9617026,23
33,2,2,0.03750022,0.9624998,23
33,3,16,0.036095217,0.9639048,23
33,4,8,0.036059417,0.96394056,23
33,5,29,0.034733217,0.96526676,23
34,1,9,0.03818517,0.9618148,23
34,2,2,0.037744354,0.96225566,23
34,3,16,0.036145937,0.9638541,23
34,4,8,0.036110446,0.96388954,23
34,5,29,0.03490279,0.9650972,23
35,1,9,0.03829415,0.96170586,23
35,2,2,0.03765281,0.9623472,23
35,3,8,0.03618512,0.96381485,23
35,4,16,0.036158156,0.96384186,23
35,5,29,0.034667812,0.9653322,23
36,1,9,0.03838279,0.96161723,23
36,2,2,0.03766046,0.9623395,23
36,3,8,0.03625178,0.9637482,23
36,4,16,0.035923272,0.96407676,23
36,5,1,0.03472992,0.9652701,23
37,1,9,0.038642447,0.96135753,23
37,2,2,0.03750698,0.962493,23
37,3,8,0.03622446,0.9637755,23
37,4,16,0.03591514,0.96408486,23
37,5,18,0.03466479,0.9653352,23
38,1,9,0.0379147,0.9620853,23
38,2,2,0.037659083,0.9623409,23
38,3,8,0.036429096,0.9635709,23
38,4,16,0.036019906,0.9639801,23
38,5,29,0.035025887,0.9649741,23
39,1,9,0.038264498,0.9617355,23
39,2,2,0.037422925,0.9625771,23
39,3,8,0.036167685,0.9638323,23
39,4,16,0.036101907,0.96389806,23
39,5,29,0.034732763,0.96526724,23
40,1,9,0.03825772,0.9617423,23
40,2,2,0.037654296,0.9623457,23
40,3,8,0.03614427,0.96385574,23
40,4,16,0.036068495,0.9639315,23
40,5,1,0.034705333,0.96529466,23
41,1,9,0.038178317,0.9618217,23
41,2,2,0.037609577,0.9623904,23
41,3,8,0.036247853,0.96375215,23
41,4,16,0.036169957,0.96383005,23
41,5,29,0.03469352,0.96530646,23
42,1,9,0.03797451,0.96202546,23
42,2,2,0.03771496,0.96228504,23
42,3,8,0.0364163,0.9635837,23
42,4,16,0.036012277,0.9639877,23
42,5,1,0.034871913,0.96512806,23
43,1,9,0.037996553,0.96200347,23
43,2,2,0.037354965,0.96264505,23
43,3,8,0.03633245,0.9636676,23
43,4,16,0.036089405,0.9639106,23
43,5,29,0.03487184,0.9651282,23
44,1,9,0.038180146,0.9618198,23
44,2,2,0.037827097,0.9621729,23
44,3,8,0.036403567,0.96359646,23
44,4,16,0.0358206,0.9641794,23
44,5,1,0.034984164,0.9650158,23
45,1,9,0.03833309,0.96166694,23
45,2,2,0.03764569,0.9623543,23
45,3,8,0.036459252,0.96354073,23
45,4,16,0.03601598,0.963984,23
45,5,1,0.034714524,0.9652855,23
46,1,9,0.03812211,0.9618779,23
46,2,2,0.037363537,0.9626365,23
46,3,8,0.036328472,0.9636715,23
46,4,16,0.036115315,0.9638847,23
46,5,29,0.034892432,0.96510756,23
47,1,9,0.038294554,0.96170545,23
47,2,2,0.03764266,0.96235734,23
47,3,8,0.03647521,0.9635248,23
47,4,16,0.035836462,0.96416354,23
47,5,1,0.03477808,0.96522194,23
48,1,9,0.03832555,0.96167445,23
48,2,2,0.038027905,0.9619721,23
48,3,8,0.036071874,0.9639281,23
48,4,16,0.035850555,0.9641495,23
48,5,29,0.03458355,0.96541643,23
49,1,9,0.03794133,0.96205866,23
49,2,2,0.037840407,0.9621596,23
49,3,8,0.036188826,0.96381116,23
49,4,16,0.03594033,0.96405965,23
49,5,29,0.03486193,0.9651381,23
50,1,9,0.038338676,0.96166134,23
50,2,2,0.037399366,0.96260065,23
50,3,16,0.036330067,0.96366996,23
50,4,8,0.036211576,0.96378845,23
50,5,29,0.034847528,0.9651525,23
51,1,9,0.038354956,0.96164507,23
51,2,2,0.037553452,0.9624466,23
51,3,8,0.036226492,0.9637735,23
51,4,16,0.03610966,0.9638903,23
51,5,1,0.034742884,0.9652571,23
52,1,9,0.038168292,0.9618317,23
52,2,2,0.037845172,0.9621548,23
52,3,8,0.036159337,0.96384066,23
52,4,16,0.035939004,0.964061,23
52,5,29,0.0347554,0.9652446,23
53,1,9,0.03836074,0.9616393,23
53,2,2,0.038038548,0.96196145,23
53,3,8,0.035961322,0.96403867,23
53,4,16,0.035915468,0.9640845,23
53,5,29,0.03456258,0.9654374,23
54,1,9,0.03810093,0.96189904,23
54,2,2,0.037939154,0.96206087,23
54,3,8,0.036255337,0.96374464,23
54,4,16,0.03586379,0.9641362,23
54,5,1,0.034921955,0.96507806,23
55,1,9,0.03806334,0.96193665,23
55,2,2,0.03749874,0.9625013,23
55,3,8,0.036411572,0.9635884,23
55,4,16,0.035989292,0.9640107,23
55,5,29,0.03487,0.96513,23
56,1,9,0.03845729,0.9615427,23
56,2,2,0.037595704,0.9624043,23
56,3,8,0.03613654,0.96386343,23
56,4,16,0.035978224,0.9640218,23
56,5,1,0.03484765,0.9651523,23
57,1,9,0.03802834,0.96197164,23
57,2,2,0.03758304,0.96241695,23
57,3,8,0.03629863,0.96370137,23
57,4,16,0.036249936,0.96375006,23
57,5,29,0.03480369,0.9651963,23
58,1,9,0.038302775,0.9616972,23
58,2,2,0.037734475,0.96226555,23
58,3,8,0.03619525,0.9638047,23
58,4,16,0.0359788,0.9640212,23
58,5,1,0.035066012,0.964934,23
59,1,9,0.038171988,0.961828,23
59,2,2,0.037346795,0.9626532,23
59,3,8,0.03628019,0.9637198,23
59,4,16,0.036246408,0.9637536,23
59,5,29,0.03492091,0.96507907,23
60,1,9,0.03816379,0.9618362,23
60,2,2,0.037693698,0.9623063,23
60,3,8,0.03631518,0.9636848,23
60,4,16,0.03612499,0.963875,23
60,5,1,0.03471734,0.9652827,23
61,1,9,0.038649958,0.96135,23
61,2,2,0.03771605,0.96228397,23
61,3,8,0.03612377,0.96387625,23
61,4,16,0.035781972,0.964218,23
61,5,1,0.034782987,0.965217,23
62,1,9,0.038039766,0.96196026,23
62,2,2,0.03743697,0.96256304,23
62,3,16,0.03657429,0.9634257,23
62,4,8,0.03616857,0.9638314,23
62,5,29,0.03488643,0.9651136,23
63,1,9,0.038510848,0.96148914,23
63,2,2,0.037881684,0.9621183,23
63,3,8,0.0361166,0.9638834,23
63,4,16,0.035874184,0.9641258,23
63,5,1,0.034729384,0.96527064,23
64,1,9,0.03827769,0.9617223,23
64,2,2,0.037650805,0.9623492,23
64,3,8,0.036374073,0.9636259,23
64,4,16,0.03604948,0.9639505,23
64,5,29,0.034745228,0.9652548,23
65,1,9,0.0384358,0.9615642,23
65,2,2,0.037707686,0.9622923,23
65,3,8,0.036229365,0.9637706,23
65,4,16,0.035989963,0.96401006,23
65,5,1,0.03480442,0.9651956,23
66,1,9,0.03845271,0.9615473,23
66,2,2,0.037771635,0.96222836,23
66,3,8,0.036375538,0.9636245,23
66,4,16,0.035962056,0.96403795,23
66,5,1,0.03466253,0.96533746,23
67,1,9,0.03810334,0.96189666,23
67,2,2,0.03763785,0.9623622,23
67,3,8,0.036234632,0.9637654,23
67,4,16,0.03616681,0.9638332,23
67,5,1,0.034688987,0.965311,23
68,1,9,0.038290046,0.96171,23
68,2,2,0.037832674,0.9621673,23
68,3,8,0.036288247,0.96371174,23
68,4,16,0.035816584,0.9641834,23
68,5,1,0.03472588,0.9652741,23
69,1,9,0.038298007,0.961702,23
69,2,2,0.037745528,0.96225446,23
69,3,8,0.03606392,0.9639361,23
69,4,16,0.035960276,0.96403974,23
69,5,29,0.03466523,0.9653348,23
70,1,9,0.038223296,0.96177673,23
70,2,2,0.03748465,0.96251535,23
70,3,8,0.036160268,0.9638397,23
70,4,16,0.036149144,0.96385086,23
70,5,29,0.034843337,0.9651567,23
71,1,9,0.038267944,0.96173203,23
71,2,2,0.03771672,0.96228325,23
71,3,8,0.036250353,0.96374965,23
71,4,16,0.035960298,0.9640397,23
71,5,29,0.034685656,0.9653143,23
72,1,9,0.038323708,0.9616763,23
72,2,2,0.037655327,0.96234465,23
72,3,8,0.03617904,0.96382093,23
72,4,16,0.03602788,0.9639721,23
72,5,29,0.03471621,0.9652838,23
73,1,9,0.038243603,0.9617564,23
73,2,2,0.037779585,0.96222043,23
73,3,8,0.03625024,0.96374977,23
73,4,16,0.035887785,0.9641122,23
73,5,1,0.03497547,0.96502453,23
74,1,9,0.038468245,0.96153176,23
74,2,2,0.037802797,0.9621972,23
74,3,8,0.03637914,0.96362084,23
74,4,16,0.035687532,0.9643125,23
74,5,1,0.03500007,0.9649999,23
75,1,9,0.03834954,0.9616505,23
75,2,2,0.037328713,0.9626713,23
75,3,8,0.036145788,0.9638542,23
75,4,16,0.036124393,0.9638756,23
75,5,1,0.034804806,0.9651952,23
76,1,9,0.038459513,0.96154046,23
76,2,2,0.037690308,0.9623097,23
76,3,8,0.036096632,0.96390337,23
76,4,16,0.03604475,0.9639552,23
76,5,29,0.034606107,0.9653939,23
77,1,9,0.038158856,0.96184117,23
77,2,2,0.037470747,0.96252924,23
77,3,16,0.03622143,0.96377856,23
77,4,8,0.036061045,0.96393895,23
77,5,29,0.034924995,0.965075,23
78,1,9,0.03837886,0.96162117,23
78,2,2,0.03778186,0.96221817,23
78,3,8,0.036329664,0.9636703,23
78,4,16,0.035791636,0.96420836,23
78,5,1,0.034753226,0.9652468,23
79,1,9,0.03833016,0.96166986,23
79,2,2,0.037513096,0.9624869,23
79,3,8,0.03621698,0.963783,23
79,4,16,0.03588581,0.9641142,23
79,5,1,0.034798943,0.9652011,23
80,1,9,0.038391743,0.96160823,23
80,2,2,0.037326224,0.9626738,23
80,3,8,0.036182605,0.9638174,23
80,4,16,0.036078747,0.96392125,23
80,5,29,0.034889244,0.9651108,23
81,1,9,0.038188685,0.9618113,23
81,2,2,0.03755411,0.9624459,23
81,3,8,0.036325183,0.96367484,23
81,4,16,0.035946637,0.9640534,23
81,5,1,0.03482764,0.96517235,23
82,1,9,0.038267463,0.9617325,23
82,2,2,0.03739786,0.96260214,23
82,3,16,0.03632909,0.9636709,23
82,4,8,0.03607679,0.9639232,23
82,5,29,0.03495164,0.9650484,23
83,1,9,0.03834956,0.96165043,23
83,2,2,0.0375263,0.9624737,23
83,3,8,0.03629905,0.96370095,23
83,4,16,0.03594272,0.96405727,23
83,5,29,0.03477351,0.9652265,23
84,1,9,0.038377985,0.961622,23
84,2,2,0.037861675,0.9621383,23
84,3,8,0.036363494,0.9636365,23
84,4,16,0.035805475,0.96419454,23
84,5,1,0.03488529,0.9651147,23
85,1,9,0.038021,0.96197903,23
85,2,2,0.037472855,0.96252716,23
85,3,16,0.03639331,0.9636067,23
85,4,8,0.036306407,0.9636936,23
85,5,1,0.03493764,0.9650624,23
86,1,9,0.038220387,0.9617796,23
86,2,2,0.037396953,0.96260303,23
86,3,8,0.036331013,0.963669,23
86,4,16,0.03623907,0.9637609,23
86,5,29,0.034842387,0.9651576,23
87,1,9,0.038172964,0.96182704,23
87,2,2,0.03772294,0.96227705,23
87,3,8,0.03620741,0.96379256,23
87,4,16,0.036065232,0.9639348,23
87,5,29,0.034828126,0.9651719,23
88,1,9,0.038468357,0.96153164,23
88,2,2,0.037730023,0.96226996,23
88,3,8,0.036261916,0.9637381,23
88,4,16,0.03586831,0.9641317,23
88,5,1,0.034807198,0.9651928,23
89,1,9,0.038133066,0.9618669,23
89,2,2,0.03767575,0.96232426,23
89,3,8,0.036445707,0.96355426,23
89,4,16,0.0358912,0.9641088,23
89,5,1,0.034836017,0.965164,23
90,1,9,0.038283046,0.96171695,23
90,2,2,0.037851367,0.9621486,23
90,3,8,0.03619858,0.96380144,23
90,4,16,0.03582959,0.9641704,23
90,5,1,0.034744672,0.9652553,23
91,1,9,0.038301907,0.9616981,23
91,2,2,0.037398584,0.9626014,23
91,3,16,0.03629573,0.9637043,23
91,4,8,0.036194462,0.96380556,23
91,5,29,0.034746155,0.96525383,23
92,1,9,0.03819934,0.96180063,23
92,2,2,0.037806004,0.96219397,23
92,3,8,0.036343176,0.96365684,23
92,4,16,0.03582655,0.96417344,23
92,5,1,0.03484647,0.9651535,23
93,1,9,0.038237303,0.96176267,23
93,2,2,0.037532207,0.9624678,23
93,3,8,0.036225826,0.9637742,23
93,4,16,0.03602173,0.9639783,23
93,5,29,0.03479494,0.9652051,23
94,1,9,0.038039964,0.96196,23
94,2,2,0.037659943,0.96234006,23
94,3,8,0.03623664,0.96376336,23
94,4,16,0.036134772,0.9638652,23
94,5,1,0.034895673,0.96510434,23
95,1,9,0.038271625,0.9617284,23
95,2,2,0.037362877,0.9626371,23
95,3,16,0.03620371,0.9637963,23
95,4,8,0.036014512,0.9639855,23
95,5,29,0.034726933,0.9652731,23
96,1,9,0.038127042,0.96187294,23
96,2,2,0.03729978,0.96270025,23
96,3,16,0.036490455,0.96350956,23
96,4,8,0.036082514,0.9639175,23
96,5,29,0.034836315,0.9651637,23
97,1,9,0.038052082,0.9619479,23
97,2,2,0.03757501,0.962425,23
97,3,8,0.03617194,0.9638281,23
97,4,16,0.0360345,0.9639655,23
97,5,1,0.034877848,0.96512216,23
98,1,9,0.038101442,0.96189857,23
98,2,2,0.03762535,0.9623746,23
98,3,8,0.03632645,0.96367353,23
98,4,16,0.035941634,0.96405834,23
98,5,1,0.034829635,0.9651704,23
99,1,9,0.03815101,0.961849,23
99,2,2,0.037938762,0.9620612,23
99,3,8,0.036185063,0.9638149,23
99,4,16,0.036000997,0.96399903,23
99,5,1,0.034784287,0.9652157,23
100,1,9,0.038189255,0.96181077,23
100,2,2,0.0372891,0.9627109,23
100,3,16,0.03645453,0.96354544,23
100,4,8,0.03630137,0.9636986,23
100,5,29,0.034913514,0.96508646,23
101,1,9,0.037984814,0.9620152,23
101,2,2,0.03766672,0.96233326,23
101,3,8,0.036302924,0.9636971,23
101,4,16,0.03603973,0.9639603,23
101,5,29,0.034905605,0.9650944,23
102,1,9,0.038405377,0.96159464,23
102,2,2,0.037722316,0.9622777,23
102,3,8,0.036110222,0.9638898,23
102,4,16,0.035849083,0.9641509,23
102,5,1,0.03471111,0.9652889,23
103,1,9,0.038117964,0.96188205,23
103,2,2,0.03779284,0.96220714,23
103,3,8,0.036282737,0.9637173,23
103,4,16,0.0357196,0.9642804,23
103,5,1,0.03477544,0.96522456,23
104,1,9,0.038671263,0.96132874,23
104,2,2,0.037712682,0.9622873,23
104,3,8,0.036061514,0.9639385,23
104,4,16,0.035996128,0.96400386,23
104,5,1,0.03468055,0.96531945,23
105,1,9,0.03848234,0.9615177,23
105,2,2,0.037573516,0.9624265,23
105,3,16,0.036214616,0.9637854,23
105,4,8,0.03589639,0.9641036,23
105,5,29,0.034709055,0.96529096,23
106,1,9,0.038289882,0.9617101,23
106,2,2,0.03741205,0.96258795,23
106,3,8,0.036431395,0.9635686,23
106,4,16,0.03609276,0.96390724,23
106,5,29,0.034900147,0.9650999,23
107,1,9,0.03807759,0.9619224,23
107,2,2,0.037458252,0.96254176,23
107,3,8,0.036358785,0.9636412,23
107,4,16,0.03600562,0.9639944,23
107,5,29,0.034907114,0.9650929,23
108,1,9,0.038033795,0.9619662,23
108,2,2,0.03727019,0.9627298,23
108,3,8,0.036372133,0.9636279,23
108,4,16,0.03634732,0.9636527,23
108,5,29,0.03497045,0.96502954,23
109,1,9,0.038023446,0.9619765,23
109,2,2,0.03741677,0.96258324,23
109,3,16,0.0362952,0.9637048,23
109,4,8,0.036263093,0.9637369,23
109,5,29,0.03487761,0.9651224,23
110,1,9,0.038172968,0.96182704,23
110,2,2,0.037543435,0.9624566,23
110,3,16,0.036333036,0.963667,23
110,4,8,0.03607045,0.96392953,23
110,5,29,0.034611728,0.9653883,23
111,1,9,0.03829196,0.96170807,23
111,2,2,0.0378027,0.9621973,23
111,3,8,0.036209162,0.96379083,23
111,4,16,0.036072858,0.96392715,23
111,5,1,0.034660444,0.96533954,23
112,1,9,0.038354404,0.9616456,23
112,2,2,0.03779236,0.9622076,23
112,3,8,0.03612176,0.9638782,23
112,4,16,0.035936944,0.96406305,23
112,5,29,0.03457048,0.96542954,23
113,1,9,0.038206242,0.9617938,23
113,2,2,0.03764625,0.96235377,23
113,3,8,0.036164314,0.9638357,23
113,4,16,0.036086857,0.96391314,23
113,5,1,0.034678653,0.96532136,23
114,1,9,0.037953325,0.9620467,23
114,2,2,0.037410736,0.96258926,23
114,3,8,0.036489196,0.9635108,23
114,4,16,0.036200598,0.9637994,23
114,5,29,0.03524973,0.9647503,23
115,1,9,0.03828893,0.96171105,23
115,2,2,0.037635,0.96236503,23
115,3,8,0.036451805,0.9635482,23
115,4,16,0.035887677,0.96411234,23
115,5,29,0.03481925,0.96518075,23
116,1,9,0.03835539,0.9616446,23
116,2,2,0.037739273,0.9622607,23
116,3,8,0.036166195,0.9638338,23
116,4,16,0.036127876,0.96387213,23
116,5,29,0.03476984,0.96523017,23
117,1,9,0.037984528,0.96201545,23
117,2,2,0.037516177,0.9624838,23
117,3,16,0.036414083,0.9635859,23
117,4,8,0.036119014,0.963881,23
117,5,29,0.035052743,0.9649473,23
118,1,9,0.038382508,0.96161747,23
118,2,2,0.037665747,0.9623343,23
118,3,8,0.03622121,0.9637788,23
118,4,16,0.03581432,0.96418566,23
118,5,1,0.03484955,0.9651505,23
119,1,9,0.038236093,0.9617639,23
119,2,2,0.037705943,0.96229404,23
119,3,8,0.036237918,0.9637621,23
119,4,16,0.036140397,0.9638596,23
119,5,29,0.03482798,0.965172,23
120,1,2,0.03822106,0.96177894,23
120,2,9,0.03812285,0.96187717,23
120,3,8,0.03631927,0.96368074,23
120,4,16,0.035810143,0.9641899,23
120,5,1,0.03499793,0.96500206,23
121,1,9,0.03846383,0.96153617,23
121,2,2,0.037960522,0.9620395,23
121,3,8,0.036059108,0.9639409,23
121,4,16,0.035768457,0.96423155,23
121,5,1,0.034537025,0.965463,23
122,1,9,0.038306363,0.96169364,23
122,2,2,0.037715137,0.96228486,23
122,3,8,0.03635959,0.9636404,23
122,4,16,0.035907272,0.96409273,23
122,5,1,0.034932427,0.96506757,23
123,1,9,0.038165983,0.961834,23
123,2,2,0.03782309,0.9621769,23
123,3,8,0.036218133,0.9637819,23
123,4,16,0.035852645,0.9641473,23
123,5,29,0.034791514,0.9652085,23
124,1,9,0.03834826,0.96165174,23
124,2,2,0.03765764,0.9623424,23
124,3,8,0.03615549,0.96384454,23
124,4,16,0.035863318,0.96413666,23
124,5,1,0.034654908,0.9653451,23
125,1,9,0.03827554,0.96172446,23
125,2,2,0.037512396,0.9624876,23
125,3,8,0.036387816,0.9636122,23
125,4,16,0.036024008,0.96397597,23
125,5,1,0.034750678,0.9652493,23
126,1,9,0.038114306,0.9618857,23
126,2,2,0.037724804,0.9622752,23
126,3,8,0.036535036,0.963465,23
126,4,16,0.035965897,0.9640341,23
126,5,1,0.034822065,0.96517795,23
127,1,9,0.03784699,0.962153,23
127,2,2,0.03757203,0.962428,23
127,3,16,0.03642141,0.9635786,23
127,4,8,0.036203217,0.9637968,23
127,5,1,0.03516301,0.964837,23
128,1,9,0.03815462,0.9618454,23
128,2,2,0.037401237,0.96259874,23
128,3,16,0.03646148,0.9635385,23
128,4,8,0.036283378,0.9637166,23
128,5,29,0.034903202,0.9650968,23
129,1,9,0.038291436,0.96170855,23
129,2,2,0.03772003,0.96228,23
129,3,8,0.03621384,0.9637862,23
129,4,16,0.035863392,0.9641366,23
129,5,1,0.03477985,0.96522015,23
130,1,9,0.038371906,0.9616281,23
130,2,2,0.037793443,0.96220654,23
130,3,8,0.03610125,0.9638988,23
130,4,16,0.03596194,0.9640381,23
130,5,29,0.034635674,0.96536434,23
131,1,9,0.038292173,0.96170783,23
131,2,2,0.037784155,0.96221584,23
131,3,8,0.036286335,0.96371365,23
131,4,16,0.035897557,0.96410245,23
131,5,1,0.034788527,0.96521145,23
132,1,9,0.03822516,0.9617748,23
132,2,2,0.03780677,0.96219325,23
132,3,8,0.03643191,0.9635681,23
132,4,16,0.03579421,0.9642058,23
132,5,1,0.03507522,0.96492475,23
133,1,9,0.03812322,0.96187675,23
133,2,2,0.03754928,0.96245074,23
133,3,16,0.0361806,0.9638194,23
133,4,8,0.03616917,0.9638308,23
133,5,29,0.034929484,0.9650705,23
134,1,9,0.038243163,0.9617568,23
134,2,2,0.03762704,0.96237296,23
134,3,8,0.0362676,0.9637324,23
134,4,16,0.035918772,0.9640812,23
134,5,1,0.034757003,0.965243,23
135,1,9,0.038127,0.961873,23
135,2,2,0.037295688,0.9627043,23
135,3,8,0.036526725,0.96347326,23
135,4,16,0.0361409,0.9638591,23
135,5,29,0.035061423,0.9649386,23
136,1,9,0.03805472,0.9619453,23
136,2,2,0.03762569,0.9623743,23
136,3,16,0.036268562,0.9637314,23
136,4,8,0.036037635,0.9639624,23
136,5,29,0.03494315,0.96505684,23
137,1,9,0.038211424,0.9617886,23
137,2,2,0.037671562,0.96232843,23
137,3,8,0.03633686,0.96366316,23
137,4,16,0.035773948,0.96422607,23
137,5,1,0.03496902,0.96503097,23
138,1,9,0.03804454,0.9619555,23
138,2,2,0.037644524,0.9623555,23
138,3,8,0.036169935,0.96383005,23
138,4,16,0.036119923,0.96388006,23
138,5,29,0.034927115,0.9650729,23
139,1,9,0.038072724,0.9619273,23
139,2,2,0.037366334,0.96263367,23
139,3,8,0.036356263,0.9636437,23
139,4,16,0.03626639,0.9637336,23
139,5,29,0.035016626,0.96498334,23
140,1,9,0.038128544,0.96187145,23
140,2,2,0.03749778,0.96250224,23
140,3,8,0.03629018,0.96370983,23
140,4,16,0.036174923,0.9638251,23
140,5,1,0.034774095,0.96522593,23
141,1,9,0.037863046,0.962137,23
141,2,2,0.037715267,0.96228474,23
141,3,16,0.036311608,0.9636884,23
141,4,8,0.036123045,0.96387696,23
141,5,1,0.034923244,0.96507674,23
142,1,9,0.03831313,0.96168685,23
142,2,2,0.037917424,0.96208256,23
142,3,8,0.03621311,0.9637869,23
142,4,16,0.03594299,0.964057,23
142,5,29,0.034594823,0.96540517,23
143,1,9,0.038252894,0.9617471,23
143,2,2,0.03746897,0.96253103,23
143,3,8,0.036259063,0.96374094,23
143,4,16,0.03605702,0.963943,23
143,5,1,0.034886643,0.96511334,23
144,1,9,0.038311116,0.9616889,23
144,2,2,0.03770434,0.96229565,23
144,3,8,0.036264244,0.96373576,23
144,4,16,0.035899963,0.96410006,23
144,5,29,0.034658078,0.9653419,23
145,1,9,0.038627908,0.9613721,23
145,2,2,0.037965376,0.96203464,23
145,3,8,0.036389958,0.96361005,23
145,4,16,0.035631757,0.9643682,23
145,5,1,0.03494648,0.9650535,23
146,1,2,0.03799729,0.9620027,23
146,2,9,0.037953757,0.96204627,23
146,3,8,0.036262687,0.9637373,23
146,4,16,0.035930417,0.9640696,23
146,5,29,0.034893267,0.9651067,23
147,1,9,0.03822663,0.9617734,23
147,2,2,0.037568867,0.96243113,23
147,3,8,0.03619005,0.96380997,23
147,4,16,0.036047358,0.96395266,23
147,5,1,0.034668483,0.9653315,23
148,1,9,0.038259987,0.96174,23
148,2,2,0.037493456,0.96250653,23
148,3,8,0.036248308,0.9637517,23
148,4,16,0.035977297,0.9640227,23
148,5,1,0.0348085,0.9651915,23
149,1,9,0.03846653,0.9615335,23
149,2,2,0.03775553,0.96224445,23
149,3,8,0.036169168,0.9638308,23
149,4,16,0.035983466,0.96401656,23
149,5,1,0.03464435,0.96535563,23
150,1,9,0.038101617,0.9618984,23
150,2,2,0.037488792,0.9625112,23
150,3,8,0.036340248,0.96365976,23
150,4,16,0.0361598,0.9638402,23
150,5,29,0.03498671,0.96501327,23
151,1,9,0.038371835,0.96162814,23
151,2,2,0.037512645,0.96248734,23
151,3,16,0.03617216,0.96382785,23
151,4,8,0.03610443,0.96389556,23
151,5,29,0.03493835,0.96506166,23
152,1,9,0.038203888,0.9617961,23
152,2,2,0.037542526,0.9624575,23
152,3,8,0.03637763,0.9636224,23
152,4,16,0.03597967,0.9640203,23
152,5,1,0.03496554,0.9650345,23
153,1,9,0.038158275,0.9618417,23
153,2,2,0.037759237,0.96224076,23
153,3,8,0.036269385,0.96373063,23
153,4,16,0.03600957,0.96399045,23
153,5,1,0.034690242,0.96530974,23
154,1,9,0.038074907,0.9619251,23
154,2,2,0.037444822,0.96255517,23
154,3,16,0.0363901,0.9636099,23
154,4,8,0.03615482,0.9638452,23
154,5,29,0.034833286,0.9651667,23
155,1,9,0.038160805,0.9618392,23
155,2,2,0.037688285,0.96231174,23
155,3,8,0.03617846,0.96382153,23
155,4,16,0.036131002,0.963869,23
155,5,1,0.034697086,0.96530294,23
156,1,9,0.038158588,0.9618414,23
156,2,2,0.037501056,0.96249896,23
156,3,8,0.036255203,0.9637448,23
156,4,16,0.036102127,0.9638979,23
156,5,1,0.03483344,0.96516657,23
157,1,9,0.038380895,0.9616191,23
157,2,2,0.037533566,0.9624664,23
157,3,8,0.03643451,0.96356547,23
157,4,16,0.035914928,0.9640851,23
157,5,1,0.03488823,0.9651118,23
158,1,9,0.038102258,0.96189773,23
158,2,2,0.037631515,0.9623685,23
158,3,8,0.036358014,0.963642,23
158,4,16,0.03602742,0.96397257,23
158,5,29,0.03480915,0.9651908,23
159,1,9,0.03833822,0.96166176,23
159,2,2,0.03763267,0.96236736,23
159,3,8,0.036181487,0.9638185,23
159,4,16,0.03594755,0.96405244,23
159,5,29,0.034685086,0.9653149,23
160,1,9,0.038160786,0.9618392,23
160,2,2,0.03748043,0.9625196,23
160,3,16,0.036227487,0.96377254,23
160,4,8,0.036070727,0.9639293,23
160,5,29,0.034712106,0.9652879,23
161,1,9,0.038042944,0.96195704,23
161,2,2,0.037479226,0.9625208,23
161,3,8,0.03641526,0.9635847,23
161,4,16,0.036176942,0.9638231,23
161,5,29,0.034982745,0.96501726,23
162,1,9,0.037989195,0.9620108,23
162,2,2,0.037544124,0.96245587,23
162,3,16,0.036436103,0.9635639,23
162,4,8,0.03625,0.96375,23
162,5,29,0.034952193,0.96504784,23
163,1,9,0.03817482,0.9618252,23
163,2,2,0.037538692,0.9624613,23
163,3,8,0.036427405,0.9635726,23
163,4,16,0.03594342,0.9640566,23
163,5,29,0.0348667,0.9651333,23
164,1,9,0.038377102,0.9616229,23
164,2,2,0.0376847,0.9623153,23
164,3,8,0.03638511,0.9636149,23
164,4,16,0.035824645,0.96417534,23
164,5,1,0.03492063,0.96507937,23
165,1,9,0.038189564,0.9618104,23
165,2,2,0.037618462,0.96238154,23
165,3,16,0.0362046,0.9637954,23
165,4,8,0.03615342,0.96384656,23
165,5,29,0.034741253,0.9652587,23
166,1,9,0.03824176,0.96175826,23
166,2,2,0.037959516,0.9620405,23
166,3,8,0.03627892,0.9637211,23
166,4,16,0.03603268,0.9639673,23
166,5,29,0.034720134,0.9652799,23
167,1,9,0.03823879,0.96176124,23
167,2,2,0.03765024,0.9623498,23
167,3,8,0.036177423,0.9638226,23
167,4,16,0.036158193,0.9638418,23
167,5,1,0.03462642,0.9653736,23
168,1,9,0.03839594,0.96160406,23
168,2,2,0.0376437,0.9623563,23
168,3,8,0.03630774,0.96369225,23
168,4,16,0.03589801,0.96410197,23
168,5,1,0.03473739,0.9652626,23
169,1,9,0.038307797,0.9616922,23
169,2,2,0.037948146,0.96205187,23
169,3,8,0.03603541,0.9639646,23
169,4,16,0.035966307,0.9640337,23
169,5,29,0.034624327,0.96537566,23
170,1,9,0.0378584,0.9621416,23
170,2,2,0.037770618,0.9622294,23
170,3,8,0.03631765,0.96368235,23
170,4,16,0.036116403,0.9638836,23
170,5,29,0.035166543,0.96483344,23
171,1,9,0.0379557,0.9620443,23
171,2,2,0.037592713,0.9624073,23
171,3,16,0.036390845,0.96360916,23
171,4,8,0.036086906,0.9639131,23
171,5,29,0.034836523,0.96516347,23
172,1,9,0.038093876,0.96190614,23
172,2,2,0.037695706,0.9623043,23
172,3,8,0.03623735,0.96376264,23
172,4,16,0.036015246,0.9639847,23
172,5,1,0.03472768,0.9652723,23
173,1,9,0.037742104,0.9622579,23
173,2,2,0.03754154,0.9624585,23
173,3,8,0.036426987,0.96357304,23
173,4,16,0.036182113,0.9638179,23
173,5,29,0.035187304,0.9648127,23
174,1,9,0.038248803,0.9617512,23
174,2,2,0.037876476,0.9621235,23
174,3,8,0.036382712,0.96361727,23
174,4,16,0.03570942,0.96429056,23
174,5,1,0.034992035,0.96500796,23
175,1,9,0.038358886,0.96164113,23
175,2,2,0.03781461,0.9621854,23
175,3,8,0.036046904,0.9639531,23
175,4,16,0.035849106,0.9641509,23
175,5,29,0.034665782,0.96533424,23
176,1,9,0.038211003,0.961789,23
176,2,2,0.037617218,0.9623828,23
176,3,8,0.03624594,0.96375406,23
176,4,16,0.03594827,0.9640517,23
176,5,1,0.034848135,0.96515185,23
177,1,9,0.038234927,0.96176505,23
177,2,2,0.037623346,0.96237665,23
177,3,8,0.036289427,0.96371055,23
177,4,16,0.03600141,0.9639986,23
177,5,29,0.034720793,0.9652792,23
178,1,9,0.038334463,0.9616655,23
178,2,2,0.03783034,0.96216965,23
178,3,8,0.036384672,0.9636153,23
178,4,16,0.03588303,0.964117,23
178,5,1,0.034681626,0.9653184,23
179,1,9,0.038212944,0.96178705,23
179,2,2,0.03750801,0.962492,23
179,3,8,0.03623484,0.96376514,23
179,4,16,0.036085278,0.96391475,23
179,5,1,0.034806613,0.9651934,23
180,1,9,0.038433008,0.961567,23
180,2,2,0.03775524,0.96224475,23
180,3,8,0.03614288,0.9638571,23
180,4,16,0.035913963,0.96408606,23
180,5,1,0.03456799,0.965432,23
181,1,9,0.038249712,0.96175027,23
181,2,2,0.037592307,0.9624077,23
181,3,16,0.036218543,0.9637815,23
181,4,8,0.036186628,0.96381336,23
181,5,29,0.03463082,0.96536916,23
182,1,9,0.03810422,0.96189576,23
182,2,2,0.037526824,0.96247315,23
182,3,16,0.036269184,0.9637308,23
182,4,8,0.0361333,0.9638667,23
182,5,29,0.034847677,0.9651523,23
183,1,9,0.0379045,0.9620955,23
183,2,2,0.037696302,0.9623037,23
183,3,8,0.0363568,0.9636432,23
183,4,16,0.03609912,0.96390086,23
183,5,29,0.035046384,0.9649536,23
184,1,9,0.038039148,0.96196085,23
184,2,2,0.037576497,0.9624235,23
184,3,16,0.03628336,0.9637166,23
184,4,8,0.036054242,0.96394575,23
184,5,29,0.035000917,0.9649991,23
185,1,9,0.03815965,0.96184033,23
185,2,2,0.03765382,0.9623462,23
185,3,8,0.03628077,0.96371925,23
185,4,16,0.036094006,0.963906,23
185,5,29,0.03468314,0.96531683,23
186,1,9,0.03808316,0.96191686,23
186,2,2,0.037781663,0.96221834,23
186,3,8,0.036210634,0.96378934,23
186,4,16,0.03591195,0.964088,23
186,5,29,0.034747697,0.9652523,23
187,1,9,0.038090378,0.96190965,23
187,2,2,0.037352327,0.9626477,23
187,3,16,0.036435865,0.96356416,23
187,4,8,0.03615044,0.96384954,23
187,5,29,0.0349669,0.9650331,23
188,1,9,0.038378306,0.9616217,23
188,2,2,0.037262004,0.962738,23
188,3,8,0.036407005,0.963593,23
188,4,16,0.03610413,0.96389586,23
188,5,29,0.034963455,0.9650366,23
189,1,9,0.038303364,0.9616966,23
189,2,2,0.03771453,0.96228546,23
189,3,8,0.036127895,0.9638721,23
189,4,16,0.036009423,0.96399057,23
189,5,1,0.034742337,0.96525764,23
190,1,9,0.038101997,0.961898,23
190,2,2,0.037490863,0.96250916,23
190,3,16,0.036236044,0.96376395,23
190,4,8,0.03621795,0.9637821,23
190,5,29,0.03497286,0.96502715,23
191,1,9,0.03818656,0.96181345,23
191,2,2,0.037736174,0.9622638,23
191,3,8,0.036276247,0.9637238,23
191,4,16,0.03581833,0.96418166,23
191,5,1,0.034747444,0.9652526,23
192,1,9,0.03790087,0.96209913,23
192,2,2,0.03761913,0.9623809,23
192,3,8,0.03644397,0.96355605,23
192,4,16,0.036123224,0.9638768,23
192,5,29,0.035139974,0.96486,23
193,1,9,0.03841972,0.9615803,23
193,2,2,0.037653357,0.9623467,23
193,3,8,0.036289737,0.96371025,23
193,4,16,0.035733055,0.96426696,23
193,5,1,0.034785286,0.9652147,23
194,1,9,0.03864389,0.9613561,23
194,2,2,0.037297238,0.96270275,23
194,3,16,0.036135137,0.96386486,23
194,4,8,0.036056053,0.96394396,23
194,5,29,0.03478769,0.9652123,23
195,1,9,0.038324498,0.9616755,23
195,2,2,0.037814524,0.9621855,23
195,3,8,0.03635266,0.96364737,23
195,4,16,0.03582073,0.9641793,23
195,5,29,0.034682427,0.96531755,23
196,1,9,0.03810242,0.9618976,23
196,2,2,0.03781901,0.962181,23
196,3,8,0.036112994,0.963887,23
196,4,16,0.036046814,0.9639532,23
196,5,29,0.03492101,0.965079,23
197,1,9,0.038274948,0.96172506,23
197,2,2,0.03769959,0.9623004,23
197,3,8,0.03610942,0.96389055,23
197,4,16,0.036032528,0.96396744,23
197,5,29,0.034841467,0.9651585,23
198,1,9,0.038241684,0.9617583,23
198,2,2,0.03755695,0.96244305,23
198,3,8,0.03618995,0.96381,23
198,4,16,0.036090426,0.96390957,23
198,5,29,0.03487835,0.9651216,23
199,1,9,0.03807524,0.9619248,23
199,2,2,0.03770303,0.96229696,23
199,3,8,0.03634813,0.9636519,23
199,4,16,0.036049,0.963951,23
199,5,29,0.034805056,0.96519494,23
200,1,9,0.03810625,0.96189374,23
200,2,2,0.037719987,0.96228004,23
200,3,8,0.036335636,0.96366435,23
200,4,16,0.035919607,0.9640804,23
200,5,1,0.034872774,0.9651272,23
201,1,9,0.03826781,0.9617322,23
201,2,2,0.037640423,0.96235955,23
201,3,8,0.03618582,0.9638142,23
201,4,16,0.035983767,0.96401626,23
201,5,29,0.034725856,0.96527416,23
202,1,9,0.038261764,0.9617382,23
202,2,2,0.0375922,0.9624078,23
202,3,16,0.036163714,0.9638363,23
202,4,8,0.03604781,0.9639522,23
202,5,29,0.034654196,0.9653458,23
203,1,9,0.038196474,0.96180356,23
203,2,2,0.0377648,0.9622352,23
203,3,8,0.036155727,0.9638443,23
203,4,16,0.03612299,0.963877,23
203,5,29,0.03487138,0.9651286,23
204,1,9,0.038704254,0.9612957,23
204,2,2,0.037462767,0.9625372,23
204,3,16,0.03613519,0.9638648,23
204,4,8,0.035863876,0.9641361,23
204,5,29,0.03467092,0.96532905,23
205,1,9,0.038102105,0.9618979,23
205,2,2,0.037926823,0.9620732,23
205,3,8,0.03605812,0.9639419,23
205,4,16,0.03595411,0.9640459,23
205,5,1,0.03469803,0.965302,23
206,1,9,0.038249683,0.9617503,23
206,2,2,0.03738812,0.96261185,23
206,3,8,0.03631777,0.96368223,23
206,4,16,0.036088105,0.9639119,23
206,5,29,0.034759365,0.96524066,23
207,1,9,0.03851894,0.96148103,23
207,2,2,0.037684377,0.9623156,23
207,3,8,0.0361108,0.9638892,23
207,4,16,0.035972156,0.9640278,23
207,5,1,0.03465615,0.96534383,23
208,1,9,0.038136877,0.9618631,23
208,2,2,0.037410893,0.9625891,23
208,3,8,0.03620855,0.96379143,23
208,4,16,0.036066297,0.9639337,23
208,5,29,0.03497151,0.96502846,23
209,1,9,0.038158298,0.9618417,23
209,2,2,0.03759974,0.96240026,23
209,3,8,0.036186524,0.9638135,23
209,4,16,0.03611118,0.9638888,23
209,5,1,0.03471371,0.9652863,23
210,1,9,0.038242962,0.96175706,23
210,2,2,0.037521146,0.9624789,23
210,3,8,0.036259994,0.96374,23
210,4,16,0.03595142,0.96404856,23
210,5,29,0.034754504,0.9652455,23
211,1,9,0.03815289,0.9618471,23
211,2,2,0.037604887,0.96239513,23
211,3,16,0.036197815,0.96380216,23
211,4,8,0.03618938,0.9638106,23
211,5,1,0.034868576,0.9651314,23
212,1,9,0.038351383,0.96164864,23
212,2,2,0.03733256,0.96266747,23
212,3,16,0.036277093,0.9637229,23
212,4,8,0.03598862,0.9640114,23
212,5,29,0.03478989,0.9652101,23
213,1,9,0.03819419,0.9618058,23
213,2,2,0.037535354,0.96246463,23
213,3,8,0.03626267,0.9637373,23
213,4,16,0.036129884,0.9638701,23
213,5,29,0.034943074,0.9650569,23
214,1,9,0.038423732,0.9615763,23
214,2,2,0.03762293,0.9623771,23
214,3,8,0.03643018,0.9635698,23
214,4,16,0.035888497,0.9641115,23
214,5,29,0.03473521,0.9652648,23
215,1,9,0.03823836,0.96176165,23
215,2,2,0.03774656,0.96225345,23
215,3,8,0.03610964,0.9638904,23
215,4,16,0.036070183,0.96392983,23
215,5,29,0.034792498,0.9652075,23
216,1,9,0.03825573,0.96174425,23
216,2,2,0.037922885,0.96207714,23
216,3,8,0.03647284,0.96352714,23
216,4,16,0.035899315,0.96410066,23
216,5,29,0.034737986,0.965262,23
217,1,9,0.038281873,0.96171814,23
217,2,2,0.037703164,0.96229684,23
217,3,8,0.03616567,0.96383435,23
217,4,16,0.03608323,0.9639168,23
217,5,29,0.03472212,0.9652779,23
218,1,9,0.03834982,0.9616502,23
218,2,2,0.037689958,0.96231,23
218,3,8,0.03620704,0.963793,23
218,4,16,0.036009472,0.9639905,23
218,5,29,0.034622137,0.96537787,23
219,1,9,0.03815807,0.96184194,23
219,2,2,0.037916455,0.9620835,23
219,3,8,0.036284667,0.9637153,23
219,4,16,0.035835683,0.9641643,23
219,5,1,0.03501377,0.9649862,23
220,1,9,0.03796992,0.96203005,23
220,2,2,0.03741958,0.96258044,23
220,3,16,0.036482792,0.9635172,23
220,4,8,0.036338054,0.96366197,23
220,5,29,0.034804303,0.9651957,23
221,1,9,0.03814333,0.96185666,23
221,2,2,0.037229925,0.9627701,23
221,3,16,0.036587663,0.96341234,23
221,4,8,0.03606673,0.9639333,23
221,5,29,0.03484798,0.965152,23
222,1,9,0.038299933,0.9617001,23
222,2,2,0.037718777,0.9622812,23
222,3,8,0.036400147,0.96359986,23
222,4,16,0.03586064,0.96413934,23
222,5,29,0.03467425,0.9653258,23
223,1,9,0.038143322,0.96185666,23
223,2,2,0.037561305,0.9624387,23
223,3,8,0.03637885,0.96362114,23
223,4,16,0.03601986,0.96398014,23
223,5,29,0.03485061,0.9651494,23
224,1,9,0.038275756,0.9617242,23
224,2,2,0.03754713,0.9624529,23
224,3,16,0.036167953,0.963832,23
224,4,8,0.036072936,0.9639271,23
224,5,29,0.03491447,0.9650855,23
225,1,9,0.038215287,0.9617847,23
225,2,2,0.03754885,0.96245116,23
225,3,8,0.03621469,0.9637853,23
225,4,16,0.03607193,0.96392804,23
225,5,29,0.034973267,0.96502674,23
226,1,9,0.038123637,0.9618764,23
226,2,2,0.037479945,0.96252006,23
226,3,16,0.036247138,0.96375287,23
226,4,8,0.03620732,0.9637927,23
226,5,29,0.034881458,0.9651185,23
227,1,9,0.038080193,0.9619198,23
227,2,2,0.037495997,0.962504,23
227,3,8,0.036491666,0.9635083,23
227,4,16,0.036025334,0.96397465,23
227,5,29,0.03510081,0.9648992,23
228,1,9,0.038151965,0.961848,23
228,2,2,0.037644267,0.96235573,23
228,3,16,0.03616635,0.96383363,23
228,4,8,0.03612397,0.963876,23
228,5,29,0.03470164,0.96529835,23
229,1,9,0.038234524,0.96176547,23
229,2,2,0.037433635,0.9625664,23
229,3,16,0.03624426,0.9637557,23
229,4,8,0.03623205,0.96376795,23
229,5,29,0.034702726,0.9652973,23
230,1,9,0.038288083,0.96171194,23
230,2,2,0.03765116,0.9623488,23
230,3,8,0.0362465,0.9637535,23
230,4,16,0.036029145,0.96397084,23
230,5,29,0.034696173,0.96530384,23
231,1,9,0.03838925,0.96161073,23
231,2,2,0.037599772,0.9624002,23
231,3,8,0.036156595,0.9638434,23
231,4,16,0.036043882,0.9639561,23
231,5,29,0.03455467,0.96544534,23
232,1,9,0.038100306,0.9618997,23
232,2,2,0.037908968,0.962091,23
232,3,8,0.036098287,0.9639017,23
232,4,16,0.03600572,0.96399426,23
232,5,29,0.0349382,0.9650618,23
233,1,9,0.03864481,0.9613552,23
233,2,2,0.037428703,0.9625713,23
233,3,16,0.03611157,0.9638884,23
233,4,8,0.035979655,0.9640204,23
233,5,29,0.034614556,0.96538544,23
234,1,9,0.038388163,0.96161187,23
234,2,2,0.037731916,0.9622681,23
234,3,8,0.03619849,0.9638015,23
234,4,16,0.035913665,0.96408635,23
234,5,1,0.034735776,0.9652642,23
235,1,9,0.038300958,0.96169907,23
235,2,2,0.03754249,0.96245754,23
235,3,16,0.036266778,0.9637332,23
235,4,8,0.03612135,0.96387863,23
235,5,29,0.034865063,0.9651349,23
236,1,9,0.038369685,0.96163034,23
236,2,2,0.037877288,0.96212274,23
236,3,8,0.036199283,0.9638007,23
236,4,16,0.03598263,0.9640174,23
236,5,1,0.034787007,0.965213,23
237,1,9,0.038337175,0.9616628,23
237,2,2,0.03782217,0.9621778,23
237,3,8,0.03624574,0.96375424,23
237,4,16,0.035848707,0.96415126,23
237,5,1,0.034847878,0.96515214,23
238,1,9,0.038168762,0.9618312,23
238,2,2,0.037495513,0.9625045,23
238,3,8,0.036404476,0.9635955,23
238,4,16,0.036117554,0.96388245,23
238,5,29,0.0347748,0.9652252,23
239,1,9,0.03837949,0.9616205,23
239,2,2,0.037630495,0.9623695,23
239,3,16,0.036202535,0.96379745,23
239,4,8,0.036121733,0.9638783,23
239,5,29,0.03472896,0.96527106,23
240,1,9,0.038097665,0.9619023,23
240,2,2,0.037281033,0.96271896,23
240,3,16,0.03662114,0.96337885,23
240,4,8,0.03621496,0.96378505,23
240,5,29,0.03490498,0.96509504,23
241,1,9,0.038403,0.961597,23
241,2,2,0.03786116,0.96213883,23
241,3,8,0.036038633,0.96396136,23
241,4,16,0.035911296,0.9640887,23
241,5,1,0.034619346,0.96538067,23
242,1,9,0.038233336,0.96176666,23
242,2,2,0.037780624,0.96221936,23
242,3,8,0.036164623,0.96383536,23
242,4,16,0.03604526,0.96395475,23
242,5,1,0.034698803,0.9653012,23
243,1,9,0.038143553,0.9618564,23
243,2,2,0.03789066,0.9621093,23
243,3,8,0.036432467,0.96356755,23
243,4,16,0.035695788,0.9643042,23
243,5,1,0.035081666,0.9649183,23
244,1,9,0.038367935,0.9616321,23
244,2,2,0.037791304,0.9622087,23
244,3,16,0.036181763,0.96381825,23
244,4,8,0.03586838,0.9641316,23
244,5,29,0.03463004,0.96536994,23
245,1,9,0.038084064,0.9619159,23
245,2,2,0.037525583,0.9624744,23
245,3,8,0.03621622,0.9637838,23
245,4,16,0.03621343,0.96378654,23
245,5,29,0.0349032,0.96509683,23
246,1,9,0.037812084,0.9621879,23
246,2,2,0.03745415,0.9625459,23
246,3,8,0.036423557,0.96357644,23
246,4,16,0.036236275,0.9637637,23
246,5,29,0.03515525,0.96484476,23
247,1,9,0.038140934,0.96185905,23
247,2,2,0.03746598,0.962534,23
247,3,16,0.03628704,0.96371293,23
247,4,8,0.03619254,0.96380746,23
247,5,29,0.034820184,0.9651798,23
248,1,9,0.038052328,0.9619477,23
248,2,2,0.03758708,0.9624129,23
248,3,8,0.036247335,0.9637527,23
248,4,16,0.036033414,0.9639666,23
248,5,29,0.03477887,0.9652211,23
249,1,9,0.038486846,0.96151316,23
249,2,2,0.037943635,0.96205634,23
249,3,8,0.03618028,0.96381974,23
249,4,16,0.035706073,0.96429396,23
249,5,1,0.034856267,0.96514374,23
250,1,9,0.038215537,0.9617845,23
250,2,2,0.03755406,0.9624459,23
250,3,16,0.036151916,0.9638481,23
250,4,8,0.036115956,0.96388406,23
250,5,29,0.034870587,0.96512944,23
251,1,9,0.03844756,0.96155244,23
251,2,2,0.037694972,0.962305,23
251,3,8,0.03609595,0.963904,23
251,4,16,0.035895992,0.964104,23
251,5,29,0.034584697,0.9654153,23
252,1,9,0.038493857,0.9615061,23
252,2,2,0.03770014,0.9622999,23
252,3,16,0.036065754,0.96393424,23
252,4,8,0.036064163,0.96393585,23
252,5,29,0.034589984,0.96541,23
253,1,9,0.038462833,0.9615372,23
253,2,2,0.03801192,0.9619881,23
253,3,8,0.036238138,0.96376187,23
253,4,16,0.03573792,0.96426207,23
253,5,1,0.034722604,0.9652774,23
254,1,9,0.038098726,0.96190125,23
254,2,2,0.037752785,0.9622472,23
254,3,8,0.036190625,0.9638094,23
254,4,16,0.036077175,0.9639228,23
254,5,29,0.03484804,0.96515197,23
255,1,9,0.038620703,0.9613793,23
255,2,2,0.037748363,0.96225166,23
255,3,16,0.036042318,0.96395767,23
255,4,8,0.035954993,0.964045,23
255,5,18,0.034694485,0.9653055,23
256,1,9,0.038306884,0.9616931,23
256,2,2,0.037664484,0.9623355,23
256,3,8,0.03627659,0.9637234,23
256,4,16,0.03587825,0.96412176,23
256,5,29,0.034721542,0.96527845,23
257,1,9,0.038281135,0.96171886,23
257,2,2,0.038005013,0.961995,23
257,3,8,0.036075827,0.96392417,23
257,4,16,0.035842195,0.9641578,23
257,5,29,0.03470257,0.96529746,23
258,1,9,0.038352538,0.96164745,23
258,2,2,0.037624393,0.9623756,23
258,3,16,0.036329508,0.9636705,23
258,4,8,0.036044728,0.9639553,23
258,5,29,0.03474471,0.96525526,23
259,1,9,0.03820718,0.9617928,23
259,2,2,0.037641864,0.9623581,23
259,3,16,0.03624118,0.9637588,23
259,4,8,0.036171895,0.9638281,23
259,5,29,0.034715727,0.9652843,23
260,1,9,0.038364954,0.96163505,23
260,2,2,0.03762303,0.96237695,23
260,3,16,0.036138173,0.9638618,23
260,4,8,0.03610344,0.9638966,23
260,5,29,0.034733627,0.96526635,23
261,1,9,0.037986275,0.9620137,23
261,2,2,0.037348293,0.9626517,23
261,3,8,0.036374465,0.96362555,23
261,4,16,0.036132812,0.9638672,23
261,5,29,0.034944374,0.96505564,23
262,1,9,0.038422637,0.96157736,23
262,2,2,0.037255943,0.96274406,23
262,3,16,0.036365565,0.96363443,23
262,4,8,0.03604769,0.9639523,23
262,5,29,0.03474584,0.9652542,23
263,1,9,0.038068496,0.9619315,23
263,2,2,0.0375468,0.9624532,23
263,3,8,0.036355432,0.96364456,23
263,4,16,0.036046747,0.96395326,23
263,5,1,0.03489786,0.96510214,23
264,1,9,0.038468033,0.961532,23
264,2,2,0.037796106,0.9622039,23
264,3,8,0.03613028,0.9638697,23
264,4,16,0.03592803,0.964072,23
264,5,29,0.034536894,0.9654631,23
265,1,9,0.03836769,0.9616323,23
265,2,2,0.03774777,0.96225226,23
265,3,8,0.036169652,0.96383035,23
265,4,16,0.035855148,0.9641448,23
265,5,1,0.034680393,0.96531963,23
266,1,9,0.03819438,0.96180564,23
266,2,2,0.037900787,0.9620992,23
266,3,8,0.036268633,0.96373135,23
266,4,16,0.035863075,0.9641369,23
266,5,1,0.034901723,0.96509826,23
267,1,9,0.037874036,0.96212596,23
267,2,2,0.037748825,0.9622512,23
267,3,16,0.036652047,0.963348,23
267,4,8,0.036088523,0.9639115,23
267,5,29,0.034839824,0.9651602,23
268,1,9,0.038264908,0.96173507,23
268,2,2,0.037445653,0.96255434,23
268,3,8,0.036345918,0.9636541,23
268,4,16,0.036098037,0.96390194,23
268,5,29,0.034815088,0.9651849,23
269,1,9,0.038173087,0.9618269,23
269,2,2,0.037496854,0.96250314,23
269,3,8,0.036233064,0.96376693,23
269,4,16,0.03621911,0.9637809,23
269,5,1,0.034807727,0.96519226,23
270,1,9,0.038433466,0.9615665,23
270,2,2,0.03788967,0.96211034,23
270,3,8,0.036263227,0.9637368,23
270,4,16,0.03578215,0.96421784,23
270,5,1,0.034716185,0.9652838,23
271,1,9,0.03821396,0.96178603,23
271,2,2,0.037593324,0.9624067,23
271,3,8,0.03639447,0.9636055,23
271,4,16,0.035991874,0.96400815,23
271,5,29,0.034842554,0.96515745,23
272,1,9,0.03829477,0.9617052,23
272,2,2,0.03785983,0.96214014,23
272,3,8,0.03640169,0.9635983,23
272,4,16,0.035778135,0.96422184,23
272,5,1,0.0349232,0.9650768,23
273,1,9,0.038141083,0.9618589,23
273,2,2,0.037464328,0.9625357,23
273,3,8,0.03634211,0.9636579,23
273,4,16,0.0361685,0.9638315,23
273,5,29,0.034835365,0.96516466,23
274,1,9,0.03833542,0.96166456,23
274,2,2,0.037612688,0.9623873,23
274,3,8,0.03633374,0.96366626,23
274,4,16,0.03583093,0.9641691,23
274,5,1,0.03507279,0.9649272,23
275,1,9,0.03836484,0.9616352,23
275,2,2,0.03763678,0.96236324,23
275,3,8,0.036224138,0.9637759,23
275,4,16,0.03597229,0.9640277,23
275,5,1,0.0347573,0.9652427,23
276,1,9,0.03815554,0.96184444,23
276,2,2,0.03742013,0.96257985,23
276,3,8,0.03627525,0.96372473,23
276,4,16,0.03609458,0.9639054,23
276,5,1,0.034760065,0.96523994,23
277,1,9,0.03800051,0.9619995,23
277,2,2,0.037646294,0.9623537,23
277,3,8,0.036407497,0.9635925,23
277,4,16,0.035984498,0.9640155,23
277,5,1,0.03496794,0.96503204,23
278,1,9,0.038217407,0.9617826,23
278,2,2,0.037874002,0.962126,23
278,3,8,0.03636705,0.96363294,23
278,4,16,0.03589888,0.96410114,23
278,5,1,0.034799267,0.9652007,23
279,1,9,0.038407143,0.96159285,23
279,2,2,0.037526347,0.96247363,23
279,3,8,0.03625691,0.9637431,23
279,4,16,0.035937134,0.96406287,23
279,5,1,0.034678552,0.9653214,23
280,1,9,0.03807707,0.96192294,23
280,2,2,0.037634622,0.9623654,23
280,3,8,0.036355745,0.96364427,23
280,4,16,0.03606883,0.96393114,23
280,5,1,0.03490319,0.96509683,23
281,1,9,0.03847873,0.96152127,23
281,2,2,0.03767466,0.96232533,23
281,3,8,0.0362577,0.9637423,23
281,4,16,0.03583431,0.9641657,23
281,5,29,0.034596562,0.96540344,23
282,1,9,0.03807277,0.96192724,23
282,2,2,0.03743851,0.9625615,23
282,3,8,0.03627707,0.96372294,23
282,4,16,0.036237657,0.96376234,23
282,5,29,0.03476716,0.96523285,23
283,1,9,0.03830834,0.9616917,23
283,2,2,0.03779017,0.9622098,23
283,3,8,0.036102258,0.96389776,23
283,4,16,0.035999745,0.9640002,23
283,5,29,0.034646485,0.9653535,23
284,1,9,0.038492203,0.9615078,23
284,2,2,0.037706755,0.96229327,23
284,3,8,0.0360921,0.9639079,23
284,4,16,0.03576903,0.96423095,23
284,5,1,0.0349444,0.9650556,23
285,1,9,0.038198248,0.96180177,23
285,2,2,0.03747504,0.96252495,23
285,3,8,0.036377817,0.9636222,23
285,4,16,0.036114212,0.9638858,23
285,5,29,0.034879684,0.9651203,23
286,1,9,0.038095992,0.961904,23
286,2,2,0.03788215,0.96211785,23
286,3,8,0.03633685,0.96366316,23
286,4,16,0.03593827,0.96406174,23
286,5,1,0.03490525,0.96509475,23
287,1,9,0.03838757,0.9616124,23
287,2,2,0.037576146,0.96242386,23
287,3,8,0.036327615,0.9636724,23
287,4,16,0.036035888,0.9639641,23
287,5,29,0.034759235,0.9652408,23
288,1,9,0.038221564,0.96177846,23
288,2,2,0.03737561,0.9626244,23
288,3,8,0.036456756,0.96354324,23
288,4,16,0.035974625,0.9640254,23
288,5,1,0.034875847,0.96512413,23
289,1,9,0.037996415,0.9620036,23
289,2,2,0.03787781,0.9621222,23
289,3,8,0.03632342,0.9636766,23
289,4,16,0.036004093,0.96399593,23
289,5,29,0.034850627,0.9651494,23
290,1,9,0.038304232,0.9616958,23
290,2,2,0.037703164,0.96229684,23
290,3,8,0.03643696,0.963563,23
290,4,16,0.035682533,0.96431744,23
290,5,1,0.034853205,0.9651468,23
291,1,9,0.03836393,0.96163607,23
291,2,2,0.03753573,0.9624643,23
291,3,8,0.036136307,0.9638637,23
291,4,16,0.035952076,0.9640479,23
291,5,1,0.034713693,0.9652863,23
292,1,9,0.038181547,0.96181846,23
292,2,2,0.037776757,0.96222323,23
292,3,8,0.036027655,0.96397233,23
292,4,16,0.035932407,0.9640676,23
292,5,29,0.034696482,0.96530354,23
293,1,9,0.037982367,0.96201766,23
293,2,2,0.03756552,0.9624345,23
293,3,16,0.036351487,0.9636485,23
293,4,8,0.036321618,0.96367836,23
293,5,29,0.034842156,0.96515787,23
294,1,9,0.038259324,0.9617407,23
294,2,2,0.037512463,0.9624875,23
294,3,16,0.036217522,0.9637825,23
294,4,8,0.036187857,0.9638121,23
294,5,29,0.03479029,0.9652097,23
295,1,9,0.03823564,0.96176434,23
295,2,2,0.03767267,0.96232736,23
295,3,8,0.036215812,0.9637842,23
295,4,16,0.0361163,0.9638837,23
295,5,29,0.03481368,0.9651863,23
296,1,9,0.038428396,0.9615716,23
296,2,2,0.0379616,0.9620384,23
296,3,8,0.036186136,0.96381384,23
296,4,16,0.03581154,0.96418846,23
296,5,1,0.03467568,0.96532434,23
297,1,9,0.03816047,0.96183956,23
297,2,2,0.03748445,0.96251553,23
297,3,8,0.036300246,0.96369976,23
297,4,16,0.03600615,0.96399385,23
297,5,1,0.034870893,0.96512914,23
298,1,9,0.038413186,0.96158683,23
298,2,2,0.037852403,0.9621476,23
298,3,8,0.036152408,0.9638476,23
298,4,16,0.036009617,0.9639904,23
298,5,1,0.034787916,0.9652121,23
299,1,9,0.03799108,0.9620089,23
299,2,2,0.03751761,0.9624824,23
299,3,16,0.036294796,0.9637052,23
299,4,8,0.036141768,0.96385825,23
299,5,29,0.034799177,0.96520084,23
300,1,9,0.03805216,0.96194786,23
300,2,2,0.0374211,0.9625789,23
300,3,8,0.03633484,0.9636652,23
300,4,16,0.036242314,0.9637577,23
300,5,29,0.034827918,0.96517205,23
301,1,9,0.038195133,0.96180487,23
301,2,2,0.03775881,0.9622412,23
301,3,8,0.036140006,0.96386,23
301,4,16,0.035981897,0.9640181,23
301,5,29,0.03473741,0.9652626,23
302,1,9,0.038365155,0.9616349,23
302,2,2,0.03729942,0.9627006,23
302,3,8,0.036218647,0.96378136,23
302,4,16,0.0361632,0.9638368,23
302,5,29,0.03470655,0.96529347,23
303,1,9,0.03802355,0.96197647,23
303,2,2,0.0376917,0.9623083,23
303,3,8,0.03623745,0.9637625,23
303,4,16,0.036049593,0.9639504,23
303,5,29,0.034892123,0.96510786,23
304,1,9,0.038107805,0.9618922,23
304,2,2,0.037586793,0.9624132,23
304,3,8,0.036186054,0.96381396,23
304,4,16,0.036179114,0.9638209,23
304,5,29,0.034887295,0.9651127,23
305,1,9,0.03804812,0.96195185,23
305,2,2,0.037442487,0.9625575,23
305,3,16,0.036297556,0.96370244,23
305,4,8,0.036222238,0.9637778,23
305,5,29,0.034913227,0.96508676,23
306,1,9,0.037981097,0.9620189,23
306,2,2,0.0373613,0.9626387,23
306,3,16,0.036557842,0.96344215,23
306,4,8,0.0362404,0.9637596,23
306,5,29,0.03496896,0.965031,23
307,1,9,0.038404938,0.96159506,23
307,2,2,0.037458733,0.9625413,23
307,3,16,0.03628281,0.96371716,23
307,4,8,0.036174662,0.96382535,23
307,5,29,0.03473298,0.965267,23
308,1,9,0.038326334,0.9616737,23
308,2,2,0.037971623,0.9620284,23
308,3,8,0.036256414,0.96374357,23
308,4,16,0.035884656,0.9641153,23
308,5,1,0.034644604,0.9653554,23
309,1,9,0.038552262,0.9614477,23
309,2,2,0.037893135,0.9621069,23
309,3,8,0.036038067,0.96396196,23
309,4,16,0.035815585,0.9641844,23
309,5,1,0.03455141,0.9654486,23
310,1,9,0.038283408,0.9617166,23
310,2,2,0.037783496,0.9622165,23
310,3,8,0.03615327,0.96384674,23
310,4,16,0.036071185,0.9639288,23
310,5,1,0.034763247,0.9652368,23
311,1,9,0.038044292,0.9619557,23
311,2,2,0.037672218,0.9623278,23
311,3,8,0.036381546,0.96361846,23
311,4,16,0.035975907,0.96402407,23
311,5,29,0.03496532,0.96503466,23
312,1,9,0.038365398,0.9616346,23
312,2,2,0.037551958,0.96244806,23
312,3,8,0.03617783,0.9638222,23
312,4,16,0.036068063,0.9639319,23
312,5,29,0.03463224,0.96536773,23
313,1,9,0.03808472,0.96191525,23
313,2,2,0.037434205,0.9625658,23
313,3,16,0.036426123,0.9635739,23
313,4,8,0.036166344,0.96383363,23
313,5,29,0.0349433,0.9650567,23
314,1,9,0.038164005,0.961836,23
314,2,2,0.037505403,0.9624946,23
314,3,8,0.03626559,0.9637344,23
314,4,16,0.036083803,0.9639162,23
314,5,29,0.03489325,0.9651067,23
315,1,9,0.038194396,0.9618056,23
315,2,2,0.03762878,0.96237123,23
315,3,8,0.036377873,0.96362215,23
315,4,16,0.035942487,0.9640575,23
315,5,1,0.03480225,0.96519774,23
316,1,9,0.038357023,0.961643,23
316,2,2,0.037615456,0.9623845,23
316,3,8,0.036287393,0.96371263,23
316,4,16,0.035900164,0.9640998,23
316,5,1,0.034701787,0.96529824,23
317,1,9,0.038442127,0.96155787,23
317,2,2,0.037942756,0.96205723,23
317,3,8,0.036375143,0.96362484,23
317,4,16,0.03576093,0.96423906,23
317,5,1,0.034816284,0.96518373,23
318,1,9,0.037907377,0.96209264,23
318,2,2,0.037500393,0.9624996,23
318,3,16,0.036414184,0.9635858,23
318,4,8,0.036340363,0.96365964,23
318,5,29,0.035188984,0.964811,23
319,1,9,0.037887666,0.9621123,23
319,2,2,0.03770674,0.96229327,23
319,3,8,0.036293406,0.9637066,23
319,4,16,0.036224276,0.96377575,23
319,5,29,0.03512095,0.96487904,23
320,1,9,0.038191594,0.9618084,23
320,2,2,0.037396844,0.96260315,23
320,3,8,0.036369156,0.96363086,23
320,4,16,0.03623585,0.96376413,23
320,5,29,0.034891833,0.96510816,23
321,1,9,0.03804047,0.96195954,23
321,2,2,0.037645344,0.96235466,23
321,3,16,0.0361519,0.9638481,23
321,4,8,0.036103714,0.9638963,23
321,5,29,0.0350356,0.9649644,23
322,1,9,0.038066152,0.96193385,23
322,2,2,0.037960123,0.9620399,23
322,3,8,0.03628548,0.96371454,23
322,4,16,0.035893954,0.964106,23
322,5,29,0.034900397,0.9650996,23
323,1,9,0.0382671,0.9617329,23
323,2,2,0.03787672,0.9621233,23
323,3,8,0.036252093,0.9637479,23
323,4,16,0.035959344,0.96404064,23
323,5,1,0.034627512,0.9653725,23
324,1,9,0.03810261,0.9618974,23
324,2,2,0.03734585,0.9626542,23
324,3,8,0.036256928,0.9637431,23
324,4,16,0.036141366,0.9638586,23
324,5,29,0.03486436,0.96513563,23
325,1,9,0.038606055,0.96139395,23
325,2,2,0.037523545,0.96247643,23
325,3,8,0.03620887,0.96379113,23
325,4,16,0.035915907,0.9640841,23
325,5,29,0.034650203,0.9653498,23
326,1,9,0.038382765,0.96161723,23
326,2,2,0.037824523,0.9621755,23
326,3,8,0.03628367,0.9637163,23
326,4,16,0.035751324,0.96424866,23
326,5,1,0.03481983,0.96518016,23
327,1,9,0.038365226,0.96163476,23
327,2,2,0.038002726,0.9619973,23
327,3,8,0.036303088,0.9636969,23
327,4,16,0.035851512,0.96414846,23
327,5,1,0.03469252,0.9653075,23
328,1,9,0.038245153,0.96175486,23
328,2,2,0.037935864,0.96206415,23
328,3,8,0.036017157,0.9639828,23
328,4,16,0.035933822,0.96406615,23
328,5,1,0.034741167,0.96525884,23
329,1,9,0.038263157,0.96173686,23
329,2,2,0.037502725,0.9624973,23
329,3,8,0.03641022,0.9635898,23
329,4,16,0.03602208,0.96397793,23
329,5,29,0.034841225,0.96515876,23
330,1,9,0.038323276,0.9616767,23
330,2,2,0.037974074,0.96202594,23
330,3,8,0.03604503,0.963955,23
330,4,16,0.035846636,0.96415335,23
330,5,29,0.03476592,0.9652341,23
331,1,9,0.038271252,0.96172875,23
331,2,2,0.037630104,0.9623699,23
331,3,8,0.0361266,0.9638734,23
331,4,16,0.0361204,0.9638796,23
331,5,29,0.034726888,0.96527314,23
332,1,9,0.038336594,0.9616634,23
332,2,2,0.037496503,0.9625035,23
332,3,16,0.036168233,0.9638318,23
332,4,8,0.0360909,0.9639091,23
332,5,29,0.034743324,0.9652567,23
333,1,9,0.038001243,0.96199876,23
333,2,2,0.037448335,0.96255165,23
333,3,8,0.036568955,0.96343106,23
333,4,16,0.036056105,0.9639439,23
333,5,29,0.03509232,0.9649077,23
334,1,9,0.038126655,0.96187335,23
334,2,2,0.037323404,0.9626766,23
334,3,8,0.036591843,0.9634082,23
334,4,16,0.036134236,0.96386576,23
334,5,29,0.03498336,0.96501666,23
335,1,9,0.038095366,0.96190464,23
335,2,2,0.03760402,0.96239597,23
335,3,16,0.036195632,0.96380436,23
335,4,8,0.036083177,0.96391684,23
335,5,1,0.034826096,0.9651739,23
336,1,9,0.038256817,0.9617432,23
336,2,2,0.03767818,0.9623218,23
336,3,8,0.036127407,0.9638726,23
336,4,16,0.036080096,0.9639199,23
336,5,29,0.034692883,0.9653071,23
337,1,9,0.038141865,0.96185815,23
337,2,2,0.037605338,0.96239465,23
337,3,8,0.036284056,0.963716,23
337,4,16,0.036181733,0.96381825,23
337,5,29,0.034743752,0.9652563,23
338,1,9,0.038336866,0.9616631,23
338,2,2,0.037529726,0.9624703,23
338,3,16,0.03620152,0.96379846,23
338,4,8,0.036117863,0.96388215,23
338,5,29,0.03484094,0.96515906,23
339,1,9,0.038075298,0.9619247,23
339,2,2,0.037489697,0.9625103,23
339,3,8,0.036235537,0.9637645,23
339,4,16,0.03619035,0.96380967,23
339,5,29,0.034978293,0.9650217,23
340,1,9,0.038014058,0.96198595,23
340,2,2,0.037504196,0.9624958,23
340,3,16,0.036328644,0.9636713,23
340,4,8,0.036198255,0.96380174,23
340,5,29,0.034929935,0.96507007,23
341,1,9,0.03856973,0.96143025,23
341,2,2,0.03750822,0.96249175,23
341,3,8,0.0363518,0.9636482,23
341,4,16,0.035875656,0.9641243,23
341,5,1,0.034749627,0.9652504,23
342,1,9,0.03848294,0.96151704,23
342,2,2,0.037871707,0.9621283,23
342,3,8,0.036266576,0.96373343,23
342,4,16,0.035823584,0.9641764,23
342,5,1,0.034613233,0.96538675,23
343,1,9,0.038020693,0.9619793,23
343,2,2,0.03754433,0.9624557,23
343,3,8,0.03629882,0.9637012,23
343,4,16,0.036154315,0.9638457,23
343,5,29,0.03516988,0.9648301,23
344,1,9,0.038339585,0.9616604,23
344,2,2,0.037520263,0.9624797,23
344,3,8,0.036291044,0.96370894,23
344,4,16,0.036031615,0.9639684,23
344,5,1,0.03467741,0.9653226,23
345,1,9,0.038200755,0.96179926,23
345,2,2,0.03736939,0.9626306,23
345,3,8,0.036350828,0.96364915,23
345,4,16,0.03626029,0.9637397,23
345,5,29,0.034791764,0.96520823,23
346,1,9,0.03857922,0.9614208,23
346,2,2,0.03728507,0.9627149,23
346,3,16,0.036216762,0.96378326,23
346,4,8,0.036138576,0.9638614,23
346,5,29,0.03475005,0.96524996,23
347,1,9,0.03848139,0.9615186,23
347,2,2,0.037524194,0.9624758,23
347,3,8,0.036196414,0.9638036,23
347,4,16,0.036130242,0.96386975,23
347,5,29,0.034708634,0.9652914,23
348,1,9,0.038114037,0.961886,23
348,2,2,0.037711255,0.96228874,23
348,3,8,0.03639981,0.96360016,23
348,4,16,0.035878763,0.9641212,23
348,5,29,0.034919895,0.9650801,23
349,1,9,0.038053703,0.9619463,23
349,2,2,0.037626676,0.9623733,23
349,3,16,0.036235906,0.9637641,23
349,4,8,0.0359941,0.9640059,23
349,5,29,0.034927204,0.9650728,23
350,1,9,0.0382525,0.9617475,23
350,2,2,0.037610818,0.9623892,23
350,3,8,0.036185168,0.96381485,23
350,4,16,0.036177937,0.96382207,23
350,5,29,0.03471736,0.9652826,23
351,1,9,0.038230825,0.96176916,23
351,2,2,0.037759207,0.9622408,23
351,3,8,0.036284175,0.96371585,23
351,4,16,0.03594942,0.9640506,23
351,5,1,0.034777235,0.9652228,23
352,1,9,0.038020946,0.96197903,23
352,2,2,0.037569612,0.96243036,23
352,3,8,0.036439747,0.9635602,23
352,4,16,0.036061652,0.96393836,23
352,5,1,0.03494072,0.9650593,23
353,1,9,0.03851875,0.9614813,23
353,2,2,0.03729389,0.9627061,23
353,3,8,0.0361522,0.9638478,23
353,4,16,0.03608882,0.9639112,23
353,5,29,0.034813043,0.96518695,23
354,1,9,0.038312305,0.9616877,23
354,2,2,0.03775662,0.9622434,23
354,3,8,0.03612366,0.96387637,23
354,4,16,0.035932504,0.9640675,23
354,5,1,0.034632307,0.9653677,23
355,1,9,0.03834601,0.961654,23
355,2,2,0.03799213,0.9620079,23
355,3,8,0.036166828,0.96383315,23
355,4,16,0.035763662,0.9642363,23
355,5,1,0.034700822,0.9652992,23
356,1,9,0.03815123,0.9618488,23
356,2,2,0.03747813,0.96252185,23
356,3,16,0.036408942,0.96359104,23
356,4,8,0.036083948,0.96391606,23
356,5,1,0.03469362,0.9653064,23
357,1,9,0.03813012,0.9618699,23
357,2,2,0.037628856,0.9623712,23
357,3,8,0.036200996,0.963799,23
357,4,16,0.036169052,0.96383095,23
357,5,29,0.034706496,0.9652935,23
358,1,9,0.0384793,0.9615207,23
358,2,2,0.038056124,0.96194386,23
358,3,8,0.036044948,0.96395504,23
358,4,16,0.0358407,0.9641593,23
358,5,1,0.034533612,0.9654664,23
359,1,9,0.038167305,0.9618327,23
359,2,2,0.03734372,0.96265626,23
359,3,16,0.036422424,0.96357757,23
359,4,8,0.036201797,0.9637982,23
359,5,29,0.034813542,0.9651865,23
360,1,9,0.038493957,0.96150607,23
360,2,2,0.037713625,0.96228635,23
360,3,8,0.03626715,0.96373284,23
360,4,16,0.035755012,0.96424496,23
360,5,1,0.034769427,0.9652306,23
361,1,9,0.03835752,0.9616425,23
361,2,2,0.03777115,0.96222883,23
361,3,8,0.03622768,0.9637723,23
361,4,16,0.035777934,0.9642221,23
361,5,1,0.035035644,0.96496433,23
362,1,9,0.03818545,0.9618145,23
362,2,2,0.0374382,0.9625618,23
362,3,16,0.036243115,0.96375686,23
362,4,8,0.036172062,0.96382797,23
362,5,1,0.034838878,0.96516114,23
363,1,9,0.038120978,0.961879,23
363,2,2,0.037871696,0.9621283,23
363,3,8,0.03624506,0.96375495,23
363,4,16,0.03592392,0.9640761,23
363,5,1,0.034646444,0.96535355,23
364,1,9,0.038144134,0.9618559,23
364,2,2,0.03763198,0.962368,23
364,3,8,0.036212564,0.96378744,23
364,4,16,0.03608353,0.9639165,23
364,5,29,0.03476493,0.96523505,23
365,1,9,0.03826336,0.9617366,23
365,2,2,0.03763144,0.96236855,23
365,3,8,0.036213968,0.963786,23
365,4,16,0.036113825,0.9638862,23
365,5,1,0.034687974,0.965312,23
366,1,9,0.038120814,0.9618792,23
366,2,2,0.037345085,0.9626549,23
366,3,16,0.036384866,0.9636151,23
366,4,8,0.03615359,0.9638464,23
366,5,29,0.03482459,0.9651754,23
367,1,9,0.038101204,0.9618988,23
367,2,2,0.037360717,0.9626393,23
367,3,16,0.036363788,0.9636362,23
367,4,8,0.036253702,0.9637463,23
367,5,29,0.034905583,0.96509445,23
368,1,9,0.038299136,0.96170086,23
368,2,2,0.03761686,0.96238315,23
368,3,8,0.03620082,0.9637992,23
368,4,16,0.03618358,0.9638164,23
368,5,29,0.034701407,0.9652986,23
369,1,9,0.038230706,0.9617693,23
369,2,2,0.037684545,0.96231544,23
369,3,8,0.036331512,0.96366847,23
369,4,16,0.0360003,0.9639997,23
369,5,1,0.03497613,0.9650239,23
370,1,9,0.038095463,0.9619045,23
370,2,2,0.037326694,0.9626733,23
370,3,16,0.036502182,0.9634978,23
370,4,8,0.036247984,0.96375203,23
370,5,29,0.034948926,0.96505105,23
371,1,9,0.038248904,0.9617511,23
371,2,2,0.037442196,0.9625578,23
371,3,8,0.036287937,0.96371204,23
371,4,16,0.03592893,0.9640711,23
371,5,1,0.03469997,0.9653,23
372,1,9,0.038456466,0.96154356,23
372,2,2,0.037757996,0.962242,23
372,3,8,0.03634413,0.9636559,23
372,4,16,0.035711315,0.9642887,23
372,5,1,0.03490616,0.96509385,23
373,1,9,0.038377505,0.9616225,23
373,2,2,0.03751026,0.9624897,23
373,3,8,0.036261134,0.96373886,23
373,4,16,0.035948116,0.9640519,23
373,5,29,0.034633182,0.96536684,23
374,1,9,0.03815089,0.9618491,23
374,2,2,0.037457608,0.9625424,23
374,3,16,0.0362346,0.9637654,23
374,4,8,0.036066342,0.96393365,23
374,5,29,0.0347528,0.9652472,23
375,1,9,0.038148038,0.96185195,23
375,2,2,0.03759374,0.9624063,23
375,3,8,0.036304884,0.9636951,23
375,4,16,0.03613167,0.9638683,23
375,5,29,0.03485003,0.96515,23
376,1,9,0.03815009,0.9618499,23
376,2,2,0.037563823,0.9624362,23
376,3,8,0.036272787,0.96372724,23
376,4,16,0.036026046,0.96397394,23
376,5,29,0.03471484,0.9652852,23
377,1,9,0.03815926,0.96184075,23
377,2,2,0.03788474,0.9621153,23
377,3,8,0.03626938,0.96373063,23
377,4,16,0.03601729,0.9639827,23
377,5,29,0.034795646,0.96520436,23
378,1,9,0.038093172,0.96190685,23
378,2,2,0.037800547,0.96219945,23
378,3,8,0.036300197,0.9636998,23
378,4,16,0.035941433,0.9640586,23
378,5,1,0.03512692,0.9648731,23
379,1,9,0.038086306,0.9619137,23
379,2,2,0.037335917,0.96266407,23
379,3,16,0.03637619,0.9636238,23
379,4,8,0.03627956,0.96372044,23
379,5,29,0.03497519,0.9650248,23
380,1,9,0.038195908,0.9618041,23
380,2,2,0.03772985,0.96227014,23
380,3,8,0.036348023,0.96365196,23
380,4,16,0.035809726,0.96419024,23
380,5,29,0.0347359,0.9652641,23
381,1,9,0.038270313,0.9617297,23
381,2,2,0.037292674,0.96270734,23
381,3,16,0.036303636,0.96369636,23
381,4,8,0.036173083,0.9638269,23
381,5,29,0.034778636,0.96522135,23
382,1,9,0.038158342,0.96184164,23
382,2,2,0.037715495,0.9622845,23
382,3,8,0.03643628,0.96356374,23
382,4,16,0.03602596,0.96397406,23
382,5,29,0.03474416,0.96525586,23
383,1,9,0.038222957,0.96177703,23
383,2,2,0.037951138,0.9620489,23
383,3,8,0.03614257,0.9638574,23
383,4,16,0.03591368,0.9640863,23
383,5,29,0.034820396,0.9651796,23
384,1,9,0.038120102,0.9618799,23
384,2,2,0.03730543,0.9626946,23
384,3,8,0.036315396,0.9636846,23
384,4,16,0.036194846,0.96380514,23
384,5,29,0.034817707,0.9651823,23
385,1,9,0.037943974,0.96205604,23
385,2,2,0.037699334,0.96230066,23
385,3,8,0.036214296,0.9637857,23
385,4,16,0.0360893,0.9639107,23
385,5,29,0.03488593,0.96511406,23
386,1,9,0.03827762,0.9617224,23
386,2,2,0.03770674,0.96229327,23
386,3,8,0.036448896,0.9635511,23
386,4,16,0.035817463,0.96418256,23
386,5,1,0.034860827,0.96513915,23
387,1,9,0.038296945,0.96170306,23
387,2,2,0.03777732,0.9622227,23
387,3,8,0.03614183,0.9638582,23
387,4,16,0.035768714,0.9642313,23
387,5,1,0.035028517,0.9649715,23
388,1,9,0.03826239,0.96173763,23
388,2,2,0.037707623,0.9622924,23
388,3,8,0.036209457,0.96379054,23
388,4,16,0.036083754,0.96391624,23
388,5,29,0.034732334,0.96526766,23
389,1,9,0.038256,0.961744,23
389,2,2,0.037693586,0.96230644,23
389,3,8,0.036370203,0.9636298,23
389,4,16,0.035959803,0.9640402,23
389,5,29,0.03473059,0.9652694,23
390,1,9,0.03779998,0.96220005,23
390,2,2,0.037773453,0.96222657,23
390,3,8,0.036411732,0.96358824,23
390,4,16,0.035942517,0.9640575,23
390,5,29,0.03508967,0.9649103,23
391,1,9,0.03800548,0.9619945,23
391,2,2,0.037475146,0.96252483,23
391,3,8,0.03639573,0.9636043,23
391,4,16,0.036120288,0.9638797,23
391,5,29,0.03499087,0.96500915,23
392,1,9,0.038084734,0.96191525,23
392,2,2,0.037884995,0.962115,23
392,3,16,0.036191676,0.9638083,23
392,4,8,0.036060967,0.963939,23
392,5,29,0.03476199,0.96523803,23
393,1,9,0.038207896,0.9617921,23
393,2,2,0.037321184,0.9626788,23
393,3,16,0.03628771,0.9637123,23
393,4,8,0.036140997,0.963859,23
393,5,29,0.034807697,0.9651923,23
394,1,9,0.038426265,0.9615737,23
394,2,2,0.03783983,0.96216017,23
394,3,8,0.036339253,0.9636607,23
394,4,16,0.03580104,0.96419895,23
394,5,1,0.034638852,0.9653611,23
395,1,9,0.03839336,0.9616066,23
395,2,2,0.03774793,0.9622521,23
395,3,8,0.0363144,0.9636856,23
395,4,16,0.035806935,0.96419305,23
395,5,1,0.034708947,0.965291,23
396,1,9,0.03841471,0.9615853,23
396,2,2,0.037616737,0.9623833,23
396,3,8,0.036286775,0.9637132,23
396,4,16,0.03579102,0.96420896,23
396,5,1,0.034793213,0.9652068,23
397,1,9,0.0380824,0.9619176,23
397,2,2,0.037807208,0.9621928,23
397,3,16,0.03619231,0.9638077,23
397,4,8,0.036160745,0.96383923,23
397,5,29,0.03478712,0.9652129,23
398,1,9,0.038074676,0.9619253,23
398,2,2,0.0375459,0.9624541,23
398,3,8,0.036279682,0.9637203,23
398,4,16,0.036025267,0.9639747,23
398,5,1,0.035239708,0.9647603,23
399,1,9,0.038022757,0.96197724,23
399,2,2,0.037323046,0.96267694,23
399,3,16,0.036360253,0.96363974,23
399,4,8,0.036263995,0.963736,23
399,5,29,0.03509413,0.96490586,23
400,1,9,0.038191535,0.96180844,23
400,2,2,0.037669238,0.96233076,23
400,3,8,0.036345012,0.963655,23
400,4,16,0.03591783,0.9640822,23
400,5,1,0.035123385,0.9648766,23
401,1,9,0.03819726,0.9618027,23
401,2,2,0.037485152,0.9625149,23
401,3,8,0.036327943,0.96367204,23
401,4,16,0.036021776,0.96397823,23
401,5,1,0.03489108,0.96510893,23
402,1,9,0.038223848,0.96177614,23
402,2,2,0.037698682,0.9623013,23
402,3,8,0.03615027,0.9638497,23
402,4,16,0.03606906,0.96393096,23
402,5,29,0.034716677,0.96528333,23
403,1,9,0.03828376,0.96171623,23
403,2,2,0.037314977,0.96268505,23
403,3,8,0.036289122,0.9637109,23
403,4,16,0.036040295,0.9639597,23
403,5,1,0.034976605,0.9650234,23
404,1,9,0.038199387,0.96180063,23
404,2,2,0.03756205,0.9624379,23
404,3,8,0.03615692,0.9638431,23
404,4,16,0.03601837,0.9639816,23
404,5,1,0.03476611,0.96523386,23
405,1,9,0.038202647,0.96179736,23
405,2,2,0.03737196,0.96262807,23
405,3,8,0.03628063,0.96371937,23
405,4,16,0.036194228,0.9638058,23
405,5,29,0.034763902,0.96523607,23
406,1,9,0.038295913,0.9617041,23
406,2,2,0.037579507,0.96242046,23
406,3,8,0.03622646,0.96377355,23
406,4,16,0.036147553,0.96385247,23
406,5,29,0.034722254,0.96527773,23
407,1,9,0.03824775,0.96175224,23
407,2,2,0.037887648,0.96211237,23
407,3,8,0.03631414,0.96368587,23
407,4,16,0.03586412,0.9641359,23
407,5,1,0.034805015,0.965195,23
408,1,9,0.03814375,0.96185625,23
408,2,2,0.03753951,0.9624605,23
408,3,16,0.036118876,0.96388113,23
408,4,8,0.03606108,0.96393895,23
408,5,29,0.03481557,0.96518445,23
409,1,9,0.03832328,0.9616767,23
409,2,2,0.03773496,0.962265,23
409,3,8,0.03629613,0.9637039,23
409,4,16,0.035816785,0.9641832,23
409,5,1,0.034884635,0.96511537,23
410,1,9,0.038154867,0.96184516,23
410,2,2,0.037579022,0.962421,23
410,3,8,0.03627388,0.9637261,23
410,4,16,0.036068838,0.96393114,23
410,5,29,0.03475134,0.96524864,23
411,1,9,0.0381285,0.9618715,23
411,2,2,0.03748656,0.96251345,23
411,3,16,0.0362633,0.9637367,23
411,4,8,0.03624536,0.96375465,23
411,5,29,0.035023157,0.96497685,23
412,1,9,0.03821695,0.96178305,23
412,2,2,0.03750422,0.9624958,23
412,3,8,0.036170222,0.96382976,23
412,4,16,0.03617006,0.96382993,23
412,5,29,0.034748297,0.9652517,23
413,1,9,0.038217526,0.96178246,23
413,2,2,0.037767448,0.96223253,23
413,3,8,0.036229063,0.9637709,23
413,4,16,0.03605547,0.96394455,23
413,5,29,0.034854468,0.9651455,23
414,1,9,0.038204335,0.9617957,23
414,2,2,0.037618935,0.96238106,23
414,3,8,0.036190998,0.963809,23
414,4,16,0.03615735,0.96384263,23
414,5,29,0.034758702,0.9652413,23
415,1,9,0.038231067,0.9617689,23
415,2,2,0.037717335,0.96228266,23
415,3,8,0.036348037,0.96365196,23
415,4,16,0.036033127,0.96396685,23
415,5,29,0.034703344,0.9652966,23
416,1,9,0.0385495,0.9614505,23
416,2,2,0.037725214,0.9622748,23
416,3,8,0.036070008,0.96393,23
416,4,16,0.035941,0.964059,23
416,5,29,0.034600146,0.96539986,23
417,1,9,0.0380615,0.9619385,23
417,2,2,0.037762854,0.9622371,23
417,3,8,0.036367465,0.9636325,23
417,4,16,0.03608307,0.96391696,23
417,5,29,0.03495621,0.9650438,23
418,1,9,0.03836665,0.9616333,23
418,2,2,0.03787971,0.9621203,23
418,3,8,0.036267173,0.96373284,23
418,4,16,0.035881974,0.964118,23
418,5,1,0.034702633,0.96529734,23
419,1,9,0.038177125,0.96182287,23
419,2,2,0.03747506,0.96252495,23
419,3,8,0.03627255,0.9637275,23
419,4,16,0.036143072,0.96385694,23
419,5,1,0.034858745,0.96514124,23
420,1,9,0.038647823,0.96135217,23
420,2,2,0.037559804,0.9624402,23
420,3,8,0.036232643,0.96376735,23
420,4,16,0.03582391,0.96417606,23
420,5,1,0.034701217,0.9652988,23
421,1,9,0.038087,0.961913,23
421,2,2,0.037402987,0.962597,23
421,3,16,0.036438037,0.96356195,23
421,4,8,0.03609668,0.9639033,23
421,5,29,0.034834538,0.96516544,23
422,1,9,0.03831593,0.96168405,23
422,2,2,0.037693627,0.9623064,23
422,3,8,0.03614693,0.96385306,23
422,4,16,0.036137488,0.96386254,23
422,5,29,0.034692705,0.9653073,23
423,1,9,0.03806984,0.96193016,23
423,2,2,0.03761652,0.9623835,23
423,3,8,0.036259145,0.9637408,23
423,4,16,0.036076866,0.96392316,23
423,5,29,0.034751482,0.9652485,23
424,1,9,0.038336486,0.9616635,23
424,2,2,0.037852336,0.96214765,23
424,3,8,0.03615073,0.96384925,23
424,4,16,0.03588137,0.9641186,23
424,5,29,0.034628853,0.96537113,23
425,1,9,0.038154073,0.96184593,23
425,2,2,0.037444822,0.96255517,23
425,3,8,0.036455106,0.9635449,23
425,4,16,0.036268946,0.96373105,23
425,5,29,0.034791406,0.9652086,23
426,1,9,0.038295835,0.96170413,23
426,2,2,0.03739131,0.9626087,23
426,3,8,0.03634937,0.96365064,23
426,4,16,0.036202047,0.9637979,23
426,5,29,0.034767043,0.96523297,23
427,1,9,0.03814042,0.9618596,23
427,2,2,0.03751742,0.9624826,23
427,3,8,0.036243577,0.96375644,23
427,4,16,0.036087055,0.96391296,23
427,5,29,0.03474555,0.9652544,23
428,1,9,0.03833682,0.9616632,23
428,2,2,0.037461337,0.96253866,23
428,3,16,0.036143545,0.96385646,23
428,4,8,0.03608197,0.96391803,23
428,5,29,0.034724955,0.96527505,23
429,1,9,0.038084537,0.9619155,23
429,2,2,0.037497908,0.9625021,23
429,3,16,0.036369767,0.96363026,23
429,4,8,0.036086313,0.9639137,23
429,5,1,0.034892533,0.96510744,23
430,1,9,0.038290817,0.9617092,23
430,2,2,0.037976094,0.9620239,23
430,3,8,0.0362382,0.9637618,23
430,4,16,0.03585757,0.96414244,23
430,5,1,0.034674045,0.96532595,23
431,1,9,0.03812281,0.96187717,23
431,2,2,0.037737835,0.96226215,23
431,3,8,0.03622349,0.9637765,23
431,4,16,0.03607658,0.9639234,23
431,5,29,0.03473089,0.9652691,23
432,1,9,0.03793726,0.9620627,23
432,2,2,0.037739407,0.9622606,23
432,3,8,0.036372032,0.963628,23
432,4,16,0.03588781,0.96411216,23
432,5,29,0.03492599,0.965074,23
433,1,9,0.038394015,0.96160597,23
433,2,2,0.037750736,0.9622493,23
433,3,8,0.03631057,0.96368945,23
433,4,16,0.03588439,0.9641156,23
433,5,1,0.034762625,0.9652374,23
434,1,9,0.03832691,0.9616731,23
434,2,2,0.03737677,0.96262324,23
434,3,8,0.036139958,0.96386003,23
434,4,16,0.036026742,0.9639733,23
434,5,29,0.03465804,0.965342,23
435,1,9,0.038198087,0.9618019,23
435,2,2,0.037586853,0.96241313,23
435,3,16,0.036176845,0.96382314,23
435,4,8,0.03617608,0.9638239,23
435,5,29,0.034761067,0.9652389,23
436,1,9,0.038238533,0.9617615,23
436,2,2,0.0374221,0.9625779,23
436,3,8,0.03632196,0.96367806,23
436,4,16,0.03624314,0.96375686,23
436,5,29,0.034759164,0.96524084,23
437,1,9,0.038457144,0.96154284,23
437,2,2,0.03759175,0.96240824,23
437,3,16,0.036053713,0.9639463,23
437,4,8,0.036019288,0.96398073,23
437,5,1,0.034564234,0.96543574,23
438,1,9,0.038087208,0.9619128,23
438,2,2,0.03733253,0.96266747,23
438,3,16,0.036442276,0.9635577,23
438,4,8,0.03622239,0.9637776,23
438,5,29,0.034855235,0.96514475,23
439,1,9,0.03838368,0.96161634,23
439,2,2,0.03794645,0.96205354,23
439,3,8,0.036047302,0.9639527,23
439,4,16,0.035750322,0.9642497,23
439,5,1,0.0345495,0.9654505,23
440,1,9,0.037923347,0.96207666,23
440,2,2,0.037588805,0.96241117,23
440,3,8,0.036506932,0.96349305,23
440,4,16,0.036092054,0.96390796,23
440,5,29,0.035148796,0.9648512,23
441,1,9,0.038336556,0.9616634,23
441,2,2,0.037527107,0.9624729,23
441,3,8,0.036242053,0.96375793,23
441,4,16,0.036096923,0.96390307,23
441,5,29,0.034767747,0.96523225,23
442,1,9,0.03816024,0.96183974,23
442,2,2,0.037249934,0.9627501,23
442,3,8,0.036257345,0.9637427,23
442,4,16,0.036125142,0.9638749,23
442,5,29,0.034839064,0.96516097,23
443,1,9,0.038196113,0.9618039,23
443,2,2,0.037641402,0.9623586,23
443,3,8,0.03639476,0.9636052,23
443,4,16,0.03602646,0.9639735,23
443,5,29,0.034797672,0.96520233,23
444,1,9,0.038270313,0.9617297,23
444,2,2,0.03741034,0.9625897,23
444,3,16,0.03628657,0.9637134,23
444,4,8,0.036208216,0.9637918,23
444,5,29,0.034821577,0.96517843,23
445,1,9,0.038021863,0.96197814,23
445,2,2,0.037632238,0.9623678,23
445,3,8,0.03626398,0.963736,23
445,4,16,0.036029432,0.96397054,23
445,5,29,0.0348822,0.9651178,23
446,1,9,0.038154777,0.9618452,23
446,2,2,0.037700016,0.9623,23
446,3,8,0.03609406,0.96390593,23
446,4,16,0.03605188,0.96394813,23
446,5,29,0.034655746,0.96534425,23
447,1,9,0.03832565,0.96167433,23
447,2,2,0.03763806,0.96236193,23
447,3,8,0.036457177,0.9635428,23
447,4,16,0.035808623,0.9641914,23
447,5,1,0.03476541,0.9652346,23
448,1,9,0.038548287,0.9614517,23
448,2,2,0.037717994,0.962282,23
448,3,16,0.035977,0.964023,23
448,4,8,0.035976212,0.96402377,23
448,5,18,0.03452409,0.9654759,23
449,1,9,0.038299546,0.96170044,23
449,2,2,0.037899386,0.9621006,23
449,3,8,0.036199972,0.9638,23
449,4,16,0.035985466,0.96401453,23
449,5,29,0.034608036,0.965392,23
450,1,9,0.038341228,0.9616588,23
450,2,2,0.037644718,0.96235526,23
450,3,8,0.03606226,0.96393776,23
450,4,16,0.03600544,0.96399456,23
450,5,29,0.03463974,0.9653603,23
451,1,9,0.037988223,0.96201175,23
451,2,2,0.037771318,0.96222866,23
451,3,8,0.03649197,0.963508,23
451,4,16,0.0359089,0.9640911,23
451,5,29,0.035061892,0.9649381,23
452,1,9,0.038012642,0.9619874,23
452,2,2,0.037645116,0.9623549,23
452,3,8,0.036347926,0.9636521,23
452,4,16,0.03624073,0.96375924,23
452,5,29,0.034955785,0.9650442,23
453,1,9,0.038153943,0.96184605,23
453,2,2,0.037944835,0.96205515,23
453,3,8,0.036216825,0.96378314,23
453,4,16,0.03577016,0.9642298,23
453,5,1,0.034908146,0.9650918,23
454,1,9,0.03824713,0.9617529,23
454,2,2,0.037727337,0.96227264,23
454,3,8,0.03608379,0.9639162,23
454,4,16,0.035978805,0.9640212,23
454,5,29,0.03468286,0.96531713,23
455,1,9,0.038365074,0.96163493,23
455,2,2,0.03767275,0.96232724,23
455,3,8,0.036087766,0.96391225,23
455,4,16,0.036071666,0.96392834,23
455,5,29,0.03466998,0.96533,23
456,1,9,0.03818996,0.96181005,23
456,2,2,0.037503876,0.9624961,23
456,3,8,0.03632627,0.9636737,23
456,4,16,0.036001924,0.9639981,23
456,5,29,0.034806225,0.96519375,23
457,1,9,0.037913363,0.9620866,23
457,2,2,0.037390772,0.96260923,23
457,3,8,0.036336783,0.9636632,23
457,4,16,0.03616793,0.9638321,23
457,5,29,0.035114918,0.96488506,23
458,1,9,0.03832072,0.9616793,23
458,2,2,0.037398886,0.9626011,23
458,3,8,0.03625918,0.9637408,23
458,4,16,0.036057934,0.96394205,23
458,5,29,0.034775894,0.9652241,23
459,1,9,0.03809112,0.9619089,23
459,2,2,0.037497953,0.96250206,23
459,3,8,0.0361978,0.9638022,23
459,4,16,0.03619549,0.9638045,23
459,5,29,0.034810234,0.96518975,23
460,1,9,0.038259607,0.9617404,23
460,2,2,0.037615865,0.9623841,23
460,3,8,0.036303695,0.9636963,23
460,4,16,0.03600492,0.9639951,23
460,5,1,0.03475659,0.9652434,23
461,1,9,0.03798814,0.9620119,23
461,2,2,0.037456136,0.96254385,23
461,3,16,0.03648927,0.96351075,23
461,4,8,0.03619934,0.96380067,23
461,5,29,0.034860317,0.9651397,23
462,1,9,0.038092226,0.96190774,23
462,2,2,0.03725665,0.96274334,23
462,3,16,0.036485028,0.963515,23
462,4,8,0.036249004,0.963751,23
462,5,29,0.034889217,0.9651108,23
463,1,9,0.038552154,0.96144783,23
463,2,2,0.0373786,0.9626214,23
463,3,16,0.03619956,0.96380043,23
463,4,8,0.036103606,0.9638964,23
463,5,29,0.034654405,0.9653456,23
464,1,9,0.038297735,0.9617023,23
464,2,2,0.03792541,0.9620746,23
464,3,8,0.03622444,0.9637756,23
464,4,16,0.035907153,0.96409285,23
464,5,1,0.034748968,0.965251,23
465,1,9,0.03797938,0.96202064,23
465,2,2,0.03744641,0.9625536,23
465,3,16,0.036736574,0.96326345,23
465,4,8,0.036103357,0.96389663,23
465,5,29,0.034864806,0.9651352,23
466,1,9,0.037838988,0.962161,23
466,2,2,0.037802078,0.9621979,23
466,3,8,0.036454853,0.96354514,23
466,4,16,0.035993643,0.96400636,23
466,5,29,0.03526127,0.9647387,23
467,1,9,0.038405687,0.96159434,23
467,2,2,0.03751131,0.9624887,23
467,3,8,0.036336284,0.9636637,23
467,4,16,0.035939217,0.9640608,23
467,5,29,0.034717508,0.9652825,23
468,1,9,0.03827589,0.9617241,23
468,2,2,0.03745562,0.9625444,23
468,3,8,0.036314033,0.963686,23
468,4,16,0.036056437,0.96394354,23
468,5,1,0.034805972,0.96519405,23
469,1,9,0.038083985,0.961916,23
469,2,2,0.037813317,0.9621867,23
469,3,8,0.03620414,0.96379584,23
469,4,16,0.035974532,0.9640255,23
469,5,1,0.034738425,0.9652616,23
470,1,9,0.038016975,0.961983,23
470,2,2,0.037553396,0.96244663,23
470,3,16,0.036243603,0.9637564,23
470,4,8,0.036226645,0.96377337,23
470,5,29,0.034964435,0.96503556,23
471,1,9,0.038240053,0.9617599,23
471,2,2,0.037783388,0.9622166,23
471,3,8,0.036108494,0.9638915,23
471,4,16,0.035926294,0.9640737,23
471,5,1,0.034654826,0.96534514,23
472,1,9,0.03830017,0.96169984,23
472,2,2,0.03769961,0.9623004,23
472,3,8,0.036138795,0.9638612,23
472,4,16,0.036108907,0.9638911,23
472,5,29,0.034633994,0.965366,23
473,1,9,0.03795279,0.9620472,23
473,2,2,0.037638746,0.9623613,23
473,3,16,0.036189735,0.96381027,23
473,4,8,0.03602477,0.96397525,23
473,5,29,0.035157286,0.96484274,23
474,1,9,0.03806345,0.96193653,23
474,2,2,0.037669078,0.96233094,23
474,3,8,0.036264844,0.96373516,23
474,4,16,0.036060847,0.96393913,23
474,5,29,0.03473696,0.965263,23
475,1,9,0.038062483,0.96193755,23
475,2,2,0.03777203,0.96222794,23
475,3,8,0.03627884,0.96372116,23
475,4,16,0.03608262,0.9639174,23
475,5,29,0.034806192,0.9651938,23
476,1,9,0.038009357,0.96199065,23
476,2,2,0.037502017,0.962498,23
476,3,16,0.036390025,0.96361,23
476,4,8,0.03621592,0.9637841,23
476,5,29,0.034884915,0.9651151,23
477,1,9,0.038203705,0.9617963,23
477,2,2,0.037427884,0.9625721,23
477,3,8,0.036353756,0.96364623,23
477,4,16,0.036037132,0.96396285,23
477,5,29,0.034986757,0.96501327,23
478,1,9,0.037997745,0.9620023,23
478,2,2,0.03748543,0.9625146,23
478,3,16,0.036651216,0.9633488,23
478,4,8,0.0361137,0.9638863,23
478,5,29,0.034876358,0.96512365,23
479,1,9,0.038270045,0.96172994,23
479,2,2,0.03723657,0.9627634,23
479,3,8,0.036406707,0.9635933,23
479,4,16,0.03637564,0.96362436,23
479,5,29,0.034988526,0.9650115,23
480,1,9,0.03844224,0.96155775,23
480,2,2,0.037354805,0.9626452,23
480,3,8,0.03626298,0.963737,23
480,4,16,0.03603646,0.9639635,23
480,5,29,0.0347767,0.9652233,23
481,1,9,0.03822494,0.96177506,23
481,2,2,0.037352063,0.9626479,23
481,3,8,0.03657293,0.96342707,23
481,4,16,0.03623533,0.96376467,23
481,5,29,0.034885786,0.96511424,23
482,1,9,0.03842872,0.9615713,23
482,2,2,0.037992947,0.96200705,23
482,3,8,0.036097992,0.963902,23
482,4,16,0.035763994,0.964236,23
482,5,1,0.03461567,0.9653843,23
483,1,9,0.038460627,0.9615394,23
483,2,2,0.03733363,0.9626664,23
483,3,8,0.036245108,0.9637549,23
483,4,16,0.03598178,0.9640182,23
483,5,29,0.03479973,0.96520025,23
484,1,9,0.038391344,0.96160865,23
484,2,2,0.03770857,0.9622914,23
484,3,8,0.036223944,0.96377605,23
484,4,16,0.03582506,0.9641749,23
484,5,29,0.0346302,0.9653698,23
485,1,9,0.038656335,0.96134365,23
485,2,2,0.037884865,0.9621151,23
485,3,8,0.03622818,0.9637718,23
485,4,16,0.03572986,0.9642701,23
485,5,1,0.034550406,0.9654496,23
486,1,9,0.038023163,0.9619768,23
486,2,2,0.03733221,0.96266776,23
486,3,16,0.036528796,0.9634712,23
486,4,8,0.036259927,0.96374005,23
486,5,29,0.03510682,0.96489316,23
487,1,9,0.03816193,0.96183807,23
487,2,2,0.037593517,0.96240646,23
487,3,8,0.036081556,0.96391845,23
487,4,16,0.03600907,0.9639909,23
487,5,1,0.03476251,0.9652375,23
488,1,9,0.0381426,0.9618574,23
488,2,2,0.037526906,0.9624731,23
488,3,16,0.03619584,0.9638042,23
488,4,8,0.036069196,0.9639308,23
488,5,29,0.034796745,0.9652033,23
489,1,9,0.03817149,0.96182853,23
489,2,2,0.03753821,0.96246177,23
489,3,8,0.036371615,0.9636284,23
489,4,16,0.03607162,0.9639284,23
489,5,29,0.03482552,0.9651745,23
490,1,9,0.038446642,0.96155334,23
490,2,2,0.03757688,0.96242315,23
490,3,8,0.03628407,0.9637159,23
490,4,16,0.03591748,0.96408254,23
490,5,1,0.03476973,0.9652303,23
491,1,9,0.038172938,0.96182704,23
491,2,2,0.03773922,0.9622608,23
491,3,8,0.036274835,0.96372515,23
491,4,16,0.035969708,0.96403027,23
491,5,1,0.034810938,0.96518904,23
492,1,9,0.03811584,0.96188414,23
492,2,2,0.037803307,0.9621967,23
492,3,16,0.036157236,0.96384275,23
492,4,8,0.035996743,0.96400326,23
492,5,29,0.034917038,0.96508294,23
493,1,9,0.03817501,0.961825,23
493,2,2,0.037972752,0.96202725,23
493,3,8,0.03635291,0.96364707,23
493,4,16,0.035800673,0.9641993,23
493,5,1,0.034853905,0.96514606,23
494,1,9,0.03801686,0.96198314,23
494,2,2,0.037587885,0.9624121,23
494,3,16,0.036283698,0.9637163,23
494,4,8,0.036107685,0.96389234,23
494,5,29,0.034687117,0.9653129,23
495,1,9,0.038184743,0.96181524,23
495,2,2,0.03768728,0.9623127,23
495,3,8,0.03619365,0.96380633,23
495,4,16,0.03605653,0.9639435,23
495,5,1,0.034763157,0.96523684,23
496,1,9,0.038212042,0.96178794,23
496,2,2,0.03730175,0.9626982,23
496,3,16,0.0365007,0.9634993,23
496,4,8,0.03609858,0.9639014,23
496,5,29,0.03482023,0.9651798,23
497,1,9,0.037983023,0.962017,23
497,2,2,0.037378468,0.9626215,23
497,3,8,0.036252115,0.96374786,23
497,4,16,0.036233556,0.96376646,23
497,5,29,0.034991004,0.965009,23
498,1,9,0.03843608,0.96156394,23
498,2,2,0.037789796,0.9622102,23
498,3,8,0.035969075,0.9640309,23
498,4,16,0.035853297,0.96414673,23
498,5,1,0.03466508,0.9653349,23
499,1,9,0.0381532,0.9618468,23
499,2,2,0.03771779,0.9622822,23
499,3,8,0.036324352,0.9636756,23
499,4,16,0.036026686,0.9639733,23
499,5,1,0.034759354,0.96524066,23
500,1,9,0.038180217,0.96181977,23
500,2,2,0.037555255,0.9624447,23
500,3,8,0.03627075,0.96372926,23
500,4,16,0.036071733,0.9639283,23
500,5,29,0.03470087,0.9652991,23
501,1,9,0.0382231,0.9617769,23
501,2,2,0.037532385,0.9624676,23
501,3,8,0.036315594,0.9636844,23
501,4,16,0.036025386,0.9639746,23
501,5,29,0.034837507,0.9651625,23
502,1,9,0.038444743,0.96155524,23
502,2,2,0.037431277,0.9625687,23
502,3,8,0.036114655,0.96388537,23
502,4,16,0.03611005,0.96388996,23
502,5,29,0.034740657,0.9652593,23
503,1,9,0.038288657,0.96171135,23
503,2,2,0.037499078,0.96250093,23
503,3,8,0.03647604,0.963524,23
503,4,16,0.036048044,0.96395195,23
503,5,29,0.03481377,0.96518624,23
504,1,9,0.0382009,0.9617991,23
504,2,2,0.03765517,0.9623448,23
504,3,16,0.036169652,0.96383035,23
504,4,8,0.036124248,0.9638758,23
504,5,29,0.03496694,0.96503305,23
505,1,9,0.038117893,0.9618821,23
505,2,2,0.0373883,0.9626117,23
505,3,16,0.03649265,0.96350735,23
505,4,8,0.036081992,0.96391803,23
505,5,29,0.03478992,0.9652101,23
506,1,9,0.038595337,0.9614047,23
506,2,2,0.037721694,0.9622783,23
506,3,8,0.035949536,0.9640505,23
506,4,16,0.03594446,0.96405554,23
506,5,18,0.03472176,0.96527827,23
507,1,9,0.038122866,0.9618771,23
507,2,2,0.037465982,0.962534,23
507,3,8,0.03631195,0.9636881,23
507,4,16,0.03607662,0.9639234,23
507,5,29,0.034870427,0.96512955,23
508,1,9,0.038123958,0.96187603,23
508,2,2,0.037269287,0.9627307,23
508,3,8,0.03624262,0.9637574,23
508,4,16,0.03615801,0.963842,23
508,5,1,0.034836713,0.9651633,23
509,1,9,0.038253438,0.9617466,23
509,2,2,0.037752148,0.96224785,23
509,3,16,0.03619854,0.96380144,23
509,4,8,0.036138047,0.96386194,23
509,5,29,0.03458433,0.96541566,23
510,1,9,0.038272668,0.9617273,23
510,2,2,0.037520148,0.9624798,23
510,3,8,0.036334496,0.9636655,23
510,4,16,0.036039706,0.9639603,23
510,5,29,0.034733184,0.9652668,23
511,1,9,0.03794921,0.9620508,23
511,2,2,0.037449695,0.9625503,23
511,3,8,0.03633453,0.9636655,23
511,4,16,0.03621824,0.9637818,23
511,5,29,0.03514141,0.9648586,23
512,1,9,0.03857111,0.9614289,23
512,2,2,0.037676815,0.9623232,23
512,3,8,0.03604852,0.96395147,23
512,4,16,0.036045786,0.9639542,23
512,5,29,0.03464895,0.96535105,23
513,1,9,0.038103867,0.9618961,23
513,2,2,0.03778916,0.96221083,23
513,3,8,0.036122236,0.96387774,23
513,4,16,0.0360693,0.9639307,23
513,5,1,0.034748852,0.96525115,23
514,1,9,0.038010094,0.9619899,23
514,2,2,0.037496556,0.96250343,23
514,3,8,0.036382057,0.9636179,23
514,4,16,0.036198292,0.9638017,23
514,5,29,0.034884386,0.9651156,23
515,1,9,0.038320225,0.96167976,23
515,2,2,0.037755884,0.9622441,23
515,3,8,0.036266,0.96373403,23
515,4,16,0.03604279,0.9639572,23
515,5,1,0.034904696,0.9650953,23
516,1,9,0.038187385,0.9618126,23
516,2,2,0.03733805,0.962662,23
516,3,16,0.03618158,0.96381843,23
516,4,8,0.036072638,0.9639274,23
516,5,1,0.034721605,0.9652784,23
517,1,9,0.03815928,0.96184075,23
517,2,2,0.037475843,0.9625242,23
517,3,16,0.036205508,0.96379447,23
517,4,8,0.036184892,0.9638151,23
517,5,29,0.034921102,0.9650789,23
518,1,9,0.03830695,0.96169305,23
518,2,2,0.037817147,0.9621829,23
518,3,8,0.036165655,0.96383435,23
518,4,16,0.035965018,0.964035,23
518,5,1,0.034799088,0.9652009,23
519,1,9,0.038340762,0.96165925,23
519,2,2,0.037329465,0.96267056,23
519,3,16,0.036323722,0.9636763,23
519,4,8,0.036180962,0.963819,23
519,5,29,0.034770355,0.96522963,23
520,1,9,0.038126875,0.9618731,23
520,2,2,0.037799276,0.9622007,23
520,3,8,0.03630855,0.9636915,23
520,4,16,0.035858385,0.9641416,23
520,5,1,0.03493129,0.9650687,23
521,1,9,0.03842835,0.96157163,23
521,2,2,0.03764844,0.96235156,23
521,3,8,0.036189023,0.963811,23
521,4,16,0.035947464,0.96405256,23
521,5,1,0.03486115,0.96513885,23
522,1,9,0.03806012,0.9619399,23
522,2,2,0.03740398,0.962596,23
522,3,8,0.036263306,0.9637367,23
522,4,16,0.036143176,0.9638568,23
522,5,29,0.034825597,0.9651744,23
523,1,9,0.03835482,0.9616452,23
523,2,2,0.03749379,0.96250623,23
523,3,8,0.036106803,0.9638932,23
523,4,16,0.035941083,0.96405894,23
523,5,1,0.03477484,0.96522516,23
524,1,9,0.03812625,0.96187377,23
524,2,2,0.037377235,0.96262276,23
524,3,8,0.036396295,0.96360373,23
524,4,16,0.036177367,0.9638226,23
524,5,29,0.03502756,0.96497244,23
525,1,9,0.03832722,0.9616728,23
525,2,2,0.037375346,0.96262467,23
525,3,8,0.036395673,0.96360433,23
525,4,16,0.03615393,0.9638461,23
525,5,29,0.03483132,0.96516865,23
526,1,9,0.038261935,0.96173805,23
526,2,2,0.037605274,0.9623947,23
526,3,8,0.036313355,0.96368665,23
526,4,16,0.036047004,0.963953,23
526,5,29,0.03474711,0.9652529,23
527,1,9,0.038110167,0.96188986,23
527,2,2,0.037568886,0.96243113,23
527,3,8,0.036258016,0.96374196,23
527,4,16,0.036137253,0.9638628,23
527,5,29,0.034871217,0.9651288,23
528,1,9,0.038078077,0.96192193,23
528,2,2,0.037438214,0.9625618,23
528,3,8,0.036418255,0.96358174,23
528,4,16,0.03608033,0.96391964,23
528,5,29,0.03520824,0.9647918,23
529,1,9,0.038226105,0.9617739,23
529,2,2,0.038111206,0.9618888,23
529,3,8,0.036226127,0.96377385,23
529,4,16,0.03574996,0.96425,23
529,5,1,0.034854885,0.9651451,23
530,1,9,0.03828665,0.9617134,23
530,2,2,0.03766825,0.9623318,23
530,3,8,0.03623723,0.96376276,23
530,4,16,0.036059946,0.96394,23
530,5,1,0.034920402,0.9650796,23
531,1,9,0.03806673,0.96193326,23
531,2,2,0.03739747,0.96260256,23
531,3,8,0.036412697,0.9635873,23
531,4,16,0.03613156,0.96386844,23
531,5,29,0.0348704,0.9651296,23
532,1,9,0.03831309,0.9616869,23
532,2,2,0.03752601,0.962474,23
532,3,8,0.036278058,0.96372193,23
532,4,16,0.036209244,0.9637908,23
532,5,29,0.034804136,0.9651959,23
533,1,9,0.038135044,0.96186495,23
533,2,2,0.03794404,0.962056,23
533,3,8,0.03626306,0.96373695,23
533,4,16,0.035888333,0.9641117,23
533,5,1,0.03471253,0.96528745,23
534,1,9,0.038079955,0.96192,23
534,2,2,0.037570268,0.96242976,23
534,3,16,0.036356013,0.96364397,23
534,4,8,0.036092453,0.96390754,23
534,5,29,0.0347636,0.9652364,23
535,1,9,0.038366053,0.9616339,23
535,2,2,0.0374083,0.9625917,23
535,3,16,0.03632053,0.9636795,23
535,4,8,0.03618389,0.9638161,23
535,5,29,0.03470035,0.96529967,23
536,1,9,0.038384963,0.961615,23
536,2,2,0.037402745,0.96259725,23
536,3,16,0.03632064,0.9636794,23
536,4,8,0.036267243,0.9637328,23
536,5,29,0.034782086,0.9652179,23
537,1,9,0.03798312,0.9620169,23
537,2,2,0.037520714,0.9624793,23
537,3,16,0.036501985,0.963498,23
537,4,8,0.03630031,0.9636997,23
537,5,29,0.03487919,0.9651208,23
538,1,9,0.038574398,0.9614256,23
538,2,2,0.037455592,0.9625444,23
538,3,8,0.0364938,0.9635062,23
538,4,16,0.035875097,0.9641249,23
538,5,1,0.034861166,0.96513885,23
539,1,9,0.03825665,0.96174335,23
539,2,2,0.03783276,0.96216726,23
539,3,8,0.036414277,0.96358573,23
539,4,16,0.035787635,0.96421236,23
539,5,1,0.03485964,0.96514034,23
540,1,9,0.038369264,0.96163076,23
540,2,2,0.037628863,0.9623711,23
540,3,8,0.03617079,0.9638292,23
540,4,16,0.03604448,0.9639555,23
540,5,29,0.03471802,0.96528196,23
541,1,9,0.038066164,0.96193385,23
541,2,2,0.037646003,0.962354,23
541,3,8,0.036285598,0.9637144,23
541,4,16,0.035997372,0.9640026,23
541,5,29,0.035038456,0.9649615,23
542,1,9,0.038239434,0.9617606,23
542,2,2,0.037724387,0.9622756,23
542,3,8,0.036127426,0.96387255,23
542,4,16,0.03603361,0.96396637,23
542,5,29,0.034643974,0.96535605,23
543,1,9,0.038217064,0.96178293,23
543,2,2,0.03749491,0.9625051,23
543,3,8,0.036224578,0.9637754,23
543,4,16,0.035962757,0.96403724,23
543,5,1,0.034848798,0.9651512,23
544,1,9,0.03810271,0.9618973,23
544,2,2,0.037381154,0.9626188,23
544,3,16,0.03638366,0.9636164,23
544,4,8,0.03617388,0.9638261,23
544,5,29,0.034859788,0.9651402,23
545,1,9,0.03846174,0.96153826,23
545,2,2,0.037566,0.962434,23
545,3,8,0.03615496,0.963845,23
545,4,16,0.036128618,0.96387136,23
545,5,29,0.034731247,0.96526873,23
546,1,9,0.038547125,0.9614529,23
546,2,2,0.0377388,0.9622612,23
546,3,8,0.03607387,0.96392614,23
546,4,16,0.035882954,0.96411705,23
546,5,1,0.034539852,0.9654601,23
547,1,9,0.038227048,0.961773,23
547,2,2,0.03786645,0.9621335,23
547,3,8,0.03634113,0.96365887,23
547,4,16,0.03581239,0.9641876,23
547,5,1,0.03536023,0.9646398,23
548,1,9,0.037993148,0.96200687,23
548,2,2,0.037370276,0.96262974,23
548,3,8,0.036390394,0.9636096,23
548,4,16,0.036295876,0.9637041,23
548,5,29,0.034915928,0.9650841,23
549,1,9,0.03828952,0.96171045,23
549,2,2,0.037833754,0.96216625,23
549,3,8,0.03609275,0.96390724,23
549,4,16,0.035992756,0.96400726,23
549,5,29,0.034818757,0.96518123,23
550,1,9,0.03816793,0.96183205,23
550,2,2,0.03743071,0.9625693,23
550,3,16,0.036314566,0.96368545,23
550,4,8,0.036027085,0.9639729,23
550,5,29,0.034750402,0.9652496,23
551,1,9,0.038052764,0.96194726,23
551,2,2,0.03744986,0.96255016,23
551,3,16,0.036315374,0.9636846,23
551,4,8,0.036208354,0.96379167,23
551,5,29,0.03494424,0.96505576,23
552,1,9,0.03841971,0.9615803,23
552,2,2,0.037466954,0.96253306,23
552,3,8,0.036380723,0.9636193,23
552,4,16,0.036098365,0.96390164,23
552,5,1,0.034818336,0.96518165,23
553,1,9,0.038397275,0.96160275,23
553,2,2,0.037400488,0.9625995,23
553,3,8,0.036240473,0.96375954,23
553,4,16,0.036107253,0.96389276,23
553,5,29,0.03483755,0.96516246,23
554,1,9,0.038262103,0.9617379,23
554,2,2,0.037317082,0.9626829,23
554,3,16,0.03630687,0.96369314,23
554,4,8,0.036078256,0.9639217,23
554,5,29,0.03496095,0.9650391,23
555,1,9,0.038429733,0.96157026,23
555,2,2,0.03745985,0.96254015,23
555,3,8,0.03624304,0.963757,23
555,4,16,0.03608062,0.9639194,23
555,5,29,0.034629565,0.9653704,23
556,1,9,0.038215883,0.9617841,23
556,2,2,0.037784263,0.9622157,23
556,3,8,0.036368974,0.96363103,23
556,4,16,0.035981182,0.9640188,23
556,5,29,0.03480788,0.96519214,23
557,1,9,0.038469993,0.96153,23
557,2,2,0.037209336,0.96279067,23
557,3,16,0.036294986,0.963705,23
557,4,8,0.036189534,0.96381044,23
557,5,29,0.0348191,0.9651809,23
558,1,9,0.038585786,0.9614142,23
558,2,2,0.03788527,0.96211475,23
558,3,8,0.036149032,0.963851,23
558,4,16,0.035864845,0.96413517,23
558,5,29,0.034522347,0.96547765,23
559,1,9,0.038382325,0.96161765,23
559,2,2,0.0376898,0.9623102,23
559,3,8,0.03612385,0.9638761,23
559,4,16,0.036030576,0.9639694,23
559,5,29,0.034733463,0.9652665,23
560,1,9,0.03781191,0.96218807,23
560,2,2,0.037524436,0.96247554,23
560,3,8,0.036318228,0.96368176,23
560,4,16,0.03623595,0.9637641,23
560,5,29,0.034949176,0.9650508,23
561,1,9,0.038436003,0.961564,23
561,2,2,0.037793394,0.9622066,23
561,3,8,0.036298882,0.9637011,23
561,4,16,0.036088623,0.96391135,23
561,5,29,0.034617275,0.9653827,23
562,1,9,0.03793352,0.9620665,23
562,2,2,0.037521034,0.962479,23
562,3,8,0.03635423,0.96364576,23
562,4,16,0.03611778,0.9638822,23
562,5,29,0.035030928,0.9649691,23
563,1,9,0.038184088,0.9618159,23
563,2,2,0.037604276,0.9623957,23
563,3,8,0.036229383,0.9637706,23
563,4,16,0.036117945,0.963882,23
563,5,29,0.034707878,0.9652921,23
564,1,9,0.038144823,0.9618552,23
564,2,2,0.037731197,0.9622688,23
564,3,8,0.03636844,0.9636316,23
564,4,16,0.035950184,0.9640498,23
564,5,1,0.0348963,0.9651037,23
565,1,9,0.038384862,0.96161515,23
565,2,2,0.037342194,0.9626578,23
565,3,8,0.036286097,0.9637139,23
565,4,16,0.036272336,0.96372765,23
565,5,29,0.034767356,0.9652327,23
566,1,9,0.038380004,0.96162,23
566,2,2,0.03756746,0.96243256,23
566,3,8,0.03621181,0.9637882,23
566,4,16,0.035922915,0.9640771,23
566,5,1,0.034661923,0.96533805,23
567,1,9,0.03828871,0.9617113,23
567,2,2,0.037257303,0.9627427,23
567,3,8,0.036270525,0.9637295,23
567,4,16,0.036261193,0.9637388,23
567,5,29,0.03496065,0.9650394,23
568,1,9,0.038019475,0.9619805,23
568,2,2,0.037610088,0.9623899,23
568,3,8,0.03625528,0.9637447,23
568,4,16,0.036182333,0.96381766,23
568,5,29,0.034949377,0.96505064,23
569,1,9,0.038214236,0.9617858,23
569,2,2,0.037679855,0.96232015,23
569,3,16,0.03608518,0.9639148,23
569,4,8,0.03606915,0.96393085,23
569,5,29,0.034797285,0.9652027,23
570,1,9,0.03820847,0.9617915,23
570,2,2,0.03757715,0.96242285,23
570,3,16,0.036276642,0.96372336,23
570,4,8,0.036157466,0.9638425,23
570,5,1,0.034652688,0.9653473,23
571,1,9,0.038176883,0.9618231,23
571,2,2,0.03755294,0.96244705,23
571,3,8,0.03627085,0.96372914,23
571,4,16,0.03605532,0.9639447,23
571,5,29,0.034768693,0.9652313,23
572,1,9,0.038224887,0.9617751,23
572,2,2,0.037754267,0.9622457,23
572,3,8,0.036318224,0.96368176,23
572,4,16,0.035964083,0.9640359,23
572,5,1,0.034789186,0.9652108,23
573,1,9,0.03815392,0.96184605,23
573,2,2,0.03782144,0.9621786,23
573,3,8,0.03618012,0.96381986,23
573,4,16,0.036114987,0.963885,23
573,5,29,0.034708194,0.9652918,23
574,1,9,0.03800296,0.96199703,23
574,2,2,0.03750815,0.96249187,23
574,3,8,0.036399134,0.9636009,23
574,4,16,0.03621651,0.9637835,23
574,5,29,0.03509803,0.964902,23
575,1,9,0.03800657,0.96199346,23
575,2,2,0.037453104,0.9625469,23
575,3,16,0.036590826,0.9634092,23
575,4,8,0.03620587,0.9637941,23
575,5,29,0.034948006,0.965052,23
576,1,9,0.038285807,0.9617142,23
576,2,2,0.037549764,0.96245027,23
576,3,8,0.03621774,0.96378225,23
576,4,16,0.036002353,0.96399766,23
576,5,1,0.03486388,0.9651361,23
577,1,9,0.038237743,0.96176225,23
577,2,2,0.03720271,0.9627973,23
577,3,16,0.036635067,0.96336496,23
577,4,8,0.03618442,0.96381557,23
577,5,29,0.03486394,0.96513605,23
578,1,9,0.038091622,0.9619084,23
578,2,2,0.037701584,0.9622984,23
578,3,8,0.03628432,0.9637157,23
578,4,16,0.035980117,0.9640199,23
578,5,29,0.035078865,0.9649211,23
579,1,9,0.038080733,0.96191925,23
579,2,2,0.03751293,0.9624871,23
579,3,8,0.03616388,0.96383613,23
579,4,16,0.03603464,0.96396536,23
579,5,1,0.035038266,0.9649617,23
580,1,9,0.038252752,0.9617472,23
580,2,2,0.03795816,0.96204185,23
580,3,8,0.03622869,0.9637713,23
580,4,16,0.035897214,0.9641028,23
580,5,1,0.034747507,0.9652525,23
581,1,9,0.038201306,0.96179867,23
581,2,2,0.037846,0.96215403,23
581,3,16,0.036150277,0.9638497,23
581,4,8,0.036088333,0.96391165,23
581,5,29,0.034725174,0.9652748,23
582,1,9,0.038384464,0.96161556,23
582,2,2,0.037660312,0.9623397,23
582,3,8,0.036242377,0.96375763,23
582,4,16,0.035922952,0.96407706,23
582,5,29,0.034745246,0.9652548,23
583,1,9,0.03829129,0.9617087,23
583,2,2,0.037743285,0.9622567,23
583,3,8,0.03632763,0.9636724,23
583,4,16,0.035995953,0.96400404,23
583,5,1,0.034712203,0.9652878,23
584,1,9,0.03808174,0.96191823,23
584,2,2,0.03737533,0.96262467,23
584,3,16,0.03639938,0.96360064,23
584,4,8,0.03618105,0.96381897,23
584,5,29,0.034859568,0.96514046,23
585,1,9,0.03812837,0.9618716,23
585,2,2,0.037452925,0.96254706,23
585,3,16,0.036295205,0.9637048,23
585,4,8,0.036188096,0.9638119,23
585,5,29,0.034704093,0.9652959,23
586,1,9,0.03824215,0.96175784,23
586,2,2,0.03750129,0.9624987,23
586,3,8,0.036350247,0.96364975,23
586,4,16,0.036107857,0.96389216,23
586,5,29,0.0348217,0.9651783,23
587,1,9,0.038123086,0.9618769,23
587,2,2,0.03758571,0.96241426,23
587,3,8,0.036439892,0.9635601,23
587,4,16,0.035986066,0.96401393,23
587,5,1,0.034839347,0.96516067,23
588,1,9,0.03839668,0.96160334,23
588,2,2,0.03782152,0.96217847,23
588,3,8,0.036231905,0.9637681,23
588,4,16,0.03585232,0.9641477,23
588,5,29,0.0346183,0.9653817,23
589,1,9,0.03825217,0.9617478,23
589,2,2,0.037719943,0.96228004,23
589,3,8,0.036148064,0.9638519,23
589,4,16,0.036067154,0.9639329,23
589,5,1,0.034619205,0.9653808,23
590,1,9,0.038520593,0.9614794,23
590,2,2,0.03781049,0.9621895,23
590,3,8,0.036146533,0.9638535,23
590,4,16,0.03586534,0.96413463,23
590,5,1,0.034546256,0.96545374,23
591,1,9,0.038233127,0.9617669,23
591,2,2,0.037873242,0.96212673,23
591,3,8,0.03620973,0.9637903,23
591,4,16,0.035965394,0.9640346,23
591,5,1,0.034663808,0.9653362,23
592,1,9,0.03830594,0.96169406,23
592,2,2,0.037598718,0.9624013,23
592,3,8,0.03645192,0.96354806,23
592,4,16,0.035919677,0.96408033,23
592,5,1,0.0348349,0.9651651,23
593,1,9,0.03834517,0.96165484,23
593,2,2,0.037466466,0.96253353,23
593,3,8,0.0360986,0.9639014,23
593,4,16,0.036021855,0.9639782,23
593,5,29,0.034777563,0.9652224,23
594,1,9,0.03836693,0.9616331,23
594,2,2,0.037622005,0.962378,23
594,3,16,0.036199287,0.9638007,23
594,4,8,0.036077645,0.9639224,23
594,5,29,0.0347283,0.9652717,23
595,1,9,0.03810631,0.9618937,23
595,2,2,0.037633047,0.96236694,23
595,3,16,0.03619873,0.96380126,23
595,4,8,0.036173403,0.9638266,23
595,5,29,0.03473273,0.9652673,23
596,1,9,0.038191516,0.9618085,23
596,2,2,0.037896898,0.9621031,23
596,3,8,0.03617363,0.96382636,23
596,4,16,0.035916626,0.9640834,23
596,5,29,0.03465107,0.96534896,23
597,1,9,0.03808479,0.9619152,23
597,2,2,0.037904166,0.96209586,23
597,3,8,0.036408685,0.96359134,23
597,4,16,0.035949077,0.96405095,23
597,5,1,0.034961857,0.9650381,23
598,1,9,0.03828855,0.96171147,23
598,2,2,0.03768083,0.9623192,23
598,3,8,0.036208633,0.9637914,23
598,4,16,0.036028787,0.9639712,23
598,5,29,0.034653444,0.9653466,23
599,1,9,0.038399294,0.9616007,23
599,2,2,0.0379936,0.9620064,23
599,3,8,0.036264192,0.9637358,23
599,4,16,0.035609063,0.96439093,23
599,5,1,0.035086963,0.964913,23
600,1,9,0.03859258,0.9614074,23
600,2,2,0.037753977,0.962246,23
600,3,8,0.036159053,0.96384096,23
600,4,16,0.036014047,0.963986,23
600,5,29,0.03458481,0.9654152,23
601,1,9,0.03844067,0.96155936,23
601,2,2,0.03737621,0.9626238,23
601,3,16,0.036096673,0.9639033,23
601,4,8,0.03599881,0.9640012,23
601,5,29,0.03465081,0.9653492,23
602,1,9,0.03806189,0.9619381,23
602,2,2,0.03778245,0.96221757,23
602,3,8,0.0363657,0.9636343,23
602,4,16,0.035964925,0.9640351,23
602,5,29,0.034906264,0.96509373,23
603,1,9,0.038429376,0.9615706,23
603,2,2,0.03767707,0.96232295,23
603,3,8,0.03625266,0.9637473,23
603,4,16,0.03598913,0.9640109,23
603,5,29,0.03462534,0.96537465,23
604,1,9,0.03837483,0.96162516,23
604,2,2,0.0377169,0.9622831,23
604,3,8,0.03644261,0.96355736,23
604,4,16,0.035721168,0.9642788,23
604,5,1,0.034823783,0.9651762,23
605,1,9,0.03832021,0.9616798,23
605,2,2,0.037912432,0.9620876,23
605,3,8,0.03612106,0.9638789,23
605,4,16,0.035868317,0.9641317,23
605,5,29,0.034673262,0.9653267,23
606,1,9,0.038231727,0.96176827,23
606,2,2,0.03765446,0.96234554,23
606,3,16,0.03606776,0.9639322,23
606,4,8,0.03601036,0.9639896,23
606,5,29,0.034579813,0.9654202,23
607,1,9,0.038401168,0.9615988,23
607,2,2,0.037960235,0.96203977,23
607,3,8,0.03626942,0.9637306,23
607,4,16,0.03577643,0.96422356,23
607,5,1,0.034942254,0.96505773,23
608,1,9,0.03791754,0.96208245,23
608,2,2,0.037629068,0.96237093,23
608,3,8,0.036488794,0.9635112,23
608,4,16,0.036153577,0.96384645,23
608,5,29,0.034926437,0.9650736,23
609,1,9,0.038029004,0.961971,23
609,2,2,0.03753737,0.9624626,23
609,3,8,0.036233574,0.96376646,23
609,4,16,0.036166474,0.9638335,23
609,5,29,0.034830604,0.96516937,23
610,1,9,0.03803908,0.9619609,23
610,2,2,0.037742134,0.96225786,23
610,3,8,0.036298618,0.96370137,23
610,4,16,0.036061116,0.9639389,23
610,5,29,0.034949616,0.9650504,23
611,1,9,0.038217317,0.9617827,23
611,2,2,0.03782283,0.96217716,23
611,3,8,0.036419887,0.96358013,23
611,4,16,0.035847217,0.9641528,23
611,5,1,0.03514631,0.9648537,23
612,1,9,0.03804295,0.96195704,23
612,2,2,0.037451126,0.96254885,23
612,3,8,0.03634778,0.9636522,23
612,4,16,0.036178514,0.9638215,23
612,5,29,0.03512788,0.9648721,23
613,1,9,0.03846933,0.9615307,23
613,2,2,0.037202585,0.9627974,23
613,3,8,0.036177855,0.9638221,23
613,4,16,0.036088545,0.9639115,23
613,5,29,0.03471768,0.9652823,23
614,1,9,0.038316622,0.9616834,23
614,2,2,0.037260085,0.96273994,23
614,3,8,0.03617673,0.96382326,23
614,4,16,0.03614512,0.9638549,23
614,5,1,0.03476524,0.96523476,23
615,1,9,0.038152277,0.9618477,23
615,2,2,0.03758378,0.96241623,23
615,3,8,0.036220305,0.9637797,23
615,4,16,0.03596083,0.96403915,23
615,5,1,0.03486846,0.9651315,23
616,1,9,0.03802985,0.96197015,23
616,2,2,0.03758019,0.9624198,23
616,3,16,0.036276866,0.9637231,23
616,4,8,0.036272373,0.96372765,23
616,5,1,0.034829184,0.9651708,23
617,1,9,0.038195904,0.9618041,23
617,2,2,0.037424635,0.9625754,23
617,3,16,0.036225818,0.9637742,23
617,4,8,0.03618086,0.96381915,23
617,5,29,0.0347345,0.9652655,23
618,1,9,0.038269013,0.96173096,23
618,2,2,0.03784552,0.9621545,23
618,3,8,0.0361538,0.9638462,23
618,4,16,0.035874907,0.9641251,23
618,5,1,0.03491154,0.9650885,23
619,1,9,0.0380559,0.9619441,23
619,2,2,0.037467323,0.9625327,23
619,3,16,0.03636694,0.96363306,23
619,4,8,0.036212802,0.9637872,23
619,5,29,0.03488068,0.9651193,23
620,1,9,0.03804282,0.96195716,23
620,2,2,0.037549473,0.9624505,23
620,3,8,0.036387734,0.96361226,23
620,4,16,0.036275323,0.9637247,23
620,5,29,0.03476214,0.96523786,23
621,1,9,0.03842563,0.9615744,23
621,2,2,0.037834663,0.96216536,23
621,3,8,0.036356166,0.96364385,23
621,4,16,0.035834387,0.9641656,23
621,5,1,0.03490987,0.96509016,23
622,1,9,0.03831113,0.9616889,23
622,2,2,0.03789906,0.9621009,23
622,3,8,0.03594192,0.9640581,23
622,4,16,0.035849106,0.9641509,23
622,5,1,0.034617297,0.9653827,23
623,1,9,0.03815618,0.96184385,23
623,2,2,0.037567172,0.9624328,23
623,3,16,0.03633115,0.9636688,23
623,4,8,0.036165178,0.9638348,23
623,5,29,0.034776628,0.9652234,23
624,1,9,0.038199756,0.9618002,23
624,2,2,0.037632633,0.96236736,23
624,3,8,0.03614856,0.96385145,23
624,4,16,0.036012568,0.9639874,23
624,5,1,0.034743175,0.9652568,23
625,1,9,0.038311865,0.96168816,23
625,2,2,0.0377415,0.9622585,23
625,3,8,0.036227114,0.9637729,23
625,4,16,0.035894237,0.9641058,23
625,5,1,0.034685075,0.9653149,23
626,1,9,0.038406912,0.9615931,23
626,2,2,0.03758584,0.96241415,23
626,3,8,0.036122244,0.96387774,23
626,4,16,0.03599659,0.9640034,23
626,5,29,0.034700356,0.96529967,23
627,1,9,0.037986603,0.9620134,23
627,2,2,0.037764166,0.9622358,23
627,3,16,0.03620404,0.96379596,23
627,4,8,0.036082283,0.96391773,23
627,5,29,0.034816083,0.9651839,23
628,1,9,0.038205758,0.96179426,23
628,2,2,0.037569728,0.9624303,23
628,3,8,0.036241353,0.96375865,23
628,4,16,0.036033195,0.9639668,23
628,5,1,0.03482633,0.96517366,23
629,1,9,0.0380839,0.9619161,23
629,2,2,0.037484515,0.9625155,23
629,3,16,0.036275264,0.96372473,23
629,4,8,0.03605973,0.96394026,23
629,5,29,0.03477688,0.96522313,23
630,1,9,0.038072098,0.9619279,23
630,2,2,0.037321124,0.96267885,23
630,3,16,0.036362834,0.9636372,23
630,4,8,0.036213282,0.9637867,23
630,5,29,0.034846857,0.96515316,23
631,1,9,0.03837463,0.9616254,23
631,2,2,0.03722191,0.9627781,23
631,3,16,0.036316246,0.9636837,23
631,4,8,0.03605721,0.96394277,23
631,5,29,0.034750678,0.9652493,23
632,1,9,0.038115058,0.9618849,23
632,2,2,0.037421778,0.96257824,23
632,3,8,0.03625272,0.96374726,23
632,4,16,0.036211204,0.9637888,23
632,5,29,0.034896128,0.96510386,23
633,1,9,0.038324825,0.96167517,23
633,2,2,0.03767309,0.9623269,23
633,3,8,0.036304276,0.9636957,23
633,4,16,0.035960317,0.9640397,23
633,5,1,0.034752123,0.96524787,23
634,1,9,0.038305424,0.9616946,23
634,2,2,0.037446566,0.96255344,23
634,3,8,0.036347188,0.9636528,23
634,4,16,0.035990715,0.9640093,23
634,5,1,0.03479247,0.9652075,23
635,1,9,0.03817005,0.96182996,23
635,2,2,0.037804775,0.9621952,23
635,3,16,0.036095906,0.9639041,23
635,4,8,0.03603527,0.9639647,23
635,5,29,0.034637015,0.96536297,23
636,1,9,0.038046278,0.9619537,23
636,2,2,0.037438247,0.9625617,23
636,3,8,0.03650749,0.9634925,23
636,4,16,0.036169864,0.9638301,23
636,5,29,0.034920037,0.96507996,23
637,1,9,0.038158376,0.96184164,23
637,2,2,0.037439685,0.9625603,23
637,3,8,0.036483455,0.96351653,23
637,4,16,0.036113024,0.963887,23
637,5,29,0.034789402,0.9652106,23
638,1,9,0.038226735,0.9617733,23
638,2,2,0.037657432,0.96234256,23
638,3,8,0.036328927,0.9636711,23
638,4,16,0.035894085,0.9641059,23
638,5,1,0.03484685,0.96515316,23
639,1,9,0.038150396,0.96184963,23
639,2,2,0.037632536,0.9623675,23
639,3,8,0.036257267,0.96374273,23
639,4,16,0.036040228,0.96395975,23
639,5,1,0.034789275,0.96521074,23
640,1,9,0.038256295,0.9617437,23
640,2,2,0.03754697,0.962453,23
640,3,16,0.03626295,0.9637371,23
640,4,8,0.0360701,0.9639299,23
640,5,29,0.034682915,0.9653171,23
641,1,9,0.0380449,0.9619551,23
641,2,2,0.0376104,0.9623896,23
641,3,8,0.03631082,0.9636892,23
641,4,16,0.036149856,0.96385014,23
641,5,29,0.035057917,0.9649421,23
642,1,9,0.03816825,0.96183175,23
642,2,2,0.037392892,0.9626071,23
642,3,16,0.0363789,0.9636211,23
642,4,8,0.036146127,0.9638539,23
642,5,29,0.03493697,0.96506304,23
643,1,9,0.03821889,0.9617811,23
643,2,2,0.03725946,0.96274054,23
643,3,16,0.036412288,0.9635877,23
643,4,8,0.03622348,0.9637765,23
643,5,29,0.034861065,0.9651389,23
644,1,9,0.037879504,0.9621205,23
644,2,2,0.03747803,0.962522,23
644,3,8,0.036293946,0.9637061,23
644,4,16,0.036174625,0.96382535,23
644,5,29,0.034907863,0.9650921,23
645,1,9,0.038042065,0.96195793,23
645,2,2,0.03779348,0.96220654,23
645,3,8,0.0363681,0.96363187,23
645,4,16,0.036017407,0.9639826,23
645,5,29,0.03496673,0.9650333,23
646,1,9,0.038111284,0.96188873,23
646,2,2,0.03759955,0.96240044,23
646,3,16,0.036130797,0.9638692,23
646,4,8,0.036106423,0.9638936,23
646,5,29,0.03503904,0.96496093,23
647,1,9,0.038204666,0.96179533,23
647,2,2,0.03794834,0.96205163,23
647,3,8,0.03606451,0.9639355,23
647,4,16,0.03584338,0.9641566,23
647,5,29,0.034660187,0.96533984,23
648,1,9,0.038627848,0.96137214,23
648,2,2,0.03751003,0.96248996,23
648,3,8,0.036233094,0.96376693,23
648,4,16,0.036071032,0.96392894,23
648,5,29,0.03465164,0.96534836,23
649,1,9,0.038383484,0.9616165,23
649,2,2,0.03786911,0.9621309,23
649,3,8,0.036154266,0.96384573,23
649,4,16,0.03596328,0.9640367,23
649,5,29,0.034557052,0.96544296,23
650,1,9,0.038517565,0.9614824,23
650,2,2,0.03745026,0.96254975,23
650,3,8,0.03634056,0.96365947,23
650,4,16,0.035830382,0.9641696,23
650,5,1,0.035043195,0.9649568,23
651,1,9,0.03834609,0.9616539,23
651,2,2,0.03755961,0.9624404,23
651,3,8,0.03626789,0.9637321,23
651,4,16,0.035953686,0.9640463,23
651,5,1,0.034768008,0.965232,23
652,1,9,0.03791829,0.96208173,23
652,2,2,0.037874497,0.9621255,23
652,3,8,0.036255967,0.96374404,23
652,4,16,0.035927095,0.9640729,23
652,5,1,0.034906156,0.96509385,23
653,1,9,0.03833135,0.96166867,23
653,2,2,0.037369408,0.96263057,23
653,3,8,0.03632337,0.96367663,23
653,4,16,0.03611309,0.9638869,23
653,5,1,0.034759898,0.9652401,23
654,1,9,0.038371034,0.961629,23
654,2,2,0.037803687,0.9621963,23
654,3,16,0.035972446,0.9640275,23
654,4,8,0.035920326,0.9640797,23
654,5,18,0.034565475,0.96543455,23
655,1,9,0.038334943,0.96166503,23
655,2,2,0.03784736,0.96215266,23
655,3,8,0.035998702,0.9640013,23
655,4,16,0.035837155,0.9641628,23
655,5,29,0.034563698,0.9654363,23
656,1,9,0.03845019,0.9615498,23
656,2,2,0.037831478,0.9621685,23
656,3,8,0.036301333,0.9636987,23
656,4,16,0.035872947,0.96412706,23
656,5,1,0.034656312,0.9653437,23
657,1,9,0.037994776,0.9620052,23
657,2,2,0.037491873,0.96250814,23
657,3,16,0.036254205,0.9637458,23
657,4,8,0.0362017,0.9637983,23
657,5,29,0.034832712,0.9651673,23
658,1,9,0.038268197,0.9617318,23
658,2,2,0.037781592,0.9622184,23
658,3,8,0.036306825,0.9636932,23
658,4,16,0.03576096,0.96423906,23
658,5,1,0.034784984,0.965215,23
659,1,9,0.03816298,0.961837,23
659,2,2,0.03747638,0.96252364,23
659,3,16,0.036205668,0.96379435,23
659,4,8,0.036124855,0.9638752,23
659,5,29,0.03478388,0.9652161,23
660,1,9,0.038361046,0.9616389,23
660,2,2,0.038015105,0.9619849,23
660,3,8,0.03613324,0.9638668,23
660,4,16,0.035850402,0.9641496,23
660,5,1,0.034644496,0.9653555,23
661,1,9,0.037727833,0.96227217,23
661,2,2,0.037538443,0.96246153,23
661,3,8,0.036376037,0.96362394,23
661,4,16,0.036225475,0.9637745,23
661,5,29,0.035210572,0.96478945,23
662,1,9,0.038302414,0.9616976,23
662,2,2,0.03801587,0.96198416,23
662,3,8,0.0362993,0.9637007,23
662,4,16,0.035835043,0.964165,23
662,5,1,0.034677796,0.9653222,23
663,1,9,0.038500424,0.9614996,23
663,2,2,0.037468657,0.9625313,23
663,3,8,0.03626271,0.9637373,23
663,4,16,0.03590667,0.9640933,23
663,5,1,0.03480328,0.9651967,23
664,1,9,0.03827137,0.96172863,23
664,2,2,0.03748428,0.9625157,23
664,3,8,0.03634626,0.96365374,23
664,4,16,0.03614566,0.9638543,23
664,5,29,0.03482121,0.9651788,23
665,1,9,0.037996743,0.96200323,23
665,2,2,0.03744984,0.96255016,23
665,3,8,0.036457177,0.9635428,23
665,4,16,0.036307022,0.96369296,23
665,5,29,0.035099853,0.96490014,23
666,1,9,0.038331922,0.9616681,23
666,2,2,0.037305083,0.96269494,23
666,3,16,0.03644128,0.96355873,23
666,4,8,0.03603982,0.9639602,23
666,5,29,0.034844786,0.96515524,23
667,1,9,0.03831336,0.9616866,23
667,2,2,0.037564315,0.96243566,23
667,3,8,0.036365014,0.96363497,23
667,4,16,0.03586682,0.9641332,23
667,5,1,0.03488128,0.9651187,23
668,1,9,0.03802452,0.96197546,23
668,2,2,0.037500218,0.9624998,23
668,3,8,0.03639758,0.9636024,23
668,4,16,0.036146462,0.96385354,23
668,5,29,0.034968514,0.9650315,23
669,1,9,0.038114313,0.9618857,23
669,2,2,0.037398152,0.96260184,23
669,3,8,0.036369458,0.96363056,23
669,4,16,0.0362357,0.9637643,23
669,5,29,0.034899604,0.9651004,23
670,1,9,0.038320195,0.9616798,23
670,2,2,0.037675228,0.9623248,23
670,3,8,0.03617654,0.96382344,23
670,4,16,0.03607705,0.963923,23
670,5,29,0.034636587,0.9653634,23
671,1,9,0.038342662,0.96165735,23
671,2,2,0.03739614,0.96260387,23
671,3,8,0.036392666,0.9636073,23
671,4,16,0.03609608,0.9639039,23
671,5,29,0.034785036,0.96521497,23
672,1,2,0.037968762,0.96203125,23
672,2,9,0.03795962,0.96204036,23
672,3,8,0.036332063,0.9636679,23
672,4,16,0.035871375,0.9641286,23
672,5,1,0.035111528,0.96488845,23
673,1,9,0.03837889,0.9616211,23
673,2,2,0.037992842,0.96200716,23
673,3,8,0.036260698,0.9637393,23
673,4,16,0.03569741,0.9643026,23
673,5,1,0.034768626,0.96523136,23
674,1,9,0.038199957,0.96180004,23
674,2,2,0.037764415,0.96223557,23
674,3,16,0.03616893,0.96383107,23
674,4,8,0.036090016,0.96391,23
674,5,29,0.0347036,0.9652964,23
675,1,9,0.03841451,0.96158546,23
675,2,2,0.03767506,0.9623249,23
675,3,8,0.036001593,0.96399844,23
675,4,16,0.03596391,0.9640361,23
675,5,1,0.03466628,0.9653337,23
676,1,9,0.038228743,0.96177125,23
676,2,2,0.037443746,0.96255624,23
676,3,16,0.03618637,0.9638136,23
676,4,8,0.036070086,0.9639299,23
676,5,29,0.034769744,0.9652302,23
677,1,9,0.038105518,0.9618945,23
677,2,2,0.037410986,0.962589,23
677,3,8,0.036427688,0.9635723,23
677,4,16,0.036123514,0.9638765,23
677,5,29,0.034868486,0.9651315,23
678,1,9,0.038153224,0.96184677,23
678,2,2,0.037481595,0.9625184,23
678,3,8,0.03647532,0.9635247,23
678,4,16,0.03612982,0.96387017,23
678,5,29,0.03483957,0.9651604,23
679,1,9,0.038054265,0.9619457,23
679,2,2,0.037923105,0.9620769,23
679,3,8,0.0361739,0.9638261,23
679,4,16,0.036111344,0.96388865,23
679,5,29,0.034642827,0.9653572,23
680,1,9,0.038009968,0.96199006,23
680,2,2,0.03760487,0.96239513,23
680,3,8,0.036232524,0.96376747,23
680,4,16,0.036223926,0.96377605,23
680,5,29,0.03481944,0.9651806,23
681,1,9,0.03826017,0.96173984,23
681,2,2,0.038043913,0.9619561,23
681,3,8,0.03615628,0.9638437,23
681,4,16,0.03576511,0.9642349,23
681,5,1,0.03481744,0.96518254,23
682,1,9,0.038225733,0.9617743,23
682,2,2,0.03777648,0.96222353,23
682,3,8,0.036276888,0.9637231,23
682,4,16,0.035825968,0.96417403,23
682,5,1,0.034776106,0.9652239,23
683,1,9,0.03834203,0.961658,23
683,2,2,0.03778101,0.962219,23
683,3,8,0.0362448,0.9637552,23
683,4,16,0.035963513,0.96403646,23
683,5,1,0.03464141,0.9653586,23
684,1,9,0.038206644,0.96179336,23
684,2,2,0.037837803,0.9621622,23
684,3,8,0.03642922,0.9635708,23
684,4,16,0.03571829,0.96428174,23
684,5,1,0.034937803,0.9650622,23
685,1,9,0.038140878,0.9618591,23
685,2,2,0.037458304,0.9625417,23
685,3,8,0.036322337,0.96367764,23
685,4,16,0.036150247,0.9638498,23
685,5,29,0.034789488,0.9652105,23
686,1,9,0.038188215,0.9618118,23
686,2,2,0.037481725,0.9625183,23
686,3,8,0.036468882,0.96353114,23
686,4,16,0.03579842,0.96420157,23
686,5,1,0.035072222,0.9649278,23
687,1,9,0.038735215,0.9612648,23
687,2,2,0.037495438,0.96250457,23
687,3,16,0.036105834,0.9638942,23
687,4,8,0.036009926,0.9639901,23
687,5,29,0.034653045,0.96534693,23
688,1,9,0.038215663,0.96178436,23
688,2,2,0.03759126,0.9624087,23
688,3,16,0.036196727,0.9638033,23
688,4,8,0.036193497,0.9638065,23
688,5,1,0.03473789,0.9652621,23
689,1,9,0.038211897,0.9617881,23
689,2,2,0.03761743,0.96238256,23
689,3,8,0.03620936,0.96379066,23
689,4,16,0.036106627,0.96389335,23
689,5,1,0.0347179,0.9652821,23
690,1,9,0.03827441,0.9617256,23
690,2,2,0.03752767,0.9624723,23
690,3,8,0.036232505,0.96376747,23
690,4,16,0.036134187,0.9638658,23
690,5,29,0.034698773,0.9653012,23
691,1,9,0.038004138,0.96199584,23
691,2,2,0.037455585,0.96254444,23
691,3,8,0.036358878,0.9636411,23
691,4,16,0.03620723,0.9637928,23
691,5,29,0.03493746,0.96506256,23
692,1,9,0.038004108,0.9619959,23
692,2,2,0.037485436,0.9625146,23
692,3,8,0.036268827,0.96373117,23
692,4,16,0.03620904,0.96379095,23
692,5,29,0.03482084,0.96517915,23
693,1,9,0.038265668,0.96173435,23
693,2,2,0.037817094,0.9621829,23
693,3,8,0.036180705,0.96381927,23
693,4,16,0.03588808,0.9641119,23
693,5,29,0.03469106,0.96530896,23
694,1,9,0.038561035,0.96143895,23
694,2,2,0.03760252,0.96239746,23
694,3,16,0.03618366,0.96381634,23
694,4,8,0.03596575,0.96403426,23
694,5,29,0.034672383,0.9653276,23
695,1,9,0.038309906,0.96169007,23
695,2,2,0.03789093,0.9621091,23
695,3,8,0.03596733,0.96403265,23
695,4,16,0.035955604,0.9640444,23
695,5,29,0.03453563,0.96546435,23
696,1,9,0.0382511,0.9617489,23
696,2,2,0.03772753,0.96227247,23
696,3,8,0.03623848,0.9637615,23
696,4,16,0.035852157,0.96414787,23
696,5,1,0.034779098,0.9652209,23
697,1,9,0.03821969,0.9617803,23
697,2,2,0.0376962,0.9623038,23
697,3,8,0.036135703,0.9638643,23
697,4,16,0.03602876,0.96397126,23
697,5,29,0.0348036,0.9651964,23
698,1,9,0.03807199,0.961928,23
698,2,2,0.037469078,0.9625309,23
698,3,8,0.03653738,0.9634626,23
698,4,16,0.036041457,0.96395856,23
698,5,29,0.034949835,0.96505016,23
699,1,9,0.03811996,0.96188,23
699,2,2,0.037388332,0.9626117,23
699,3,16,0.036232546,0.96376747,23
699,4,8,0.036170095,0.9638299,23
699,5,29,0.034784596,0.9652154,23
700,1,9,0.038272064,0.9617279,23
700,2,2,0.037343297,0.9626567,23
700,3,8,0.036330126,0.9636699,23
700,4,16,0.036046967,0.963953,23
700,5,1,0.034794062,0.9652059,23
701,1,9,0.0383336,0.9616664,23
701,2,2,0.037467033,0.962533,23
701,3,16,0.036206286,0.9637937,23
701,4,8,0.036103074,0.96389693,23
701,5,29,0.034639582,0.9653604,23
702,1,9,0.03806169,0.9619383,23
702,2,2,0.03762738,0.9623726,23
702,3,8,0.036308065,0.96369195,23
702,4,16,0.036164016,0.96383595,23
702,5,29,0.03511427,0.9648857,23
703,1,9,0.037979737,0.9620203,23
703,2,2,0.037594922,0.9624051,23
703,3,8,0.036335383,0.9636646,23
703,4,16,0.03614373,0.9638563,23
703,5,29,0.034940958,0.96505904,23
704,1,9,0.03820791,0.9617921,23
704,2,2,0.037364706,0.9626353,23
704,3,8,0.03635899,0.963641,23
704,4,16,0.03610489,0.9638951,23
704,5,29,0.034767132,0.96523285,23
705,1,9,0.03830218,0.9616978,23
705,2,2,0.037595436,0.96240455,23
705,3,8,0.03636349,0.9636365,23
705,4,16,0.03594144,0.9640586,23
705,5,29,0.03473791,0.9652621,23
706,1,9,0.038267437,0.96173257,23
706,2,2,0.03734693,0.96265304,23
706,3,8,0.03628441,0.9637156,23
706,4,16,0.0361816,0.96381843,23
706,5,29,0.034732994,0.965267,23
707,1,9,0.038341574,0.9616584,23
707,2,2,0.03765608,0.96234393,23
707,3,8,0.03621573,0.9637843,23
707,4,16,0.03586837,0.96413165,23
707,5,1,0.03473807,0.96526194,23
708,1,9,0.038452215,0.9615478,23
708,2,2,0.037416656,0.96258336,23
708,3,8,0.0363929,0.9636071,23
708,4,16,0.03592839,0.96407163,23
708,5,29,0.034702584,0.9652974,23
709,1,9,0.03835695,0.96164304,23
709,2,2,0.037736703,0.9622633,23
709,3,8,0.036204763,0.96379524,23
709,4,16,0.03578161,0.9642184,23
709,5,1,0.034882087,0.96511793,23
710,1,9,0.038480017,0.96151996,23
710,2,2,0.03768036,0.9623196,23
710,3,16,0.03616099,0.963839,23
710,4,8,0.035902582,0.96409744,23
710,5,29,0.034721807,0.9652782,23
711,1,9,0.03836821,0.9616318,23
711,2,2,0.037438568,0.9625614,23
711,3,8,0.03615287,0.96384716,23
711,4,16,0.036136996,0.963863,23
711,5,29,0.03476102,0.965239,23
712,1,9,0.038242035,0.96175796,23
712,2,2,0.0378889,0.9621111,23
712,3,8,0.036189947,0.96381,23
712,4,16,0.035747085,0.9642529,23
712,5,1,0.03474681,0.9652532,23
713,1,9,0.03808169,0.9619183,23
713,2,2,0.037924815,0.9620752,23
713,3,8,0.03613147,0.9638685,23
713,4,16,0.03602664,0.96397334,23
713,5,1,0.03482524,0.96517473,23
714,1,9,0.03808058,0.9619194,23
714,2,2,0.03725272,0.9627473,23
714,3,16,0.0367738,0.9632262,23
714,4,8,0.03608147,0.9639185,23
714,5,29,0.03481476,0.9651852,23
715,1,9,0.038281273,0.96171874,23
715,2,2,0.03764161,0.9623584,23
715,3,8,0.036177814,0.9638222,23
715,4,16,0.036113486,0.9638865,23
715,5,1,0.0347054,0.9652946,23
716,1,9,0.038124174,0.9618758,23
716,2,2,0.037929073,0.96207094,23
716,3,8,0.036286447,0.9637135,23
716,4,16,0.035884377,0.9641156,23
716,5,1,0.03478917,0.96521086,23
717,1,9,0.03852677,0.9614732,23
717,2,2,0.037742995,0.962257,23
717,3,16,0.036010403,0.9639896,23
717,4,8,0.03599982,0.96400017,23
717,5,29,0.03460397,0.96539605,23
718,1,9,0.038102634,0.9618974,23
718,2,2,0.03780207,0.9621979,23
718,3,8,0.036227185,0.96377283,23
718,4,16,0.03603751,0.9639625,23
718,5,29,0.034785245,0.9652147,23
719,1,9,0.037992977,0.96200705,23
719,2,2,0.037506398,0.9624936,23
719,3,16,0.036238573,0.96376145,23
719,4,8,0.03622898,0.96377105,23
719,5,1,0.034926403,0.9650736,23
720,1,9,0.038058408,0.9619416,23
720,2,2,0.037325695,0.9626743,23
720,3,16,0.036520556,0.96347946,23
720,4,8,0.036434207,0.96356577,23
720,5,29,0.035022672,0.9649773,23
721,1,9,0.038470693,0.9615293,23
721,2,2,0.037645325,0.96235466,23
721,3,8,0.036156185,0.9638438,23
721,4,16,0.03610349,0.9638965,23
721,5,29,0.034714874,0.9652851,23
722,1,9,0.038147632,0.9618524,23
722,2,2,0.037411727,0.96258825,23
722,3,8,0.036257863,0.96374214,23
722,4,16,0.03617384,0.9638262,23
722,5,29,0.03493185,0.96506816,23
723,1,9,0.03820899,0.96179104,23
723,2,2,0.037653837,0.96234614,23
723,3,8,0.036182478,0.96381754,23
723,4,16,0.03611415,0.96388584,23
723,5,29,0.034804795,0.9651952,23
724,1,9,0.03826431,0.96173567,23
724,2,2,0.037763413,0.9622366,23
724,3,8,0.03621243,0.96378756,23
724,4,16,0.035964545,0.96403545,23
724,5,1,0.034764186,0.9652358,23
725,1,9,0.03820714,0.9617929,23
725,2,2,0.03748418,0.96251583,23
725,3,8,0.036247745,0.96375227,23
725,4,16,0.03606725,0.96393275,23
725,5,29,0.03475361,0.9652464,23
726,1,9,0.03814474,0.96185523,23
726,2,2,0.037792537,0.96220744,23
726,3,8,0.036253627,0.96374637,23
726,4,16,0.036187254,0.96381277,23
726,5,1,0.034882598,0.9651174,23
727,1,9,0.03855863,0.9614414,23
727,2,2,0.038072105,0.9619279,23
727,3,8,0.036125395,0.9638746,23
727,4,16,0.035636224,0.96436375,23
727,5,1,0.034724135,0.9652759,23
728,1,9,0.037978116,0.9620219,23
728,2,2,0.037668396,0.9623316,23
728,3,8,0.03653257,0.9634674,23
728,4,16,0.03605601,0.963944,23
728,5,29,0.03517658,0.9648234,23
729,1,9,0.038050793,0.9619492,23
729,2,2,0.037872385,0.9621276,23
729,3,8,0.036176875,0.96382314,23
729,4,16,0.036111996,0.963888,23
729,5,1,0.03481792,0.96518207,23
730,1,9,0.03833318,0.9616668,23
730,2,2,0.037704535,0.9622955,23
730,3,8,0.036193047,0.9638069,23
730,4,16,0.036063977,0.96393603,23
730,5,1,0.03475722,0.9652428,23
731,1,9,0.0381706,0.9618294,23
731,2,2,0.037379604,0.9626204,23
731,3,16,0.036300637,0.96369934,23
731,4,8,0.036186993,0.963813,23
731,5,29,0.03490555,0.96509445,23
732,1,9,0.038319275,0.9616807,23
732,2,2,0.037278637,0.96272135,23
732,3,8,0.036421698,0.9635783,23
732,4,16,0.03596014,0.96403986,23
732,5,1,0.03486302,0.965137,23
733,1,9,0.038326576,0.96167344,23
733,2,2,0.037645575,0.9623544,23
733,3,8,0.03633776,0.96366227,23
733,4,16,0.035862684,0.9641373,23
733,5,1,0.03476612,0.96523386,23
734,1,9,0.038123965,0.96187603,23
734,2,2,0.037185207,0.9628148,23
734,3,16,0.036572367,0.96342766,23
734,4,8,0.03606935,0.96393067,23
734,5,29,0.03492047,0.96507955,23
735,1,9,0.03814072,0.9618593,23
735,2,2,0.03746963,0.9625304,23
735,3,8,0.036494676,0.9635053,23
735,4,16,0.03610414,0.96389586,23
735,5,29,0.03485281,0.9651472,23
736,1,9,0.037965942,0.96203405,23
736,2,2,0.03758364,0.96241635,23
736,3,8,0.036260705,0.9637393,23
736,4,16,0.036217913,0.9637821,23
736,5,29,0.034840804,0.9651592,23
737,1,9,0.038311698,0.9616883,23
737,2,2,0.03720348,0.9627965,23
737,3,8,0.036149077,0.9638509,23
737,4,16,0.036109325,0.9638907,23
737,5,29,0.03483922,0.9651608,23
738,1,9,0.03832157,0.96167845,23
738,2,2,0.03747979,0.9625202,23
738,3,8,0.03637097,0.963629,23
738,4,16,0.036048874,0.9639511,23
738,5,29,0.03476191,0.9652381,23
739,1,9,0.038447224,0.9615528,23
739,2,2,0.037418313,0.9625817,23
739,3,16,0.036138628,0.96386135,23
739,4,8,0.036117982,0.963882,23
739,5,1,0.034671318,0.9653287,23
740,1,9,0.038126502,0.9618735,23
740,2,2,0.037807465,0.96219254,23
740,3,16,0.036077883,0.96392214,23
740,4,8,0.036032245,0.96396774,23
740,5,29,0.034746613,0.9652534,23
741,1,9,0.038372535,0.9616275,23
741,2,2,0.037590265,0.96240973,23
741,3,8,0.036414117,0.96358585,23
741,4,16,0.035880286,0.96411973,23
741,5,1,0.03476369,0.9652363,23
742,1,9,0.03820291,0.9617971,23
742,2,2,0.037555538,0.9624445,23
742,3,8,0.036187924,0.96381205,23
742,4,16,0.036169928,0.96383005,23
742,5,29,0.034768663,0.96523136,23
743,1,9,0.038306575,0.9616934,23
743,2,2,0.037715066,0.9622849,23
743,3,8,0.036253445,0.96374655,23
743,4,16,0.036013372,0.96398664,23
743,5,1,0.034766916,0.9652331,23
744,1,9,0.03795235,0.96204764,23
744,2,2,0.03770451,0.9622955,23
744,3,16,0.03628538,0.9637146,23
744,4,8,0.03620346,0.96379656,23
744,5,1,0.03484555,0.96515447,23
745,1,9,0.03797509,0.9620249,23
745,2,2,0.037452903,0.9625471,23
745,3,16,0.03651719,0.9634828,23
745,4,8,0.03627267,0.96372736,23
745,5,1,0.034924883,0.96507514,23
746,1,9,0.038309563,0.9616904,23
746,2,2,0.037586123,0.9624139,23
746,3,8,0.036339883,0.9636601,23
746,4,16,0.03601861,0.9639814,23
746,5,29,0.03476622,0.9652338,23
747,1,9,0.038068198,0.9619318,23
747,2,2,0.037467383,0.96253264,23
747,3,8,0.03651082,0.9634892,23
747,4,16,0.035996765,0.9640032,23
747,5,29,0.03489067,0.96510935,23
748,1,9,0.038142826,0.9618572,23
748,2,2,0.03733336,0.96266663,23
748,3,8,0.036331825,0.96366817,23
748,4,16,0.036146916,0.96385306,23
748,5,29,0.034923386,0.9650766,23
749,1,9,0.03803854,0.96196145,23
749,2,2,0.037755664,0.96224433,23
749,3,8,0.03637867,0.9636213,23
749,4,16,0.036076058,0.96392393,23
749,5,1,0.034827054,0.96517295,23
750,1,9,0.038363352,0.96163666,23
750,2,2,0.037989143,0.96201086,23
750,3,8,0.035961352,0.96403867,23
750,4,16,0.035902325,0.9640977,23
750,5,29,0.034569442,0.96543056,23
751,1,9,0.038044304,0.96195567,23
751,2,2,0.03737476,0.96262527,23
751,3,8,0.03643178,0.9635682,23
751,4,16,0.036368154,0.96363187,23
751,5,29,0.0349231,0.9650769,23
752,1,9,0.03823883,0.9617612,23
752,2,2,0.03756109,0.96243894,23
752,3,16,0.03618081,0.9638192,23
752,4,8,0.03611437,0.9638856,23
752,5,29,0.034856968,0.965143,23
753,1,9,0.038080864,0.9619191,23
753,2,2,0.037686266,0.9623137,23
753,3,16,0.036286302,0.9637137,23
753,4,8,0.03624317,0.9637568,23
753,5,29,0.03474544,0.96525455,23
754,1,9,0.038302142,0.9616979,23
754,2,2,0.037686512,0.9623135,23
754,3,8,0.036326803,0.9636732,23
754,4,16,0.035884533,0.96411544,23
754,5,29,0.034718495,0.9652815,23
755,1,9,0.03837078,0.9616292,23
755,2,2,0.03772718,0.9622728,23
755,3,8,0.036136348,0.9638637,23
755,4,16,0.03599901,0.964001,23
755,5,1,0.034653943,0.96534604,23
756,1,9,0.03814596,0.96185404,23
756,2,2,0.037790734,0.9622093,23
756,3,8,0.03613421,0.9638658,23
756,4,16,0.03600328,0.9639967,23
756,5,29,0.03477706,0.96522295,23
757,1,9,0.038318086,0.9616819,23
757,2,2,0.037672367,0.96232766,23
757,3,8,0.036101606,0.9638984,23
757,4,16,0.036033347,0.96396667,23
757,5,1,0.03473539,0.9652646,23
758,1,9,0.03798764,0.96201235,23
758,2,2,0.037387155,0.96261287,23
758,3,16,0.03640706,0.96359295,23
758,4,8,0.036086872,0.96391314,23
758,5,29,0.034857616,0.96514237,23
759,1,9,0.038291086,0.9617089,23
759,2,2,0.037541978,0.962458,23
759,3,8,0.03617023,0.96382976,23
759,4,16,0.036111206,0.96388876,23
759,5,29,0.034741573,0.9652584,23
760,1,9,0.038153548,0.9618465,23
760,2,2,0.037511576,0.9624884,23
760,3,8,0.03627102,0.96372896,23
760,4,16,0.036075402,0.9639246,23
760,5,29,0.03520689,0.9647931,23
761,1,9,0.038482234,0.96151775,23
761,2,2,0.037934307,0.9620657,23
761,3,8,0.03614512,0.9638549,23
761,4,16,0.035792746,0.96420723,23
761,5,1,0.034617748,0.9653823,23
762,1,9,0.038120173,0.96187985,23
762,2,2,0.037385125,0.9626149,23
762,3,16,0.036295034,0.96370494,23
762,4,8,0.03619043,0.96380955,23
762,5,29,0.034752138,0.96524787,23
763,1,9,0.038312346,0.9616877,23
763,2,2,0.037679,0.962321,23
763,3,8,0.036354057,0.96364594,23
763,4,16,0.03594778,0.9640522,23
763,5,1,0.0347653,0.9652347,23
764,1,9,0.03828249,0.9617175,23
764,2,2,0.037567336,0.9624327,23
764,3,8,0.03631108,0.9636889,23
764,4,16,0.0361641,0.9638359,23
764,5,29,0.034680635,0.9653194,23
765,1,9,0.037873983,0.962126,23
765,2,2,0.037501674,0.9624983,23
765,3,8,0.036356587,0.96364343,23
765,4,16,0.036178604,0.9638214,23
765,5,29,0.035422124,0.96457785,23
766,1,9,0.038073163,0.9619268,23
766,2,2,0.037619486,0.9623805,23
766,3,16,0.0362428,0.9637572,23
766,4,8,0.03612003,0.96387994,23
766,5,29,0.0348479,0.9651521,23
767,1,9,0.038059134,0.9619409,23
767,2,2,0.037874427,0.9621256,23
767,3,8,0.03650215,0.9634979,23
767,4,16,0.035891894,0.9641081,23
767,5,1,0.034850467,0.9651495,23
768,1,9,0.0380332,0.9619668,23
768,2,2,0.037549034,0.962451,23
768,3,8,0.036323763,0.9636762,23
768,4,16,0.036108844,0.96389115,23
768,5,29,0.035026375,0.9649736,23
769,1,9,0.038207836,0.9617922,23
769,2,2,0.03762962,0.9623704,23
769,3,8,0.036274604,0.9637254,23
769,4,16,0.035996567,0.96400344,23
769,5,29,0.034716893,0.9652831,23
770,1,9,0.03834183,0.9616582,23
770,2,2,0.037509263,0.96249074,23
770,3,8,0.036258493,0.9637415,23
770,4,16,0.03599996,0.96400005,23
770,5,29,0.034737386,0.9652626,23
771,1,9,0.03834302,0.961657,23
771,2,2,0.0375481,0.9624519,23
771,3,8,0.03619636,0.96380365,23
771,4,16,0.036019515,0.9639805,23
771,5,1,0.034891278,0.96510875,23
772,1,9,0.03803196,0.96196806,23
772,2,2,0.03727489,0.9627251,23
772,3,16,0.036612492,0.9633875,23
772,4,8,0.036338866,0.96366113,23
772,5,29,0.035205647,0.96479434,23
773,1,9,0.038414534,0.96158546,23
773,2,2,0.037533913,0.96246606,23
773,3,8,0.036150657,0.96384937,23
773,4,16,0.036097184,0.96390283,23
773,5,29,0.034703784,0.9652962,23
774,1,9,0.038195,0.961805,23
774,2,2,0.037601586,0.9623984,23
774,3,8,0.03626237,0.9637376,23
774,4,16,0.036140498,0.9638595,23
774,5,1,0.034803085,0.9651969,23
775,1,9,0.038126,0.961874,23
775,2,2,0.03726498,0.962735,23
775,3,16,0.0364628,0.9635372,23
775,4,8,0.036169793,0.96383023,23
775,5,29,0.034862246,0.9651378,23
776,1,9,0.038068574,0.9619314,23
776,2,2,0.037485998,0.962514,23
776,3,8,0.036230374,0.9637696,23
776,4,16,0.0362099,0.9637901,23
776,5,29,0.034763675,0.9652363,23
777,1,9,0.038262367,0.96173763,23
777,2,2,0.037511215,0.9624888,23
777,3,16,0.036218755,0.96378124,23
777,4,8,0.036216542,0.96378344,23
777,5,29,0.03488228,0.9651177,23
778,1,9,0.03801591,0.9619841,23
778,2,2,0.037428197,0.9625718,23
778,3,16,0.036539674,0.9634603,23
778,4,8,0.036140405,0.9638596,23
778,5,29,0.034922887,0.9650771,23
779,1,9,0.038176615,0.9618234,23
779,2,2,0.037648223,0.9623518,23
779,3,16,0.03622777,0.96377224,23
779,4,8,0.036184236,0.96381575,23
779,5,29,0.034922887,0.9650771,23
780,1,9,0.03821594,0.96178406,23
780,2,2,0.03740872,0.9625913,23
780,3,16,0.036311433,0.96368855,23
780,4,8,0.03621283,0.9637872,23
780,5,29,0.034755517,0.9652445,23
781,1,9,0.038376726,0.96162325,23
781,2,2,0.03760346,0.96239656,23
781,3,8,0.036313087,0.96368694,23
781,4,16,0.03605424,0.96394575,23
781,5,29,0.034786403,0.9652136,23
782,1,9,0.037984993,0.96201503,23
782,2,2,0.03756424,0.9624358,23
782,3,16,0.036458217,0.9635418,23
782,4,8,0.0361901,0.9638099,23
782,5,29,0.03483047,0.96516955,23
783,1,9,0.03823246,0.96176755,23
783,2,2,0.037666608,0.9623334,23
783,3,8,0.036174618,0.9638254,23
783,4,16,0.036018424,0.96398157,23
783,5,1,0.03466028,0.9653397,23
784,1,9,0.038064826,0.96193516,23
784,2,2,0.037620313,0.9623797,23
784,3,16,0.036305282,0.9636947,23
784,4,8,0.03588177,0.96411824,23
784,5,29,0.034927115,0.9650729,23
785,1,9,0.038353924,0.9616461,23
785,2,2,0.037716012,0.96228397,23
785,3,8,0.03613606,0.96386397,23
785,4,16,0.03599809,0.9640019,23
785,5,1,0.03476728,0.96523273,23
786,1,9,0.038011506,0.9619885,23
786,2,2,0.03782496,0.962175,23
786,3,16,0.03614424,0.96385574,23
786,4,8,0.036139872,0.96386015,23
786,5,29,0.03474054,0.96525943,23
787,1,9,0.038288556,0.96171147,23
787,2,2,0.03783779,0.9621622,23
787,3,8,0.03633102,0.963669,23
787,4,16,0.035815597,0.9641844,23
787,5,1,0.03474962,0.9652504,23
788,1,9,0.038237043,0.96176296,23
788,2,2,0.03741775,0.96258223,23
788,3,8,0.036468536,0.9635315,23
788,4,16,0.035957538,0.9640425,23
788,5,1,0.034924988,0.965075,23
789,1,9,0.03804189,0.9619581,23
789,2,2,0.037419666,0.9625803,23
789,3,16,0.036236066,0.96376395,23
789,4,8,0.036234923,0.9637651,23
789,5,29,0.034802873,0.96519715,23
790,1,9,0.038233817,0.9617662,23
790,2,2,0.037695654,0.96230435,23
790,3,8,0.036255594,0.9637444,23
790,4,16,0.03599147,0.9640085,23
790,5,1,0.034663264,0.96533674,23
791,1,9,0.037867244,0.96213275,23
791,2,2,0.037552122,0.9624479,23
791,3,16,0.036685865,0.9633141,23
791,4,8,0.036078587,0.9639214,23
791,5,29,0.03484663,0.9651534,23
792,1,9,0.03822416,0.96177584,23
792,2,2,0.037599,0.962401,23
792,3,8,0.036217388,0.9637826,23
792,4,16,0.036145907,0.9638541,23
792,5,29,0.034641962,0.965358,23
793,1,9,0.0382048,0.9617952,23
793,2,2,0.037375465,0.96262455,23
793,3,8,0.03625819,0.9637418,23
793,4,16,0.036190953,0.9638091,23
793,5,29,0.034814406,0.9651856,23
794,1,9,0.038260955,0.96173906,23
794,2,2,0.03753528,0.9624647,23
794,3,8,0.036182944,0.96381706,23
794,4,16,0.036053877,0.9639461,23
794,5,1,0.034748387,0.9652516,23
795,1,9,0.038180307,0.9618197,23
795,2,2,0.03777157,0.9622284,23
795,3,8,0.03626581,0.9637342,23
795,4,16,0.035951633,0.9640484,23
795,5,1,0.034703437,0.96529657,23
796,1,9,0.038237736,0.96176225,23
796,2,2,0.03738764,0.9626124,23
796,3,8,0.03630383,0.9636962,23
796,4,16,0.03603329,0.9639667,23
796,5,1,0.034726754,0.96527326,23
797,1,9,0.037928812,0.9620712,23
797,2,2,0.03751494,0.9624851,23
797,3,16,0.036351357,0.9636486,23
797,4,8,0.036116652,0.96388334,23
797,5,29,0.03484981,0.9651502,23
798,1,9,0.038483992,0.961516,23
798,2,2,0.037714023,0.962286,23
798,3,8,0.03608227,0.96391773,23
798,4,16,0.035910126,0.9640899,23
798,5,1,0.034629826,0.9653702,23
799,1,9,0.037925914,0.9620741,23
799,2,2,0.037453663,0.96254635,23
799,3,16,0.036633927,0.9633661,23
799,4,8,0.036182992,0.963817,23
799,5,29,0.035000265,0.96499974,23
800,1,9,0.038140453,0.9618595,23
800,2,2,0.037664443,0.9623356,23
800,3,8,0.036352962,0.963647,23
800,4,16,0.03604523,0.96395475,23
800,5,29,0.03491254,0.9650875,23
801,1,9,0.038095467,0.9619045,23
801,2,2,0.037514426,0.96248555,23
801,3,8,0.036259092,0.9637409,23
801,4,16,0.03625657,0.96374345,23
801,5,29,0.034860786,0.9651392,23
802,1,9,0.03800235,0.9619976,23
802,2,2,0.037429832,0.9625702,23
802,3,8,0.036511004,0.963489,23
802,4,16,0.036111195,0.9638888,23
802,5,29,0.03505689,0.9649431,23
803,1,9,0.038478166,0.96152186,23
803,2,2,0.037757285,0.9622427,23
803,3,8,0.03626597,0.96373403,23
803,4,16,0.03579495,0.964205,23
803,5,1,0.03473161,0.9652684,23
804,1,9,0.037981316,0.96201867,23
804,2,2,0.037349798,0.9626502,23
804,3,16,0.03652712,0.9634729,23
804,4,8,0.036257096,0.9637429,23
804,5,29,0.034913696,0.9650863,23
805,1,9,0.0382969,0.9617031,23
805,2,2,0.037590574,0.96240944,23
805,3,8,0.03618258,0.9638174,23
805,4,16,0.036041435,0.96395856,23
805,5,29,0.034747608,0.9652524,23
806,1,9,0.03827692,0.9617231,23
806,2,2,0.03803542,0.9619646,23
806,3,8,0.036185455,0.96381456,23
806,4,16,0.035730056,0.96426994,23
806,5,1,0.03489528,0.9651047,23
807,1,9,0.038158037,0.96184194,23
807,2,2,0.037346106,0.9626539,23
807,3,8,0.03626122,0.9637388,23
807,4,16,0.036215033,0.963785,23
807,5,29,0.03485835,0.96514165,23
808,1,9,0.038307197,0.9616928,23
808,2,2,0.03790974,0.96209025,23
808,3,8,0.036349453,0.9636505,23
808,4,16,0.03587807,0.96412194,23
808,5,1,0.034724057,0.96527594,23
809,1,9,0.03824307,0.96175694,23
809,2,2,0.037406,0.962594,23
809,3,8,0.036340352,0.96365964,23
809,4,16,0.036155444,0.96384454,23
809,5,29,0.034797344,0.9652026,23
810,1,9,0.038132254,0.96186775,23
810,2,2,0.0373266,0.9626734,23
810,3,8,0.036313694,0.9636863,23
810,4,16,0.036304466,0.9636955,23
810,5,29,0.03497316,0.96502686,23
811,1,9,0.03818864,0.96181136,23
811,2,2,0.037410147,0.96258986,23
811,3,8,0.03631895,0.96368104,23
811,4,16,0.036129598,0.9638704,23
811,5,29,0.034857042,0.96514297,23
812,1,9,0.038261086,0.96173894,23
812,2,2,0.037270706,0.9627293,23
812,3,8,0.036353532,0.9636465,23
812,4,16,0.036008984,0.96399105,23
812,5,29,0.03486698,0.965133,23
813,1,9,0.0383535,0.9616465,23
813,2,2,0.037911646,0.96208835,23
813,3,8,0.036107726,0.9638923,23
813,4,16,0.035826664,0.9641733,23
813,5,1,0.03481223,0.9651878,23
814,1,9,0.03851969,0.9614803,23
814,2,2,0.03777534,0.96222466,23
814,3,16,0.036088213,0.9639118,23
814,4,8,0.035886347,0.96411365,23
814,5,18,0.034577698,0.9654223,23
815,1,9,0.03845919,0.9615408,23
815,2,2,0.037654106,0.9623459,23
815,3,8,0.036214937,0.96378505,23
815,4,16,0.03598921,0.9640108,23
815,5,29,0.034617692,0.96538234,23
816,1,9,0.038162082,0.9618379,23
816,2,2,0.03722267,0.9627773,23
816,3,16,0.03651932,0.9634807,23
816,4,8,0.036217175,0.96378285,23
816,5,29,0.034897193,0.9651028,23
817,1,9,0.038430266,0.9615697,23
817,2,2,0.037598908,0.9624011,23
817,3,16,0.03609526,0.96390474,23
817,4,8,0.035966195,0.9640338,23
817,5,29,0.03459273,0.96540725,23
818,1,9,0.03786253,0.96213746,23
818,2,2,0.037399475,0.9626005,23
818,3,8,0.036399655,0.96360034,23
818,4,16,0.036147624,0.9638524,23
818,5,29,0.03510723,0.96489275,23
819,1,9,0.038785808,0.9612142,23
819,2,2,0.037616275,0.96238375,23
819,3,8,0.036008984,0.96399105,23
819,4,16,0.035902373,0.9640976,23
819,5,18,0.034979977,0.96502,23
820,1,9,0.03834914,0.96165085,23
820,2,2,0.037760753,0.96223927,23
820,3,8,0.036244605,0.96375537,23
820,4,16,0.03602409,0.9639759,23
820,5,29,0.03470354,0.96529645,23
821,1,9,0.038266465,0.9617335,23
821,2,2,0.037515223,0.9624848,23
821,3,8,0.036309343,0.96369064,23
821,4,16,0.036090408,0.96390957,23
821,5,1,0.034704283,0.96529573,23
822,1,9,0.038155742,0.96184427,23
822,2,2,0.037464824,0.9625352,23
822,3,8,0.03622222,0.9637778,23
822,4,16,0.036196884,0.9638031,23
822,5,1,0.034702204,0.9652978,23
823,1,9,0.038458165,0.96154183,23
823,2,2,0.037804034,0.962196,23
823,3,8,0.036110453,0.96388954,23
823,4,16,0.036038175,0.96396184,23
823,5,1,0.03457667,0.96542335,23
824,1,9,0.03810459,0.9618954,23
824,2,2,0.03772391,0.9622761,23
824,3,16,0.036090244,0.96390975,23
824,4,8,0.0360783,0.9639217,23
824,5,29,0.034911867,0.9650881,23
825,1,9,0.038158704,0.9618413,23
825,2,2,0.037312787,0.9626872,23
825,3,16,0.036320794,0.9636792,23
825,4,8,0.036251284,0.9637487,23
825,5,29,0.03486276,0.96513724,23
826,1,9,0.03809438,0.9619056,23
826,2,2,0.037644435,0.96235555,23
826,3,8,0.036265012,0.963735,23
826,4,16,0.036052637,0.96394736,23
826,5,29,0.034792062,0.96520793,23
827,1,9,0.038054284,0.9619457,23
827,2,2,0.03743561,0.9625644,23
827,3,8,0.036438607,0.9635614,23
827,4,16,0.03625363,0.96374637,23
827,5,29,0.034902956,0.96509707,23
828,1,9,0.038006254,0.96199375,23
828,2,2,0.037580796,0.9624192,23
828,3,8,0.036404848,0.96359515,23
828,4,16,0.036154848,0.96384513,23
828,5,29,0.034844637,0.96515536,23
829,1,9,0.038262248,0.96173775,23
829,2,2,0.037639055,0.9623609,23
829,3,8,0.036170438,0.9638296,23
829,4,16,0.035926957,0.96407306,23
829,5,1,0.034934532,0.9650655,23
830,1,9,0.03827094,0.96172905,23
830,2,2,0.037657034,0.962343,23
830,3,8,0.03615447,0.96384555,23
830,4,16,0.036114544,0.9638854,23
830,5,29,0.034816943,0.9651831,23
831,1,9,0.038392413,0.9616076,23
831,2,2,0.037354007,0.962646,23
831,3,16,0.036041245,0.96395874,23
831,4,8,0.036022507,0.9639775,23
831,5,29,0.034725305,0.9652747,23
832,1,9,0.03844103,0.961559,23
832,2,2,0.037641387,0.9623586,23
832,3,8,0.036191497,0.9638085,23
832,4,16,0.036114484,0.96388555,23
832,5,29,0.034786854,0.9652131,23
833,1,9,0.03800273,0.9619973,23
833,2,2,0.03787401,0.962126,23
833,3,8,0.03625069,0.9637493,23
833,4,16,0.036021203,0.96397877,23
833,5,29,0.03497109,0.9650289,23
834,1,9,0.03796589,0.9620341,23
834,2,2,0.037416723,0.9625833,23
834,3,16,0.036395703,0.9636043,23
834,4,8,0.036357615,0.96364236,23
834,5,29,0.035147313,0.9648527,23
835,1,9,0.038216878,0.9617831,23
835,2,2,0.037727844,0.96227217,23
835,3,8,0.03627399,0.963726,23
835,4,16,0.03595658,0.96404344,23
835,5,1,0.034809742,0.96519023,23
836,1,9,0.038287994,0.961712,23
836,2,2,0.03808592,0.96191406,23
836,3,8,0.036332037,0.963668,23
836,4,16,0.03573129,0.9642687,23
836,5,1,0.03518133,0.96481866,23
837,1,9,0.0383025,0.9616975,23
837,2,2,0.037865393,0.9621346,23
837,3,8,0.03637122,0.96362877,23
837,4,16,0.03579261,0.9642074,23
837,5,1,0.034921587,0.9650784,23
838,1,9,0.038382888,0.9616171,23
838,2,2,0.03758188,0.96241814,23
838,3,16,0.036148727,0.9638513,23
838,4,8,0.036107764,0.9638922,23
838,5,29,0.03470615,0.9652938,23
839,1,9,0.038066026,0.961934,23
839,2,2,0.037617873,0.96238214,23
839,3,8,0.03624019,0.9637598,23
839,4,16,0.036144443,0.96385556,23
839,5,29,0.034935568,0.9650644,23
840,1,9,0.038282648,0.96171737,23
840,2,2,0.03751731,0.9624827,23
840,3,8,0.036227744,0.96377224,23
840,4,16,0.03604346,0.96395653,23
840,5,1,0.034665123,0.9653349,23
841,1,9,0.037952,0.962048,23
841,2,2,0.037700944,0.96229905,23
841,3,16,0.036231034,0.96376896,23
841,4,8,0.03615985,0.9638401,23
841,5,29,0.034890365,0.96510965,23
842,1,9,0.03822959,0.9617704,23
842,2,2,0.037810795,0.9621892,23
842,3,8,0.036409102,0.9635909,23
842,4,16,0.03579316,0.9642068,23
842,5,29,0.034750957,0.96524906,23
843,1,9,0.03801939,0.9619806,23
843,2,2,0.037500046,0.9625,23
843,3,16,0.036402322,0.96359766,23
843,4,8,0.036061328,0.96393865,23
843,5,29,0.034791708,0.9652083,23
844,1,9,0.038299456,0.96170056,23
844,2,2,0.037718102,0.9622819,23
844,3,8,0.036166992,0.96383303,23
844,4,16,0.0360407,0.9639593,23
844,5,29,0.034647442,0.96535254,23
845,1,9,0.038064245,0.96193576,23
845,2,2,0.037574828,0.9624252,23
845,3,8,0.0363003,0.9636997,23
845,4,16,0.036071427,0.9639286,23
845,5,1,0.034744166,0.96525586,23
846,1,9,0.03811345,0.9618865,23
846,2,2,0.037680358,0.9623196,23
846,3,8,0.036225922,0.9637741,23
846,4,16,0.036204077,0.9637959,23
846,5,29,0.034848336,0.96515167,23
847,1,9,0.038304303,0.9616957,23
847,2,2,0.03790765,0.96209234,23
847,3,8,0.036252297,0.9637477,23
847,4,16,0.03574608,0.9642539,23
847,5,1,0.03494023,0.96505976,23
848,1,9,0.038136132,0.9618639,23
848,2,2,0.03795472,0.96204525,23
848,3,8,0.03610324,0.96389675,23
848,4,16,0.03608932,0.9639107,23
848,5,1,0.03476923,0.96523076,23
849,1,9,0.03848517,0.96151483,23
849,2,2,0.03789679,0.9621032,23
849,3,8,0.03632307,0.9636769,23
849,4,16,0.03576797,0.964232,23
849,5,1,0.03482027,0.96517974,23
850,1,9,0.038218927,0.9617811,23
850,2,2,0.03768264,0.96231735,23
850,3,16,0.036206752,0.9637933,23
850,4,8,0.03598513,0.9640149,23
850,5,29,0.034866028,0.96513397,23
851,1,9,0.038179196,0.9618208,23
851,2,2,0.038011152,0.96198887,23
851,3,8,0.036070194,0.96392983,23
851,4,16,0.035907965,0.964092,23
851,5,29,0.034657937,0.96534204,23
852,1,9,0.03815559,0.9618444,23
852,2,2,0.037680864,0.96231914,23
852,3,8,0.03616776,0.96383226,23
852,4,16,0.03616535,0.96383464,23
852,5,29,0.034992635,0.96500736,23
853,1,9,0.037988238,0.96201175,23
853,2,2,0.03761294,0.9623871,23
853,3,8,0.036299195,0.96370083,23
853,4,16,0.03606084,0.9639392,23
853,5,1,0.034857277,0.9651427,23
854,1,9,0.038124997,0.961875,23
854,2,2,0.037479013,0.96252096,23
854,3,8,0.03626257,0.9637374,23
854,4,16,0.036209084,0.9637909,23
854,5,29,0.03490284,0.9650972,23
855,1,9,0.03834523,0.9616548,23
855,2,2,0.03789999,0.9621,23
855,3,8,0.03610014,0.96389985,23
855,4,16,0.03586004,0.96413994,23
855,5,1,0.03466534,0.96533465,23
856,1,9,0.03805125,0.96194875,23
856,2,2,0.037660733,0.9623393,23
856,3,8,0.03618468,0.96381533,23
856,4,16,0.036119103,0.9638809,23
856,5,1,0.034781303,0.9652187,23
857,1,9,0.038351346,0.96164864,23
857,2,2,0.03755897,0.962441,23
857,3,8,0.03616018,0.9638398,23
857,4,16,0.035929788,0.9640702,23
857,5,29,0.034761064,0.9652389,23
858,1,9,0.03843377,0.9615662,23
858,2,2,0.037755284,0.9622447,23
858,3,8,0.036227584,0.9637724,23
858,4,16,0.035922896,0.9640771,23
858,5,1,0.034602035,0.96539795,23
859,1,9,0.038011212,0.9619888,23
859,2,2,0.037412427,0.9625876,23
859,3,16,0.03627126,0.9637287,23
859,4,8,0.03621514,0.9637849,23
859,5,29,0.03483063,0.96516937,23
860,1,9,0.038084596,0.9619154,23
860,2,2,0.037376728,0.9626233,23
860,3,16,0.036478847,0.9635211,23
860,4,8,0.036025815,0.9639742,23
860,5,29,0.034898296,0.9651017,23
861,1,9,0.038165864,0.96183413,23
861,2,2,0.03739253,0.96260744,23
861,3,8,0.036362614,0.9636374,23
861,4,16,0.03619015,0.96380985,23
861,5,29,0.034933224,0.9650668,23
862,1,9,0.038337827,0.9616622,23
862,2,2,0.03753705,0.96246296,23
862,3,8,0.036262218,0.9637378,23
862,4,16,0.0361451,0.9638549,23
862,5,29,0.034717623,0.9652824,23
863,1,9,0.038196586,0.96180344,23
863,2,2,0.037306957,0.96269304,23
863,3,8,0.036233813,0.9637662,23
863,4,16,0.036232144,0.9637679,23
863,5,29,0.03487151,0.9651285,23
864,1,9,0.038511608,0.96148837,23
864,2,2,0.037392557,0.96260744,23
864,3,16,0.036145657,0.9638543,23
864,4,8,0.03611794,0.9638821,23
864,5,29,0.03479776,0.9652022,23
865,1,9,0.038050856,0.96194917,23
865,2,2,0.037420668,0.9625793,23
865,3,16,0.036405165,0.96359485,23
865,4,8,0.0361213,0.9638787,23
865,5,1,0.034822553,0.9651774,23
866,1,9,0.038175672,0.9618243,23
866,2,2,0.037606213,0.96239376,23
866,3,8,0.036427837,0.96357214,23
866,4,16,0.035959296,0.9640407,23
866,5,1,0.034896906,0.9651031,23
867,1,9,0.037978467,0.9620215,23
867,2,2,0.037547465,0.96245253,23
867,3,16,0.036324583,0.96367544,23
867,4,8,0.036032286,0.96396774,23
867,5,29,0.0348973,0.9651027,23
868,1,9,0.038283315,0.9617167,23
868,2,2,0.037533272,0.9624667,23
868,3,8,0.036210537,0.96378946,23
868,4,16,0.036040492,0.9639595,23
868,5,29,0.034908567,0.9650914,23
869,1,9,0.03831387,0.96168613,23
869,2,2,0.037630487,0.9623695,23
869,3,8,0.036044482,0.9639555,23
869,4,16,0.035982188,0.9640178,23
869,5,29,0.034767546,0.96523243,23
870,1,9,0.038050577,0.9619494,23
870,2,2,0.03732739,0.9626726,23
870,3,16,0.03653363,0.96346635,23
870,4,8,0.036339466,0.96366054,23
870,5,29,0.034979347,0.96502066,23
871,1,9,0.038108625,0.96189135,23
871,2,2,0.037510626,0.96248937,23
871,3,8,0.03636187,0.9636381,23
871,4,16,0.03613232,0.96386766,23
871,5,29,0.034897506,0.9651025,23
872,1,9,0.037996143,0.9620038,23
872,2,2,0.037492264,0.9625077,23
872,3,16,0.03627026,0.96372974,23
872,4,8,0.036151912,0.9638481,23
872,5,29,0.034902282,0.9650977,23
873,1,9,0.038110483,0.9618895,23
873,2,2,0.037588596,0.9624114,23
873,3,16,0.036180586,0.9638194,23
873,4,8,0.036157604,0.9638424,23
873,5,29,0.034876592,0.9651234,23
874,1,9,0.038200237,0.96179974,23
874,2,2,0.037874714,0.9621253,23
874,3,8,0.036349583,0.9636504,23
874,4,16,0.036016583,0.9639834,23
874,5,1,0.034872875,0.9651271,23
875,1,9,0.03811906,0.9618809,23
875,2,2,0.037646186,0.9623538,23
875,3,8,0.03641406,0.9635859,23
875,4,16,0.036090024,0.96391,23
875,5,1,0.034910686,0.9650893,23
876,1,9,0.038008373,0.9619916,23
876,2,2,0.037497275,0.9625027,23
876,3,16,0.036368467,0.9636315,23
876,4,8,0.036118932,0.9638811,23
876,5,1,0.03483644,0.9651636,23
877,1,9,0.0383625,0.9616375,23
877,2,2,0.03766184,0.96233815,23
877,3,8,0.03620733,0.9637927,23
877,4,16,0.035940234,0.96405977,23
877,5,29,0.034679707,0.9653203,23
878,1,9,0.03833935,0.9616606,23
878,2,2,0.037680257,0.96231973,23
878,3,8,0.03622333,0.96377665,23
878,4,16,0.035961773,0.96403825,23
878,5,1,0.03474193,0.96525806,23
879,1,9,0.038115546,0.96188444,23
879,2,2,0.037291884,0.9627081,23
879,3,8,0.036325064,0.96367496,23
879,4,16,0.036175095,0.9638249,23
879,5,1,0.034865476,0.9651345,23
880,1,9,0.038071405,0.9619286,23
880,2,2,0.037895106,0.9621049,23
880,3,8,0.036131807,0.9638682,23
880,4,16,0.036116756,0.9638832,23
880,5,1,0.03486108,0.9651389,23
881,1,9,0.038205944,0.9617941,23
881,2,2,0.037517462,0.9624825,23
881,3,8,0.036256712,0.96374327,23
881,4,16,0.036107387,0.96389264,23
881,5,1,0.034903336,0.96509665,23
882,1,9,0.03824619,0.9617538,23
882,2,2,0.037389707,0.9626103,23
882,3,8,0.03628703,0.963713,23
882,4,16,0.03617307,0.96382695,23
882,5,29,0.034928944,0.9650711,23
883,1,9,0.037908327,0.9620917,23
883,2,2,0.03761158,0.9623884,23
883,3,16,0.036247365,0.9637526,23
883,4,8,0.036196932,0.96380305,23
883,5,29,0.03518208,0.96481794,23
884,1,9,0.03804065,0.96195936,23
884,2,2,0.037501708,0.9624983,23
884,3,16,0.036218792,0.96378124,23
884,4,8,0.036103573,0.96389645,23
884,5,29,0.034905665,0.9650943,23
885,1,9,0.037992224,0.96200776,23
885,2,2,0.037590787,0.9624092,23
885,3,8,0.03628018,0.96371984,23
885,4,16,0.035998452,0.96400154,23
885,5,29,0.034799244,0.9652008,23
886,1,9,0.03782977,0.96217024,23
886,2,2,0.03749986,0.96250015,23
886,3,16,0.036690217,0.96330976,23
886,4,8,0.036003433,0.9639966,23
886,5,29,0.034947395,0.9650526,23
887,1,9,0.03828834,0.96171165,23
887,2,2,0.037800957,0.96219903,23
887,3,8,0.036011193,0.9639888,23
887,4,16,0.036005203,0.9639948,23
887,5,1,0.034612898,0.9653871,23
888,1,9,0.038190205,0.9618098,23
888,2,2,0.037758585,0.9622414,23
888,3,16,0.036231045,0.96376896,23
888,4,8,0.03599161,0.9640084,23
888,5,29,0.034740806,0.9652592,23
889,1,9,0.038089536,0.9619105,23
889,2,2,0.03759775,0.9624022,23
889,3,8,0.036203425,0.96379656,23
889,4,16,0.036175568,0.96382445,23
889,5,1,0.034830328,0.96516967,23
890,1,9,0.038335685,0.9616643,23
890,2,2,0.037798144,0.96220183,23
890,3,8,0.036343593,0.9636564,23
890,4,16,0.03585787,0.96414214,23
890,5,1,0.034700617,0.96529937,23
891,1,9,0.03825672,0.9617433,23
891,2,2,0.03767739,0.9623226,23
891,3,8,0.03641865,0.9635813,23
891,4,16,0.035921443,0.96407855,23
891,5,1,0.034794886,0.96520513,23
892,1,9,0.0383511,0.9616489,23
892,2,2,0.037949987,0.96205,23
892,3,8,0.036368486,0.9636315,23
892,4,16,0.035709526,0.9642905,23
892,5,1,0.034864645,0.96513534,23
893,1,9,0.038043723,0.96195626,23
893,2,2,0.037338413,0.96266156,23
893,3,16,0.03640211,0.9635979,23
893,4,8,0.03615831,0.9638417,23
893,5,1,0.034924608,0.9650754,23
894,1,9,0.03830377,0.9616962,23
894,2,2,0.037519958,0.96248007,23
894,3,8,0.03633279,0.9636672,23
894,4,16,0.03595822,0.96404177,23
894,5,29,0.03472275,0.96527725,23
895,1,9,0.038505662,0.9614943,23
895,2,2,0.037539035,0.962461,23
895,3,8,0.036138073,0.96386194,23
895,4,16,0.03589659,0.9641034,23
895,5,29,0.034677338,0.9653227,23
896,1,9,0.03831489,0.9616851,23
896,2,2,0.037669785,0.9623302,23
896,3,8,0.036246568,0.96375346,23
896,4,16,0.03603328,0.9639667,23
896,5,29,0.034736086,0.9652639,23
897,1,9,0.038389377,0.9616106,23
897,2,2,0.03772508,0.9622749,23
897,3,8,0.036327492,0.9636725,23
897,4,16,0.03577635,0.9642236,23
897,5,1,0.03470941,0.9652906,23
898,1,9,0.038138706,0.9618613,23
898,2,2,0.037550636,0.9624494,23
898,3,8,0.036283307,0.9637167,23
898,4,16,0.035917383,0.9640826,23
898,5,1,0.034904566,0.96509546,23
899,1,9,0.038009234,0.9619908,23
899,2,2,0.037498582,0.9625014,23
899,3,8,0.03639378,0.96360624,23
899,4,16,0.036270794,0.9637292,23
899,5,29,0.03479482,0.9652052,23
900,1,9,0.03816237,0.96183765,23
900,2,2,0.037311204,0.9626888,23
900,3,8,0.036358416,0.9636416,23
900,4,16,0.036320616,0.9636794,23
900,5,29,0.034849808,0.9651502,23
901,1,9,0.038335826,0.9616642,23
901,2,2,0.037587713,0.9624123,23
901,3,8,0.036304235,0.96369576,23
901,4,16,0.035892293,0.9641077,23
901,5,29,0.034720354,0.96527964,23
902,1,9,0.038260896,0.9617391,23
902,2,2,0.038050305,0.9619497,23
902,3,8,0.036278956,0.96372104,23
902,4,16,0.035706673,0.9642933,23
902,5,1,0.03488394,0.9651161,23
903,1,9,0.03812063,0.9618794,23
903,2,2,0.037736822,0.96226317,23
903,3,8,0.036151893,0.9638481,23
903,4,16,0.03605777,0.9639422,23
903,5,29,0.034949258,0.96505076,23
904,1,9,0.03811106,0.9618889,23
904,2,2,0.03754052,0.9624595,23
904,3,16,0.03628952,0.9637105,23
904,4,8,0.036134817,0.96386516,23
904,5,29,0.034798466,0.96520156,23
905,1,9,0.038333114,0.9616669,23
905,2,2,0.03744016,0.9625598,23
905,3,8,0.036173362,0.96382666,23
905,4,16,0.0361448,0.9638552,23
905,5,29,0.034742914,0.9652571,23
906,1,9,0.038540583,0.9614594,23
906,2,2,0.037944876,0.96205515,23
906,3,8,0.035942107,0.9640579,23
906,4,16,0.035868727,0.9641313,23
906,5,1,0.03451154,0.96548843,23
907,1,9,0.038103834,0.9618962,23
907,2,2,0.03732528,0.96267474,23
907,3,16,0.036379226,0.9636208,23
907,4,8,0.036360044,0.96364,23
907,5,29,0.03508032,0.9649197,23
908,1,9,0.03811075,0.96188927,23
908,2,2,0.03761607,0.9623839,23
908,3,8,0.036317576,0.9636824,23
908,4,16,0.03596971,0.96403027,23
908,5,29,0.03476962,0.9652304,23
909,1,9,0.03842229,0.9615777,23
909,2,2,0.03750451,0.9624955,23
909,3,8,0.036312822,0.9636872,23
909,4,16,0.036127463,0.96387255,23
909,5,29,0.034793667,0.9652063,23
910,1,9,0.038151123,0.96184886,23
910,2,2,0.03729055,0.9627094,23
910,3,16,0.03661941,0.9633806,23
910,4,8,0.036265343,0.9637346,23
910,5,29,0.034927387,0.96507263,23
911,1,9,0.037922647,0.9620774,23
911,2,2,0.03761484,0.9623852,23
911,3,8,0.036386445,0.96361357,23
911,4,16,0.036219236,0.96378076,23
911,5,29,0.03506891,0.9649311,23
912,1,9,0.038408577,0.9615914,23
912,2,2,0.037351526,0.96264845,23
912,3,8,0.036288686,0.9637113,23
912,4,16,0.036109176,0.96389085,23
912,5,29,0.034789186,0.9652108,23
913,1,9,0.038272716,0.96172726,23
913,2,2,0.03774891,0.96225107,23
913,3,8,0.036140457,0.96385956,23
913,4,16,0.035892118,0.9641079,23
913,5,1,0.034879275,0.96512073,23
914,1,9,0.03799805,0.9620019,23
914,2,2,0.03749261,0.96250737,23
914,3,8,0.03635463,0.96364534,23
914,4,16,0.03618303,0.963817,23
914,5,29,0.034984164,0.9650158,23
915,1,9,0.038048267,0.96195173,23
915,2,2,0.037676737,0.96232325,23
915,3,8,0.036263373,0.96373665,23
915,4,16,0.036245037,0.96375495,23
915,5,29,0.034861814,0.9651382,23
916,1,9,0.038124207,0.9618758,23
916,2,2,0.03774591,0.9622541,23
916,3,16,0.03616379,0.9638362,23
916,4,8,0.03615042,0.9638496,23
916,5,29,0.034738004,0.965262,23
917,1,9,0.0382353,0.9617647,23
917,2,2,0.037701137,0.96229887,23
917,3,8,0.03645025,0.96354973,23
917,4,16,0.03585126,0.96414876,23
917,5,29,0.03491847,0.9650815,23
918,1,9,0.038184524,0.9618155,23
918,2,2,0.037846256,0.96215373,23
918,3,8,0.036191314,0.96380866,23
918,4,16,0.035904795,0.96409523,23
918,5,29,0.034625415,0.9653746,23
919,1,9,0.038126703,0.9618733,23
919,2,2,0.03782465,0.96217537,23
919,3,8,0.03635169,0.9636483,23
919,4,16,0.03589969,0.9641003,23
919,5,29,0.034807302,0.9651927,23
920,1,9,0.03801597,0.96198404,23
920,2,2,0.03780244,0.96219754,23
920,3,8,0.036457587,0.9635424,23
920,4,16,0.035801936,0.96419805,23
920,5,1,0.035166062,0.9648339,23
921,1,9,0.038217857,0.96178216,23
921,2,2,0.03750248,0.96249753,23
921,3,16,0.036237124,0.9637629,23
921,4,8,0.03617179,0.9638282,23
921,5,29,0.034778774,0.9652212,23
922,1,9,0.03801718,0.96198285,23
922,2,2,0.037390344,0.96260965,23
922,3,8,0.036343884,0.9636561,23
922,4,16,0.036112633,0.9638874,23
922,5,29,0.034920648,0.96507937,23
923,1,9,0.038269296,0.9617307,23
923,2,2,0.037588436,0.9624116,23
923,3,8,0.03634175,0.9636583,23
923,4,16,0.035929013,0.964071,23
923,5,1,0.035015345,0.96498466,23
924,1,9,0.038318995,0.961681,23
924,2,2,0.037781976,0.96221805,23
924,3,8,0.03627984,0.96372014,23
924,4,16,0.035775572,0.96422446,23
924,5,1,0.035053767,0.9649462,23
925,1,9,0.0381066,0.9618934,23
925,2,2,0.03737536,0.96262467,23
925,3,16,0.03622058,0.96377945,23
925,4,8,0.03615213,0.9638479,23
925,5,1,0.034793016,0.965207,23
926,1,9,0.038142443,0.96185756,23
926,2,2,0.037586395,0.9624136,23
926,3,16,0.036296204,0.9637038,23
926,4,8,0.036246933,0.96375304,23
926,5,29,0.03477091,0.9652291,23
927,1,9,0.038171474,0.96182853,23
927,2,2,0.037406974,0.962593,23
927,3,8,0.03635478,0.9636452,23
927,4,16,0.03635212,0.9636479,23
927,5,29,0.034706645,0.96529335,23
928,1,9,0.038347863,0.96165216,23
928,2,2,0.037604243,0.9623958,23
928,3,8,0.036145538,0.96385443,23
928,4,16,0.036105726,0.96389425,23
928,5,29,0.034665436,0.96533453,23
929,1,9,0.038535014,0.961465,23
929,2,2,0.03783416,0.96216583,23
929,3,8,0.03610791,0.9638921,23
929,4,16,0.035915762,0.96408427,23
929,5,29,0.034564264,0.96543574,23
930,1,9,0.03868867,0.96131134,23
930,2,2,0.037591487,0.96240854,23
930,3,8,0.036182553,0.9638175,23
930,4,16,0.03589832,0.9641017,23
930,5,18,0.034663636,0.9653364,23
931,1,9,0.0384695,0.9615305,23
931,2,2,0.03779331,0.9622067,23
931,3,8,0.03608293,0.9639171,23
931,4,16,0.035842657,0.96415734,23
931,5,1,0.034624692,0.9653753,23
932,1,9,0.03814607,0.9618539,23
932,2,2,0.03775273,0.96224725,23
932,3,8,0.036077596,0.9639224,23
932,4,16,0.036056396,0.9639436,23
932,5,29,0.03472718,0.96527284,23
933,1,9,0.03812737,0.96187264,23
933,2,2,0.037641533,0.9623585,23
933,3,16,0.036374375,0.9636256,23
933,4,8,0.035996143,0.96400386,23
933,5,29,0.034768987,0.965231,23
934,1,9,0.038135905,0.9618641,23
934,2,2,0.03740461,0.9625954,23
934,3,8,0.036371104,0.9636289,23
934,4,16,0.036133233,0.9638668,23
934,5,29,0.03498851,0.9650115,23
935,1,9,0.03818899,0.961811,23
935,2,2,0.03764048,0.96235955,23
935,3,8,0.036227845,0.9637722,23
935,4,16,0.03596175,0.96403825,23
935,5,1,0.034715768,0.9652842,23
936,1,9,0.038038086,0.9619619,23
936,2,2,0.03750622,0.9624938,23
936,3,8,0.036383864,0.96361613,23
936,4,16,0.036246125,0.9637539,23
936,5,29,0.034832787,0.9651672,23
937,1,9,0.03846864,0.96153134,23
937,2,2,0.037680063,0.9623199,23
937,3,8,0.03601559,0.96398443,23
937,4,16,0.035860993,0.964139,23
937,5,1,0.03472915,0.9652709,23
938,1,9,0.038160477,0.9618395,23
938,2,2,0.037351247,0.96264875,23
938,3,16,0.036285996,0.963714,23
938,4,8,0.036086366,0.9639136,23
938,5,29,0.034828667,0.96517134,23
939,1,9,0.038134247,0.9618658,23
939,2,2,0.037677277,0.9623227,23
939,3,8,0.03628583,0.9637142,23
939,4,16,0.03612052,0.96387947,23
939,5,1,0.03479449,0.9652055,23
940,1,9,0.0384237,0.9615763,23
940,2,2,0.037289575,0.96271044,23
940,3,8,0.036363706,0.9636363,23
940,4,16,0.0361057,0.9638943,23
940,5,29,0.03487576,0.96512425,23
941,1,9,0.038132265,0.96186775,23
941,2,2,0.037354894,0.9626451,23
941,3,8,0.036414456,0.96358556,23
941,4,16,0.03606625,0.96393377,23
941,5,29,0.034790117,0.9652099,23
942,1,9,0.03854682,0.9614532,23
942,2,2,0.037682787,0.9623172,23
942,3,8,0.036082562,0.96391743,23
942,4,16,0.03586965,0.96413034,23
942,5,29,0.0346179,0.9653821,23
943,1,9,0.03816352,0.96183646,23
943,2,2,0.037745304,0.9622547,23
943,3,8,0.036207296,0.9637927,23
943,4,16,0.03596399,0.964036,23
943,5,1,0.034769386,0.9652306,23
944,1,9,0.038182683,0.9618173,23
944,2,2,0.037521034,0.962479,23
944,3,16,0.036289934,0.96371007,23
944,4,8,0.036183275,0.9638167,23
944,5,1,0.03472325,0.9652768,23
945,1,9,0.038278874,0.9617211,23
945,2,2,0.037495736,0.96250427,23
945,3,8,0.03628326,0.96371675,23
945,4,16,0.036042564,0.9639574,23
945,5,29,0.034733202,0.9652668,23
946,1,9,0.03790207,0.96209794,23
946,2,2,0.03764694,0.96235305,23
946,3,8,0.03649443,0.96350557,23
946,4,16,0.035885096,0.9641149,23
946,5,1,0.034883033,0.965117,23
947,1,9,0.03832452,0.96167547,23
947,2,2,0.037477057,0.9625229,23
947,3,8,0.03629584,0.96370417,23
947,4,16,0.03586984,0.96413016,23
947,5,1,0.034752544,0.96524745,23
948,1,9,0.038316946,0.96168303,23
948,2,2,0.03742393,0.9625761,23
948,3,8,0.03623331,0.9637667,23
948,4,16,0.036200896,0.9637991,23
948,5,29,0.03475318,0.9652468,23
949,1,9,0.038284075,0.96171594,23
949,2,2,0.037628047,0.96237195,23
949,3,8,0.03619176,0.96380824,23
949,4,16,0.03601132,0.96398866,23
949,5,29,0.034784876,0.96521515,23
950,1,9,0.038268548,0.96173143,23
950,2,2,0.03728269,0.9627173,23
950,3,16,0.036246233,0.96375376,23
950,4,8,0.036239445,0.96376055,23
950,5,29,0.03476764,0.9652324,23
951,1,9,0.038676754,0.96132326,23
951,2,2,0.037700795,0.9622992,23
951,3,8,0.036168333,0.96383166,23
951,4,16,0.03585158,0.9641484,23
951,5,1,0.034695216,0.9653048,23
952,1,9,0.037993997,0.962006,23
952,2,2,0.037507877,0.9624921,23
952,3,16,0.03631835,0.96368164,23
952,4,8,0.036171794,0.9638282,23
952,5,29,0.03479735,0.9652026,23
953,1,9,0.038468655,0.96153134,23
953,2,2,0.03764366,0.9623563,23
953,3,16,0.03610044,0.96389955,23
953,4,8,0.03605709,0.9639429,23
953,5,29,0.034602545,0.9653975,23
954,1,9,0.037903305,0.9620967,23
954,2,2,0.037582323,0.96241766,23
954,3,8,0.03622191,0.9637781,23
954,4,16,0.03617975,0.9638202,23
954,5,29,0.03493157,0.96506846,23
955,1,9,0.03842961,0.9615704,23
955,2,2,0.0374806,0.9625194,23
955,3,8,0.036276832,0.9637232,23
955,4,16,0.03596729,0.9640327,23
955,5,29,0.03466788,0.96533215,23
956,1,9,0.038135473,0.96186453,23
956,2,2,0.037685446,0.96231455,23
956,3,8,0.036229264,0.96377075,23
956,4,16,0.036122832,0.96387714,23
956,5,29,0.034791786,0.96520823,23
957,1,9,0.038106784,0.9618932,23
957,2,2,0.037643455,0.96235657,23
957,3,8,0.03640961,0.9635904,23
957,4,16,0.036134318,0.9638657,23
957,5,29,0.035014126,0.96498585,23
958,1,9,0.038270045,0.96172994,23
958,2,2,0.038015094,0.96198493,23
958,3,8,0.036249332,0.96375066,23
958,4,16,0.035918966,0.96408105,23
958,5,29,0.03470451,0.9652955,23
959,1,9,0.03837724,0.9616228,23
959,2,2,0.037435252,0.96256477,23
959,3,8,0.036209196,0.9637908,23
959,4,16,0.036123514,0.9638765,23
959,5,29,0.034639567,0.9653604,23
960,1,9,0.03814224,0.96185774,23
960,2,2,0.03762489,0.9623751,23
960,3,8,0.03621166,0.96378833,23
960,4,16,0.036203925,0.9637961,23
960,5,29,0.03495514,0.96504486,23
961,1,9,0.03844953,0.9615505,23
961,2,2,0.037656177,0.9623438,23
961,3,16,0.03614976,0.96385026,23
961,4,8,0.036094896,0.9639051,23
961,5,29,0.034698457,0.9653015,23
962,1,9,0.038073055,0.96192694,23
962,2,2,0.037293307,0.9627067,23
962,3,8,0.036361042,0.96363896,23
962,4,16,0.03629663,0.9637034,23
962,5,29,0.035109665,0.96489036,23
963,1,9,0.038262956,0.96173704,23
963,2,2,0.03808357,0.96191645,23
963,3,8,0.036060058,0.96393996,23
963,4,16,0.035856288,0.9641437,23
963,5,29,0.034570567,0.9654294,23
964,1,9,0.0382253,0.9617747,23
964,2,2,0.037868228,0.9621318,23
964,3,16,0.0360752,0.9639248,23
964,4,8,0.03596708,0.9640329,23
964,5,29,0.03474634,0.96525365,23
965,1,9,0.038050603,0.9619494,23
965,2,2,0.037518162,0.96248186,23
965,3,8,0.036314398,0.96368563,23
965,4,16,0.0362097,0.9637903,23
965,5,29,0.035048187,0.9649518,23
966,1,9,0.038066477,0.9619335,23
966,2,2,0.037370984,0.962629,23
966,3,8,0.03634957,0.9636504,23
966,4,16,0.036268663,0.96373135,23
966,5,29,0.034907978,0.965092,23
967,1,9,0.038387492,0.9616125,23
967,2,2,0.037720416,0.96227956,23
967,3,8,0.036237787,0.9637622,23
967,4,16,0.035954505,0.9640455,23
967,5,1,0.034740344,0.9652597,23
968,1,9,0.038361013,0.961639,23
968,2,2,0.037527554,0.96247244,23
968,3,8,0.03624604,0.96375394,23
968,4,16,0.03618215,0.96381783,23
968,5,29,0.034681015,0.965319,23
969,1,9,0.03817871,0.9618213,23
969,2,2,0.037563168,0.96243685,23
969,3,16,0.036272757,0.96372724,23
969,4,8,0.036157332,0.9638427,23
969,5,1,0.03488353,0.9651165,23
970,1,9,0.038319543,0.9616805,23
970,2,2,0.03790361,0.9620964,23
970,3,8,0.03628044,0.96371955,23
970,4,16,0.035857234,0.96414274,23
970,5,1,0.034812495,0.9651875,23
971,1,9,0.038184427,0.9618156,23
971,2,2,0.037331115,0.9626689,23
971,3,16,0.03627975,0.96372026,23
971,4,8,0.036229543,0.96377045,23
971,5,29,0.034834955,0.965165,23
972,1,9,0.0385021,0.9614979,23
972,2,2,0.037628155,0.9623718,23
972,3,8,0.036211655,0.96378833,23
972,4,16,0.03590837,0.96409166,23
972,5,29,0.034631707,0.9653683,23
973,1,9,0.03850401,0.961496,23
973,2,2,0.037568726,0.96243125,23
973,3,8,0.03626488,0.9637351,23
973,4,16,0.035943966,0.964056,23
973,5,1,0.034756064,0.96524394,23
974,1,9,0.03820914,0.96179086,23
974,2,2,0.037770968,0.962229,23
974,3,8,0.03611058,0.9638894,23
974,4,16,0.035969753,0.96403027,23
974,5,1,0.034887888,0.9651121,23
975,1,9,0.038270902,0.9617291,23
975,2,2,0.037903603,0.9620964,23
975,3,8,0.036327135,0.9636729,23
975,4,16,0.03580843,0.96419156,23
975,5,1,0.034847524,0.9651525,23
976,1,9,0.038096357,0.96190363,23
976,2,2,0.03785079,0.9621492,23
976,3,8,0.03627986,0.96372014,23
976,4,16,0.035994984,0.964005,23
976,5,29,0.034799166,0.96520084,23
977,1,9,0.038211875,0.9617881,23
977,2,2,0.03745918,0.9625408,23
977,3,16,0.036194712,0.9638053,23
977,4,8,0.03619426,0.96380574,23
977,5,29,0.034770053,0.9652299,23
978,1,9,0.038268447,0.96173155,23
978,2,2,0.03772385,0.96227616,23
978,3,8,0.03642499,0.963575,23
978,4,16,0.03594927,0.9640507,23
978,5,29,0.034805045,0.96519494,23
979,1,9,0.038078643,0.96192133,23
979,2,2,0.03751298,0.96248704,23
979,3,8,0.036219224,0.96378076,23
979,4,16,0.036168147,0.96383184,23
979,5,29,0.03494092,0.9650591,23
980,1,9,0.03845268,0.9615473,23
980,2,2,0.03753132,0.9624687,23
980,3,8,0.036229294,0.9637707,23
980,4,16,0.0360447,0.9639553,23
980,5,1,0.03469531,0.9653047,23
981,1,9,0.038168296,0.9618317,23
981,2,2,0.037518166,0.96248186,23
981,3,8,0.03627984,0.96372014,23
981,4,16,0.035900727,0.9640993,23
981,5,1,0.034817234,0.9651828,23
982,1,9,0.03817222,0.96182775,23
982,2,2,0.037730563,0.9622694,23
982,3,8,0.03631494,0.96368504,23
982,4,16,0.035958886,0.9640411,23
982,5,29,0.034749225,0.9652508,23
983,1,9,0.03835339,0.9616466,23
983,2,2,0.037635352,0.9623647,23
983,3,16,0.036104456,0.96389556,23
983,4,8,0.036028914,0.9639711,23
983,5,29,0.034782667,0.96521735,23
984,1,9,0.037759002,0.962241,23
984,2,2,0.03761614,0.96238387,23
984,3,16,0.03632502,0.96367496,23
984,4,8,0.036207054,0.9637929,23
984,5,29,0.035005547,0.96499443,23
985,1,9,0.038382713,0.9616173,23
985,2,2,0.0377561,0.9622439,23
985,3,8,0.03620264,0.96379733,23
985,4,16,0.036026478,0.9639735,23
985,5,29,0.034678284,0.9653217,23
986,1,9,0.03835659,0.9616434,23
986,2,2,0.037577376,0.9624226,23
986,3,8,0.036328238,0.96367174,23
986,4,16,0.036105715,0.9638943,23
986,5,29,0.03472252,0.9652775,23
987,1,9,0.03814278,0.9618572,23
987,2,2,0.037614044,0.96238595,23
987,3,16,0.036230218,0.9637698,23
987,4,8,0.036026496,0.9639735,23
987,5,29,0.0349924,0.9650076,23
988,1,9,0.038129743,0.96187025,23
988,2,2,0.0374164,0.9625836,23
988,3,8,0.0362864,0.9637136,23
988,4,16,0.03622831,0.9637717,23
988,5,29,0.03472497,0.96527505,23
989,1,9,0.037967063,0.9620329,23
989,2,2,0.03749724,0.9625028,23
989,3,8,0.036283415,0.96371657,23
989,4,16,0.03609336,0.96390665,23
989,5,29,0.03487124,0.9651288,23
990,1,9,0.03819187,0.96180815,23
990,2,2,0.03739452,0.9626055,23
990,3,8,0.03627883,0.96372116,23
990,4,16,0.0361776,0.9638224,23
990,5,29,0.03476665,0.9652333,23
991,1,9,0.038036738,0.96196324,23
991,2,2,0.037437323,0.9625627,23
991,3,8,0.036183372,0.96381664,23
991,4,16,0.036181606,0.9638184,23
991,5,29,0.034917235,0.96508276,23
992,1,9,0.038288776,0.9617112,23
992,2,2,0.03732605,0.96267396,23
992,3,8,0.036237214,0.96376276,23
992,4,16,0.036155965,0.96384406,23
992,5,29,0.034767743,0.96523225,23
993,1,9,0.03855764,0.96144235,23
993,2,2,0.037810385,0.9621896,23
993,3,8,0.036124717,0.9638753,23
993,4,16,0.03588719,0.9641128,23
993,5,1,0.034545135,0.9654549,23
994,1,9,0.0382009,0.9617991,23
994,2,2,0.037861843,0.9621382,23
994,3,8,0.03622455,0.96377546,23
994,4,16,0.035983548,0.96401644,23
994,5,29,0.034938443,0.96506155,23
995,1,9,0.038624827,0.9613752,23
995,2,2,0.037906386,0.9620936,23
995,3,8,0.03621343,0.96378654,23
995,4,16,0.035756167,0.9642438,23
995,5,18,0.034856588,0.96514344,23
996,1,9,0.038491137,0.96150887,23
996,2,2,0.037796844,0.96220315,23
996,3,8,0.036219086,0.96378094,23
996,4,16,0.035771877,0.96422815,23
996,5,1,0.034797445,0.96520257,23
997,1,9,0.037934195,0.9620658,23
997,2,2,0.037755493,0.9622445,23
997,3,8,0.03643528,0.9635647,23
997,4,16,0.03607992,0.96392006,23
997,5,29,0.035067033,0.964933,23
998,1,9,0.038264807,0.9617352,23
998,2,2,0.037290644,0.96270937,23
998,3,16,0.0362859,0.9637141,23
998,4,8,0.036139064,0.9638609,23
998,5,29,0.034840707,0.9651593,23
999,1,9,0.038112655,0.96188736,23
999,2,2,0.037353486,0.9626465,23
999,3,8,0.03643561,0.9635644,23
999,4,16,0.03601435,0.9639857,23
999,5,29,0.034893163,0.96510684,23
1000,1,9,0.038259692,0.9617403,23
1000,2,2,0.037416868,0.9625831,23
1000,3,8,0.036288816,0.9637112,23
1000,4,16,0.036058422,0.9639416,23
1000,5,29,0.034777515,0.9652225,23
1001,1,9,0.038353235,0.9616468,23
1001,2,2,0.037759773,0.9622402,23
1001,3,8,0.036124445,0.96387553,23
1001,4,16,0.035809062,0.96419096,23
1001,5,29,0.034653496,0.9653465,23
1002,1,9,0.038170177,0.96182984,23
1002,2,2,0.037653152,0.96234685,23
1002,3,8,0.03612505,0.96387494,23
1002,4,16,0.036042046,0.96395797,23
1002,5,29,0.034749325,0.9652507,23
1003,1,9,0.03830184,0.9616982,23
1003,2,2,0.03807005,0.96193,23
1003,3,8,0.036006436,0.96399355,23
1003,4,16,0.03599671,0.96400326,23
1003,5,1,0.03452716,0.9654728,23
1004,1,9,0.038080256,0.9619197,23
1004,2,2,0.037553634,0.9624464,23
1004,3,16,0.036285244,0.9637148,23
1004,4,8,0.036284056,0.963716,23
1004,5,29,0.034790818,0.9652092,23
1005,1,9,0.038350902,0.9616491,23
1005,2,2,0.03770822,0.9622918,23
1005,3,8,0.0363161,0.9636839,23
1005,4,16,0.036012113,0.9639879,23
1005,5,1,0.034751542,0.96524847,23
1006,1,9,0.03853206,0.9614679,23
1006,2,2,0.03795113,0.9620489,23
1006,3,8,0.036065392,0.9639346,23
1006,4,16,0.03568802,0.96431196,23
1006,5,1,0.034606304,0.9653937,23
1007,1,9,0.03800564,0.96199435,23
1007,2,2,0.03738958,0.9626104,23
1007,3,16,0.036446493,0.9635535,23
1007,4,8,0.03621857,0.9637814,23
1007,5,29,0.03494868,0.9650513,23
1008,1,9,0.038056698,0.9619433,23
1008,2,2,0.03728879,0.9627112,23
1008,3,16,0.036513675,0.9634863,23
1008,4,8,0.036140993,0.963859,23
1008,5,29,0.03486731,0.9651327,23
1009,1,9,0.03821306,0.9617869,23
1009,2,2,0.037758015,0.962242,23
1009,3,16,0.036083125,0.9639169,23
1009,4,8,0.03605308,0.96394694,23
1009,5,29,0.034800798,0.96519923,23
1010,1,9,0.038312137,0.96168786,23
1010,2,2,0.03792894,0.96207106,23
1010,3,8,0.035980217,0.9640198,23
1010,4,16,0.035813253,0.9641867,23
1010,5,29,0.0346176,0.9653824,23
1011,1,9,0.038425706,0.9615743,23
1011,2,2,0.03766714,0.96233284,23
1011,3,8,0.03615973,0.96384025,23
1011,4,16,0.035883628,0.9641164,23
1011,5,29,0.034691676,0.9653083,23
1012,1,9,0.038205206,0.9617948,23
1012,2,2,0.03759109,0.9624089,23
1012,3,8,0.03625592,0.9637441,23
1012,4,16,0.03617033,0.9638297,23
1012,5,29,0.034898832,0.9651012,23
1013,1,9,0.03827608,0.9617239,23
1013,2,2,0.037756998,0.962243,23
1013,3,8,0.03629005,0.96370995,23
1013,4,16,0.03594969,0.9640503,23
1013,5,29,0.03467367,0.9653263,23
1014,1,9,0.038123313,0.9618767,23
1014,2,2,0.03764396,0.96235603,23
1014,3,16,0.036153775,0.9638462,23
1014,4,8,0.036125984,0.96387404,23
1014,5,29,0.03478824,0.96521175,23
1015,1,9,0.038006313,0.9619937,23
1015,2,2,0.03737215,0.9626278,23
1015,3,16,0.036681388,0.9633186,23
1015,4,8,0.035864517,0.96413547,23
1015,5,29,0.034814056,0.96518594,23
1016,1,9,0.038291905,0.96170807,23
1016,2,2,0.037521124,0.9624789,23
1016,3,8,0.036316838,0.9636832,23
1016,4,16,0.03606865,0.9639313,23
1016,5,29,0.034736693,0.9652633,23
1017,1,9,0.038156856,0.96184313,23
1017,2,2,0.037570413,0.9624296,23
1017,3,16,0.03619458,0.96380544,23
1017,4,8,0.036150817,0.9638492,23
1017,5,29,0.034905195,0.9650948,23
1018,1,9,0.038036402,0.9619636,23
1018,2,2,0.037455916,0.9625441,23
1018,3,8,0.036269084,0.96373093,23
1018,4,16,0.036152918,0.9638471,23
1018,5,29,0.034965448,0.96503454,23
1019,1,9,0.038496524,0.9615035,23
1019,2,2,0.037521668,0.96247834,23
1019,3,8,0.036274984,0.96372503,23
1019,4,16,0.03593428,0.96406573,23
1019,5,1,0.03474049,0.9652595,23
1020,1,9,0.03824467,0.96175534,23
1020,2,2,0.037521534,0.96247846,23
1020,3,8,0.036309842,0.96369016,23
1020,4,16,0.036102425,0.9638976,23
1020,5,29,0.03475163,0.96524835,23
1021,1,9,0.038276404,0.96172357,23
1021,2,2,0.03713689,0.9628631,23
1021,3,16,0.036417466,0.9635825,23
1021,4,8,0.036256272,0.96374375,23
1021,5,29,0.03496072,0.96503925,23
1022,1,9,0.038395923,0.96160406,23
1022,2,2,0.037905272,0.9620947,23
1022,3,8,0.03609612,0.9639039,23
1022,4,16,0.036033742,0.96396625,23
1022,5,1,0.03461729,0.9653827,23
1023,1,2,0.03787204,0.962128,23
1023,2,9,0.03785084,0.96214914,23
1023,3,8,0.036184244,0.96381575,23
1023,4,16,0.036149368,0.9638506,23
1023,5,29,0.034812797,0.9651872,23
1024,1,9,0.038294025,0.961706,23
1024,2,2,0.037992,0.962008,23
1024,3,8,0.036130276,0.96386975,23
1024,4,16,0.035852335,0.9641477,23
1024,5,1,0.034641556,0.96535844,23
1025,1,9,0.038297996,0.961702,23
1025,2,2,0.03779243,0.96220756,23
1025,3,8,0.03624055,0.9637594,23
1025,4,16,0.03601191,0.96398807,23
1025,5,29,0.034614712,0.9653853,23
1026,1,9,0.03815161,0.9618484,23
1026,2,2,0.037500013,0.9625,23
1026,3,8,0.03637113,0.9636289,23
1026,4,16,0.03620801,0.96379197,23
1026,5,29,0.03475581,0.9652442,23
1027,1,9,0.038388003,0.961612,23
1027,2,2,0.037472837,0.96252716,23
1027,3,8,0.0363928,0.9636072,23
1027,4,16,0.03602779,0.9639722,23
1027,5,1,0.03497037,0.96502966,23
1028,1,9,0.038164232,0.96183574,23
1028,2,2,0.037462547,0.96253747,23
1028,3,8,0.036271915,0.9637281,23
1028,4,16,0.03616487,0.9638351,23
1028,5,29,0.034915518,0.9650845,23
1029,1,9,0.038401525,0.96159846,23
1029,2,2,0.03733614,0.9626639,23
1029,3,8,0.03632408,0.9636759,23
1029,4,16,0.036197904,0.9638021,23
1029,5,29,0.034806877,0.96519315,23
1030,1,9,0.038380265,0.96161973,23
1030,2,2,0.03737869,0.96262133,23
1030,3,8,0.036249593,0.9637504,23
1030,4,16,0.036065202,0.9639348,23
1030,5,29,0.034742497,0.9652575,23
1031,1,9,0.038055435,0.9619446,23
1031,2,2,0.037431326,0.9625687,23
1031,3,16,0.036419492,0.9635805,23
1031,4,8,0.036256902,0.9637431,23
1031,5,29,0.03496142,0.9650386,23
1032,1,9,0.03815695,0.9618431,23
1032,2,2,0.037594885,0.9624051,23
1032,3,16,0.036238898,0.9637611,23
1032,4,8,0.036185082,0.9638149,23
1032,5,29,0.034737173,0.96526283,23
1033,1,9,0.038212143,0.9617879,23
1033,2,2,0.03787595,0.96212405,23
1033,3,8,0.036211893,0.9637881,23
1033,4,16,0.03598336,0.9640166,23
1033,5,29,0.034727767,0.96527225,23
1034,1,9,0.038050912,0.9619491,23
1034,2,2,0.03757944,0.9624206,23
1034,3,8,0.03640483,0.96359515,23
1034,4,16,0.035905555,0.96409446,23
1034,5,29,0.03489776,0.96510226,23
1035,1,9,0.03827001,0.96173,23
1035,2,2,0.037873507,0.9621265,23
1035,3,8,0.03637927,0.9636207,23
1035,4,16,0.0358696,0.9641304,23
1035,5,1,0.03476662,0.9652334,23
1036,1,9,0.03816136,0.96183866,23
1036,2,2,0.03755924,0.9624407,23
1036,3,8,0.036319997,0.96368,23
1036,4,16,0.036135234,0.96386474,23
1036,5,29,0.034831174,0.96516883,23
1037,1,9,0.03815919,0.9618408,23
1037,2,2,0.037868436,0.96213156,23
1037,3,8,0.03622683,0.9637732,23
1037,4,16,0.03586819,0.96413183,23
1037,5,1,0.034851,0.965149,23
1038,1,9,0.03841919,0.9615808,23
1038,2,2,0.037258938,0.9627411,23
1038,3,8,0.036258508,0.9637415,23
1038,4,16,0.03617856,0.9638214,23
1038,5,1,0.03475715,0.96524286,23
1039,1,9,0.038030278,0.96196973,23
1039,2,2,0.037600935,0.96239907,23
1039,3,16,0.03626889,0.9637311,23
1039,4,8,0.036128026,0.96387196,23
1039,5,29,0.034732293,0.9652677,23
1040,1,9,0.038432572,0.9615674,23
1040,2,2,0.03785739,0.9621426,23
1040,3,8,0.036181256,0.9638187,23
1040,4,16,0.035750676,0.9642493,23
1040,5,1,0.034893267,0.9651067,23
1041,1,9,0.038102567,0.96189743,23
1041,2,2,0.03731739,0.9626826,23
1041,3,16,0.03642985,0.9635702,23
1041,4,8,0.03619673,0.9638033,23
1041,5,1,0.03484474,0.96515524,23
1042,1,9,0.03797593,0.9620241,23
1042,2,2,0.037514914,0.9624851,23
1042,3,8,0.036250886,0.9637491,23
1042,4,16,0.036223758,0.96377623,23
1042,5,29,0.035299353,0.96470064,23
1043,1,9,0.03841312,0.9615869,23
1043,2,2,0.037711762,0.96228826,23
1043,3,8,0.036459263,0.96354073,23
1043,4,16,0.03590955,0.96409047,23
1043,5,1,0.0346801,0.9653199,23
1044,1,9,0.0381999,0.9618001,23
1044,2,2,0.03776472,0.9622353,23
1044,3,8,0.03625292,0.9637471,23
1044,4,16,0.03601062,0.9639894,23
1044,5,1,0.03472621,0.9652738,23
1045,1,9,0.038114905,0.9618851,23
1045,2,2,0.03775801,0.962242,23
1045,3,16,0.036180105,0.9638199,23
1045,4,8,0.036163952,0.9638361,23
1045,5,29,0.034714516,0.9652855,23
1046,1,9,0.038521018,0.961479,23
1046,2,2,0.03724058,0.96275944,23
1046,3,8,0.03617067,0.96382934,23
1046,4,16,0.036033675,0.9639663,23
1046,5,29,0.034721553,0.96527845,23
1047,1,9,0.038147308,0.96185267,23
1047,2,2,0.03767379,0.9623262,23
1047,3,8,0.03624285,0.96375716,23
1047,4,16,0.036040924,0.9639591,23
1047,5,29,0.034665156,0.96533483,23
1048,1,9,0.03822024,0.9617798,23
1048,2,2,0.03731694,0.9626831,23
1048,3,8,0.036262337,0.96373767,23
1048,4,16,0.0361315,0.9638685,23
1048,5,29,0.034773383,0.9652266,23
1049,1,9,0.03837419,0.9616258,23
1049,2,2,0.03742688,0.9625731,23
1049,3,8,0.03630095,0.96369904,23
1049,4,16,0.036012996,0.963987,23
1049,5,1,0.034902897,0.9650971,23
1050,1,9,0.038593244,0.96140677,23
1050,2,2,0.03724997,0.96275,23
1050,3,8,0.036215585,0.9637844,23
1050,4,16,0.03609181,0.9639082,23
1050,5,1,0.03483957,0.9651604,23
1051,1,9,0.03816269,0.9618373,23
1051,2,2,0.037696235,0.96230376,23
1051,3,8,0.036246296,0.9637537,23
1051,4,16,0.03602781,0.9639722,23
1051,5,29,0.03472894,0.96527106,23
1052,1,9,0.03834796,0.96165204,23
1052,2,2,0.03735726,0.9626427,23
1052,3,8,0.0362407,0.9637593,23
1052,4,16,0.036178134,0.9638219,23
1052,5,29,0.034745954,0.96525407,23
1053,1,9,0.038029235,0.96197075,23
1053,2,2,0.037576437,0.96242356,23
1053,3,8,0.036236744,0.96376324,23
1053,4,16,0.036210567,0.96378946,23
1053,5,1,0.03498127,0.96501875,23
1054,1,9,0.037965856,0.96203417,23
1054,2,2,0.037554547,0.96244544,23
1054,3,16,0.036317773,0.96368223,23
1054,4,8,0.036145117,0.9638549,23
1054,5,29,0.034788214,0.9652118,23
1055,1,9,0.03835172,0.9616483,23
1055,2,2,0.03758775,0.96241224,23
1055,3,8,0.036381464,0.9636185,23
1055,4,16,0.036016773,0.96398324,23
1055,5,29,0.034747284,0.9652527,23
1056,1,9,0.038248654,0.96175134,23
1056,2,2,0.03765609,0.96234393,23
1056,3,8,0.036102366,0.96389765,23
1056,4,16,0.036012467,0.9639875,23
1056,5,29,0.034862395,0.9651376,23
1057,1,9,0.038036022,0.96196395,23
1057,2,2,0.037355177,0.9626448,23
1057,3,8,0.036368057,0.9636319,23
1057,4,16,0.036235612,0.96376437,23
1057,5,29,0.034863085,0.9651369,23
1058,1,9,0.03844112,0.9615589,23
1058,2,2,0.037459612,0.9625404,23
1058,3,8,0.036102694,0.9638973,23
1058,4,16,0.036070935,0.96392906,23
1058,5,29,0.03471446,0.96528554,23
1059,1,9,0.038056344,0.9619436,23
1059,2,2,0.037765328,0.9622347,23
1059,3,8,0.03642948,0.96357054,23
1059,4,16,0.03591162,0.9640884,23
1059,5,29,0.034862574,0.9651374,23
1060,1,9,0.038263377,0.9617366,23
1060,2,2,0.037700575,0.9622994,23
1060,3,8,0.03622261,0.96377736,23
1060,4,16,0.035882268,0.9641177,23
1060,5,1,0.034827296,0.9651727,23
1061,1,9,0.03800487,0.9619951,23
1061,2,2,0.03748987,0.9625101,23
1061,3,16,0.03638765,0.9636124,23
1061,4,8,0.03626228,0.9637377,23
1061,5,29,0.034844566,0.9651554,23
1062,1,9,0.03799977,0.96200025,23
1062,2,2,0.03727545,0.96272457,23
1062,3,16,0.036596432,0.9634036,23
1062,4,8,0.03615618,0.9638438,23
1062,5,29,0.03490299,0.965097,23
1063,1,9,0.038323857,0.9616761,23
1063,2,2,0.03726696,0.96273303,23
1063,3,16,0.036349636,0.96365035,23
1063,4,8,0.036064688,0.9639353,23
1063,5,29,0.034829844,0.96517015,23
1064,1,9,0.037980754,0.96201926,23
1064,2,2,0.037765384,0.9622346,23
1064,3,8,0.036331616,0.9636684,23
1064,4,16,0.036016412,0.9639836,23
1064,5,29,0.034948025,0.96505195,23
1065,1,9,0.038288295,0.9617117,23
1065,2,2,0.03769764,0.9623024,23
1065,3,16,0.036207873,0.96379215,23
1065,4,8,0.03604977,0.9639502,23
1065,5,29,0.03481859,0.9651814,23
1066,1,9,0.038204517,0.9617955,23
1066,2,2,0.03784019,0.9621598,23
1066,3,8,0.036188785,0.9638112,23
1066,4,16,0.035985902,0.9640141,23
1066,5,29,0.03489171,0.9651083,23
1067,1,9,0.038053397,0.9619466,23
1067,2,2,0.037445106,0.9625549,23
1067,3,16,0.03636153,0.9636385,23
1067,4,8,0.036144435,0.96385556,23
1067,5,29,0.034730807,0.9652692,23
1068,1,2,0.03820873,0.9617913,23
1068,2,9,0.0381944,0.9618056,23
1068,3,8,0.036251705,0.9637483,23
1068,4,16,0.035587147,0.96441287,23
1068,5,1,0.03506138,0.96493864,23
1069,1,9,0.037915558,0.9620844,23
1069,2,2,0.037658416,0.9623416,23
1069,3,16,0.036187284,0.9638127,23
1069,4,8,0.036149323,0.9638507,23
1069,5,29,0.034910567,0.96508944,23
1070,1,9,0.038638406,0.9613616,23
1070,2,2,0.037807666,0.96219236,23
1070,3,8,0.035983257,0.96401674,23
1070,4,16,0.03586381,0.9641362,23
1070,5,18,0.03457341,0.96542656,23
1071,1,9,0.038159855,0.96184015,23
1071,2,2,0.037350435,0.9626496,23
1071,3,8,0.03621765,0.96378237,23
1071,4,16,0.03619582,0.9638042,23
1071,5,29,0.034852434,0.96514755,23
1072,1,9,0.038484503,0.9615155,23
1072,2,2,0.037802823,0.9621972,23
1072,3,8,0.036429904,0.9635701,23
1072,4,16,0.03572888,0.9642711,23
1072,5,1,0.03487952,0.9651205,23
1073,1,9,0.038220447,0.96177953,23
1073,2,2,0.037479613,0.96252036,23
1073,3,8,0.03618599,0.963814,23
1073,4,16,0.03611907,0.96388096,23
1073,5,1,0.034754213,0.9652458,23
1074,1,9,0.038156155,0.96184385,23
1074,2,2,0.037481744,0.9625183,23
1074,3,8,0.036207914,0.9637921,23
1074,4,16,0.036096346,0.96390367,23
1074,5,29,0.03471232,0.9652877,23
1075,1,9,0.03841059,0.9615894,23
1075,2,2,0.037821762,0.96217823,23
1075,3,8,0.03619743,0.9638026,23
1075,4,16,0.03588239,0.9641176,23
1075,5,1,0.034658436,0.96534157,23
1076,1,9,0.038494207,0.9615058,23
1076,2,2,0.037591808,0.9624082,23
1076,3,16,0.03603061,0.9639694,23
1076,4,8,0.03602966,0.96397036,23
1076,5,29,0.03469328,0.9653067,23
1077,1,9,0.03831891,0.96168107,23
1077,2,2,0.037752792,0.9622472,23
1077,3,8,0.036213517,0.9637865,23
1077,4,16,0.036070853,0.9639292,23
1077,5,29,0.03475258,0.9652474,23
1078,1,9,0.038052827,0.9619472,23
1078,2,2,0.03741214,0.96258783,23
1078,3,16,0.036456276,0.9635437,23
1078,4,8,0.036209308,0.9637907,23
1078,5,29,0.0348555,0.9651445,23
1079,1,9,0.03808479,0.9619152,23
1079,2,2,0.038061924,0.9619381,23
1079,3,8,0.036349252,0.96365076,23
1079,4,16,0.035824288,0.9641757,23
1079,5,1,0.03486986,0.96513015,23
1080,1,9,0.038205184,0.9617948,23
1080,2,2,0.03785551,0.9621445,23
1080,3,8,0.036144335,0.9638557,23
1080,4,16,0.036005072,0.9639949,23
1080,5,1,0.034801703,0.9651983,23
1081,1,9,0.038395923,0.96160406,23
1081,2,2,0.03760185,0.9623982,23
1081,3,8,0.036121115,0.96387887,23
1081,4,16,0.036020305,0.9639797,23
1081,5,29,0.03471282,0.9652872,23
1082,1,9,0.038243044,0.96175694,23
1082,2,2,0.037813265,0.96218675,23
1082,3,8,0.036078706,0.9639213,23
1082,4,16,0.036028028,0.963972,23
1082,5,29,0.034696113,0.9653039,23
1083,1,9,0.038271185,0.9617288,23
1083,2,2,0.037552807,0.96244717,23
1083,3,8,0.036268238,0.96373177,23
1083,4,16,0.036035698,0.9639643,23
1083,5,1,0.034796964,0.96520305,23
1084,1,9,0.03833663,0.96166337,23
1084,2,2,0.037608057,0.962392,23
1084,3,8,0.03614927,0.96385074,23
1084,4,16,0.036023937,0.9639761,23
1084,5,29,0.03464894,0.96535105,23
1085,1,9,0.038139615,0.96186036,23
1085,2,2,0.037841592,0.9621584,23
1085,3,8,0.036402225,0.9635978,23
1085,4,16,0.03588086,0.96411914,23
1085,5,29,0.034849633,0.96515036,23
1086,1,9,0.038223688,0.9617763,23
1086,2,2,0.037684973,0.962315,23
1086,3,8,0.036331702,0.9636683,23
1086,4,16,0.036020085,0.9639799,23
1086,5,29,0.034752943,0.96524704,23
1087,1,9,0.038613822,0.9613862,23
1087,2,2,0.037828255,0.96217173,23
1087,3,8,0.036113385,0.9638866,23
1087,4,16,0.03582711,0.9641729,23
1087,5,1,0.03472312,0.9652769,23
1088,1,9,0.038325086,0.9616749,23
1088,2,2,0.03726888,0.9627311,23
1088,3,8,0.03628803,0.963712,23
1088,4,16,0.036279544,0.96372044,23
1088,5,29,0.034751724,0.9652483,23
1089,1,9,0.038142636,0.9618574,23
1089,2,2,0.037743095,0.9622569,23
1089,3,8,0.03626993,0.9637301,23
1089,4,16,0.036075234,0.96392477,23
1089,5,29,0.03493861,0.96506137,23
1090,1,9,0.038303412,0.96169657,23
1090,2,2,0.03792338,0.9620766,23
1090,3,8,0.03619099,0.963809,23
1090,4,16,0.035856713,0.9641433,23
1090,5,1,0.034946825,0.9650532,23
1091,1,9,0.03841693,0.9615831,23
1091,2,2,0.037956946,0.96204305,23
1091,3,8,0.03613585,0.96386415,23
1091,4,16,0.035769958,0.96423006,23
1091,5,1,0.034574173,0.96542585,23
1092,1,9,0.038183454,0.96181655,23
1092,2,2,0.03777907,0.9622209,23
1092,3,8,0.036087237,0.9639128,23
1092,4,16,0.03592722,0.96407276,23
1092,5,1,0.034623943,0.9653761,23
1093,1,9,0.038258757,0.96174127,23
1093,2,2,0.037440192,0.9625598,23
1093,3,16,0.03621538,0.96378464,23
1093,4,8,0.036212754,0.96378726,23
1093,5,29,0.034757726,0.96524227,23
1094,1,9,0.038058437,0.96194154,23
1094,2,2,0.037449867,0.96255016,23
1094,3,8,0.036554802,0.9634452,23
1094,4,16,0.035987876,0.96401215,23
1094,5,29,0.034822453,0.96517754,23
1095,1,9,0.038297385,0.9617026,23
1095,2,2,0.037789963,0.96221006,23
1095,3,8,0.03625059,0.9637494,23
1095,4,16,0.036085274,0.96391475,23
1095,5,29,0.03463914,0.9653609,23
1096,1,9,0.038171023,0.96182895,23
1096,2,2,0.03736305,0.96263695,23
1096,3,16,0.03624763,0.9637524,23
1096,4,8,0.03618777,0.96381223,23
1096,5,29,0.03479074,0.96520925,23
1097,1,9,0.038196985,0.961803,23
1097,2,2,0.03796729,0.96203274,23
1097,3,8,0.036163114,0.9638369,23
1097,4,16,0.03597783,0.96402216,23
1097,5,29,0.034623202,0.9653768,23
1098,1,9,0.03812785,0.96187216,23
1098,2,2,0.03730647,0.9626935,23
1098,3,8,0.03630962,0.9636904,23
1098,4,16,0.036252122,0.96374786,23
1098,5,1,0.034770153,0.96522987,23
1099,1,9,0.038199645,0.96180034,23
1099,2,2,0.03764587,0.9623541,23
1099,3,8,0.036267273,0.9637327,23
1099,4,16,0.035962287,0.9640377,23
1099,5,29,0.0347618,0.9652382,23
1100,1,9,0.03817019,0.9618298,23
1100,2,2,0.037416007,0.962584,23
1100,3,16,0.03625228,0.96374774,23
1100,4,8,0.036178097,0.9638219,23
1100,5,29,0.034852818,0.9651472,23
1101,1,9,0.038306434,0.9616936,23
1101,2,2,0.03773785,0.96226215,23
1101,3,8,0.036377918,0.9636221,23
1101,4,16,0.035925422,0.96407455,23
1101,5,29,0.034696054,0.96530396,23
1102,1,9,0.038149856,0.96185017,23
1102,2,2,0.03778687,0.96221316,23
1102,3,16,0.036102984,0.963897,23
1102,4,8,0.03607842,0.9639216,23
1102,5,29,0.034688503,0.9653115,23
1103,1,9,0.03800319,0.9619968,23
1103,2,2,0.037757833,0.9622422,23
1103,3,8,0.036315043,0.963685,23
1103,4,16,0.035902727,0.96409726,23
1103,5,29,0.034863714,0.9651363,23
1104,1,9,0.038158484,0.9618415,23
1104,2,2,0.037390944,0.96260905,23
1104,3,16,0.036383774,0.96361625,23
1104,4,8,0.036067124,0.9639329,23
1104,5,29,0.034714155,0.96528584,23
1105,1,9,0.038277153,0.96172285,23
1105,2,2,0.037839726,0.9621603,23
1105,3,8,0.035959285,0.9640407,23
1105,4,16,0.035877712,0.9641223,23
1105,5,29,0.03476575,0.9652343,23
1106,1,9,0.038169973,0.96183,23
1106,2,2,0.03758463,0.9624154,23
1106,3,8,0.036248356,0.9637517,23
1106,4,16,0.0361802,0.9638198,23
1106,5,29,0.034786634,0.96521336,23
1107,1,9,0.038314138,0.96168584,23
1107,2,2,0.037572354,0.9624276,23
1107,3,8,0.03624046,0.96375954,23
1107,4,16,0.036040083,0.96395993,23
1107,5,29,0.034813747,0.96518624,23
1108,1,9,0.038313594,0.96168643,23
1108,2,2,0.037444927,0.96255505,23
1108,3,8,0.03626052,0.96373945,23
1108,4,16,0.03599041,0.9640096,23
1108,5,29,0.034686595,0.96531343,23
1109,1,9,0.03833638,0.9616636,23
1109,2,2,0.037718274,0.9622817,23
1109,3,16,0.036134638,0.96386534,23
1109,4,8,0.035806075,0.96419394,23
1109,5,29,0.034755975,0.96524405,23
1110,1,9,0.03814745,0.96185255,23
1110,2,2,0.03810881,0.9618912,23
1110,3,8,0.036157273,0.96384275,23
1110,4,16,0.03564375,0.96435624,23
1110,5,1,0.034966532,0.9650335,23
1111,1,9,0.03836238,0.9616376,23
1111,2,2,0.03781733,0.96218264,23
1111,3,8,0.036278136,0.9637219,23
1111,4,16,0.03594678,0.9640532,23
1111,5,1,0.03461139,0.9653886,23
1112,1,9,0.03826692,0.9617331,23
1112,2,2,0.037346747,0.9626533,23
1112,3,8,0.036277924,0.96372205,23
1112,4,16,0.036111392,0.9638886,23
1112,5,1,0.03492517,0.96507484,23
1113,1,9,0.038034804,0.9619652,23
1113,2,2,0.03768591,0.96231407,23
1113,3,8,0.036224388,0.96377563,23
1113,4,16,0.036191165,0.96380883,23
1113,5,29,0.034796834,0.96520317,23
1114,1,9,0.038095824,0.96190417,23
1114,2,2,0.037704706,0.9622953,23
1114,3,8,0.03639846,0.9636015,23
1114,4,16,0.03609582,0.9639042,23
1114,5,29,0.03496629,0.9650337,23
1115,1,9,0.03851424,0.96148574,23
1115,2,2,0.037776668,0.96222335,23
1115,3,8,0.03633543,0.9636646,23
1115,4,16,0.035812747,0.96418726,23
1115,5,1,0.034779374,0.96522063,23
1116,1,9,0.03816098,0.961839,23
1116,2,2,0.03733037,0.9626696,23
1116,3,8,0.036394496,0.9636055,23
1116,4,16,0.03622253,0.9637775,23
1116,5,29,0.035131965,0.964868,23
1117,1,9,0.038139563,0.9618604,23
1117,2,2,0.037375566,0.96262443,23
1117,3,16,0.036154818,0.9638452,23
1117,4,8,0.036140405,0.9638596,23
1117,5,29,0.034722477,0.96527755,23
1118,1,9,0.038338933,0.96166104,23
1118,2,2,0.037721105,0.9622789,23
1118,3,8,0.036201652,0.96379834,23
1118,4,16,0.03600383,0.9639962,23
1118,5,29,0.034654345,0.9653457,23
1119,1,9,0.038029373,0.9619706,23
1119,2,2,0.03765893,0.96234107,23
1119,3,16,0.03625773,0.96374226,23
1119,4,8,0.036082033,0.963918,23
1119,5,1,0.034787282,0.9652127,23
1120,1,9,0.03856875,0.96143126,23
1120,2,2,0.037794247,0.96220577,23
1120,3,8,0.036127206,0.9638728,23
1120,4,16,0.035908982,0.964091,23
1120,5,29,0.03454537,0.96545464,23
1121,1,9,0.038483746,0.96151626,23
1121,2,2,0.03753837,0.96246165,23
1121,3,8,0.036115013,0.963885,23
1121,4,16,0.036019698,0.9639803,23
1121,5,29,0.034663256,0.96533674,23
1122,1,9,0.038345475,0.96165454,23
1122,2,2,0.037700184,0.9622998,23
1122,3,8,0.036252573,0.96374744,23
1122,4,16,0.035965856,0.96403414,23
1122,5,1,0.034733463,0.9652665,23
1123,1,9,0.037958644,0.9620414,23
1123,2,2,0.037410386,0.9625896,23
1123,3,16,0.036495715,0.9635043,23
1123,4,8,0.036259063,0.96374094,23
1123,5,29,0.034980275,0.9650197,23
1124,1,9,0.03831275,0.96168727,23
1124,2,2,0.03761695,0.96238303,23
1124,3,8,0.036227487,0.96377254,23
1124,4,16,0.036013156,0.9639869,23
1124,5,29,0.03480998,0.96519,23
1125,1,9,0.03859116,0.96140885,23
1125,2,2,0.037632212,0.9623678,23
1125,3,8,0.036145132,0.96385485,23
1125,4,16,0.035878263,0.96412176,23
1125,5,1,0.03471098,0.965289,23
1126,1,9,0.038225327,0.96177465,23
1126,2,2,0.037760906,0.9622391,23
1126,3,8,0.036169633,0.96383035,23
1126,4,16,0.035941683,0.96405834,23
1126,5,1,0.03492254,0.96507746,23
1127,1,9,0.038143434,0.96185654,23
1127,2,2,0.03728916,0.96271086,23
1127,3,8,0.036463555,0.96353644,23
1127,4,16,0.03633758,0.96366245,23
1127,5,29,0.034843132,0.96515685,23
1128,1,9,0.0380863,0.9619137,23
1128,2,2,0.03760992,0.96239007,23
1128,3,8,0.036291283,0.9637087,23
1128,4,16,0.036203817,0.9637962,23
1128,5,29,0.034908976,0.96509105,23
1129,1,9,0.038188085,0.9618119,23
1129,2,2,0.03732481,0.9626752,23
1129,3,8,0.03634279,0.9636572,23
1129,4,16,0.03621232,0.9637877,23
1129,5,29,0.034910377,0.9650896,23
1130,1,9,0.03831832,0.96168166,23
1130,2,2,0.037533056,0.96246696,23
1130,3,8,0.036358163,0.9636418,23
1130,4,16,0.036026094,0.9639739,23
1130,5,29,0.034723174,0.96527684,23
1131,1,9,0.03835846,0.96164155,23
1131,2,2,0.03773144,0.9622686,23
1131,3,8,0.03616407,0.96383595,23
1131,4,16,0.035808913,0.9641911,23
1131,5,1,0.03472509,0.96527493,23
1132,1,9,0.038180925,0.96181905,23
1132,2,2,0.037419915,0.9625801,23
1132,3,8,0.036241047,0.96375895,23
1132,4,16,0.036035895,0.9639641,23
1132,5,1,0.034889832,0.9651102,23
1133,1,9,0.03819208,0.9618079,23
1133,2,2,0.03742021,0.9625798,23
1133,3,8,0.036383577,0.96361643,23
1133,4,16,0.03612865,0.96387136,23
1133,5,29,0.03510143,0.9648986,23
1134,1,9,0.03819089,0.9618091,23
1134,2,2,0.03751934,0.96248066,23
1134,3,8,0.03629937,0.96370065,23
1134,4,16,0.036069963,0.96393,23
1134,5,1,0.034867894,0.9651321,23
1135,1,9,0.03855524,0.96144474,23
1135,2,2,0.03742295,0.96257704,23
1135,3,8,0.036161065,0.96383893,23
1135,4,16,0.03608828,0.9639117,23
1135,5,29,0.034754813,0.9652452,23
1136,1,9,0.038353827,0.9616462,23
1136,2,2,0.037228316,0.96277165,23
1136,3,8,0.0362231,0.9637769,23
1136,4,16,0.036164347,0.96383566,23
1136,5,1,0.034813087,0.9651869,23
1137,1,9,0.038267985,0.96173203,23
1137,2,2,0.03754266,0.96245736,23
1137,3,8,0.036250815,0.9637492,23
1137,4,16,0.035986044,0.96401393,23
1137,5,1,0.034818556,0.96518147,23
1138,1,9,0.03801118,0.9619888,23
1138,2,2,0.037528053,0.96247196,23
1138,3,8,0.03616388,0.96383613,23
1138,4,16,0.03606035,0.96393967,23
1138,5,1,0.034842502,0.9651575,23
1139,1,9,0.038142983,0.961857,23
1139,2,2,0.037367966,0.96263206,23
1139,3,16,0.03627077,0.9637292,23
1139,4,8,0.03626762,0.96373236,23
1139,5,29,0.035074364,0.96492565,23
1140,1,9,0.038082015,0.961918,23
1140,2,2,0.037390623,0.96260935,23
1140,3,16,0.036349665,0.96365035,23
1140,4,8,0.036309134,0.9636909,23
1140,5,29,0.034864396,0.9651356,23
1141,1,9,0.038289204,0.9617108,23
1141,2,2,0.037684683,0.9623153,23
1141,3,16,0.036228593,0.9637714,23
1141,4,8,0.035925314,0.9640747,23
1141,5,29,0.034717828,0.9652822,23
1142,1,9,0.03813264,0.96186733,23
1142,2,2,0.037536643,0.9624634,23
1142,3,8,0.03624085,0.9637591,23
1142,4,16,0.036035363,0.96396464,23
1142,5,29,0.034774717,0.9652253,23
1143,1,9,0.038225066,0.96177495,23
1143,2,2,0.03790883,0.96209115,23
1143,3,8,0.036111664,0.96388835,23
1143,4,16,0.035768528,0.9642315,23
1143,5,1,0.034737386,0.9652626,23
1144,1,9,0.03819642,0.96180356,23
1144,2,2,0.03777381,0.9622262,23
1144,3,8,0.036232963,0.96376705,23
1144,4,16,0.03605604,0.96394396,23
1144,5,1,0.034707673,0.96529233,23
1145,1,9,0.038240306,0.9617597,23
1145,2,2,0.037607167,0.9623928,23
1145,3,8,0.036180984,0.963819,23
1145,4,16,0.036030453,0.9639695,23
1145,5,29,0.034738027,0.965262,23
1146,1,9,0.038033377,0.96196663,23
1146,2,2,0.037635013,0.962365,23
1146,3,8,0.03620786,0.96379215,23
1146,4,16,0.036135424,0.96386456,23
1146,5,29,0.035289265,0.9647107,23
1147,1,9,0.038461585,0.96153843,23
1147,2,2,0.037809,0.962191,23
1147,3,8,0.036464423,0.96353555,23
1147,4,16,0.035815667,0.96418434,23
1147,5,1,0.034740407,0.9652596,23
1148,1,9,0.038178686,0.9618213,23
1148,2,2,0.037417196,0.9625828,23
1148,3,8,0.03627489,0.9637251,23
1148,4,16,0.036176126,0.96382385,23
1148,5,29,0.03480217,0.9651978,23
1149,1,9,0.038166568,0.9618334,23
1149,2,2,0.03781904,0.962181,23
1149,3,8,0.036150478,0.96384954,23
1149,4,16,0.03588711,0.9641129,23
1149,5,29,0.034841534,0.96515846,23
1150,1,9,0.038079552,0.96192044,23
1150,2,2,0.037602153,0.9623979,23
1150,3,16,0.03625784,0.96374214,23
1150,4,8,0.036226597,0.9637734,23
1150,5,29,0.0348621,0.9651379,23
1151,1,9,0.03849352,0.9615065,23
1151,2,2,0.037358884,0.9626411,23
1151,3,8,0.03628893,0.9637111,23
1151,4,16,0.03605527,0.96394473,23
1151,5,29,0.034813326,0.96518666,23
1152,1,9,0.038084522,0.9619155,23
1152,2,2,0.037582014,0.96241796,23
1152,3,8,0.036392156,0.96360785,23
1152,4,16,0.03618948,0.9638105,23
1152,5,29,0.03493758,0.96506244,23
1153,1,9,0.038309857,0.9616901,23
1153,2,2,0.03754541,0.9624546,23
1153,3,8,0.03637267,0.96362734,23
1153,4,16,0.035957333,0.96404266,23
1153,5,1,0.034811772,0.9651882,23
1154,1,9,0.038316302,0.9616837,23
1154,2,2,0.03757103,0.962429,23
1154,3,8,0.03619372,0.9638063,23
1154,4,16,0.03605213,0.9639479,23
1154,5,1,0.034640007,0.96536,23
1155,1,9,0.03783273,0.96216726,23
1155,2,2,0.037686322,0.96231365,23
1155,3,8,0.03639216,0.96360785,23
1155,4,16,0.036113642,0.9638864,23
1155,5,29,0.035024546,0.9649755,23
1156,1,9,0.03809094,0.96190906,23
1156,2,2,0.03772254,0.9622775,23
1156,3,8,0.03628763,0.9637124,23
1156,4,16,0.035973996,0.964026,23
1156,5,1,0.035068225,0.9649318,23
1157,1,9,0.038015157,0.9619849,23
1157,2,2,0.037427343,0.96257263,23
1157,3,16,0.036358308,0.9636417,23
1157,4,8,0.036268506,0.96373147,23
1157,5,29,0.035006642,0.96499336,23
1158,1,9,0.03808762,0.9619124,23
1158,2,2,0.037567563,0.96243244,23
1158,3,16,0.036318474,0.9636815,23
1158,4,8,0.036168355,0.96383166,23
1158,5,29,0.034712207,0.9652878,23
1159,1,9,0.038185257,0.96181476,23
1159,2,2,0.03771536,0.9622846,23
1159,3,16,0.036202315,0.9637977,23
1159,4,8,0.0360209,0.9639791,23
1159,5,29,0.034772124,0.9652279,23
1160,1,9,0.038419776,0.9615802,23
1160,2,2,0.037963167,0.96203685,23
1160,3,8,0.03605903,0.963941,23
1160,4,16,0.03596003,0.96404,23
1160,5,1,0.034571417,0.9654286,23
1161,1,9,0.038221385,0.96177864,23
1161,2,2,0.037946112,0.9620539,23
1161,3,8,0.03617397,0.96382606,23
1161,4,16,0.035911445,0.96408856,23
1161,5,1,0.03481149,0.9651885,23
1162,1,9,0.038298637,0.9617014,23
1162,2,2,0.037731968,0.96226805,23
1162,3,8,0.036154162,0.96384585,23
1162,4,16,0.035977416,0.9640226,23
1162,5,1,0.034752488,0.9652475,23
1163,1,9,0.038261037,0.96173894,23
1163,2,2,0.037708696,0.9622913,23
1163,3,8,0.0362773,0.9637227,23
1163,4,16,0.036051176,0.96394885,23
1163,5,29,0.034782328,0.96521765,23
1164,1,9,0.03818058,0.9618194,23
1164,2,2,0.037760247,0.96223974,23
1164,3,8,0.036297146,0.96370286,23
1164,4,16,0.035731237,0.96426874,23
1164,5,1,0.03493625,0.96506375,23
1165,1,9,0.03803053,0.9619695,23
1165,2,2,0.037315622,0.9626844,23
1165,3,16,0.036381844,0.96361816,23
1165,4,8,0.036244463,0.96375555,23
1165,5,29,0.034958936,0.96504104,23
1166,1,9,0.038206298,0.9617937,23
1166,2,2,0.03737205,0.96262795,23
1166,3,8,0.036492966,0.96350706,23
1166,4,16,0.035865214,0.9641348,23
1166,5,1,0.03480984,0.9651902,23
1167,1,9,0.038208354,0.96179163,23
1167,2,2,0.037903804,0.9620962,23
1167,3,8,0.03619715,0.9638029,23
1167,4,16,0.035921425,0.96407855,23
1167,5,1,0.034678478,0.96532154,23
1168,1,9,0.03828077,0.9617192,23
1168,2,2,0.037861623,0.96213835,23
1168,3,8,0.036320213,0.9636798,23
1168,4,16,0.035904612,0.9640954,23
1168,5,1,0.03491878,0.9650812,23
1169,1,9,0.0382156,0.9617844,23
1169,2,2,0.03780429,0.9621957,23
1169,3,8,0.036303293,0.9636967,23
1169,4,16,0.035955854,0.96404415,23
1169,5,1,0.034668647,0.9653314,23
1170,1,9,0.037890393,0.9621096,23
1170,2,2,0.0374612,0.9625388,23
1170,3,16,0.036354907,0.9636451,23
1170,4,8,0.036319394,0.9636806,23
1170,5,29,0.03499037,0.9650096,23
1171,1,9,0.037988946,0.96201104,23
1171,2,2,0.03739565,0.96260434,23
1171,3,16,0.03681013,0.96318984,23
1171,4,8,0.03617738,0.9638226,23
1171,5,29,0.03499077,0.9650092,23
1172,1,9,0.038208988,0.96179104,23
1172,2,2,0.037539724,0.9624603,23
1172,3,8,0.036311645,0.9636884,23
1172,4,16,0.0359653,0.9640347,23
1172,5,1,0.035034925,0.9649651,23
1173,1,9,0.038270477,0.9617295,23
1173,2,2,0.037905835,0.9620942,23
1173,3,8,0.03614393,0.9638561,23
1173,4,16,0.035753194,0.9642468,23
1173,5,29,0.034603775,0.9653962,23
1174,1,9,0.03823962,0.9617604,23
1174,2,2,0.037633363,0.96236664,23
1174,3,16,0.036215223,0.96378475,23
1174,4,8,0.03615033,0.96384966,23
1174,5,29,0.03471189,0.9652881,23
1175,1,9,0.037989303,0.9620107,23
1175,2,2,0.037496243,0.96250373,23
1175,3,8,0.036450084,0.9635499,23
1175,4,16,0.036145505,0.9638545,23
1175,5,29,0.035144143,0.96485585,23
1176,1,9,0.0385841,0.9614159,23
1176,2,2,0.037523404,0.9624766,23
1176,3,16,0.03607287,0.96392715,23
1176,4,8,0.035870217,0.9641298,23
1176,5,29,0.034673236,0.9653268,23
1177,1,9,0.03834651,0.9616535,23
1177,2,2,0.03755729,0.9624427,23
1177,3,8,0.036311027,0.96368897,23
1177,4,16,0.03581361,0.9641864,23
1177,5,1,0.034751125,0.9652489,23
1178,1,9,0.038362104,0.9616379,23
1178,2,2,0.037464287,0.96253574,23
1178,3,8,0.036204495,0.9637955,23
1178,4,16,0.03593315,0.96406686,23
1178,5,1,0.034744274,0.96525574,23
1179,1,9,0.038006794,0.9619932,23
1179,2,2,0.037483215,0.9625168,23
1179,3,16,0.036376502,0.9636235,23
1179,4,8,0.036141824,0.9638582,23
1179,5,29,0.0348158,0.9651842,23
1180,1,9,0.03838499,0.961615,23
1180,2,2,0.037989654,0.9620103,23
1180,3,8,0.036095724,0.96390426,23
1180,4,16,0.035752237,0.96424776,23
1180,5,1,0.034688216,0.96531177,23
1181,1,9,0.03819742,0.9618026,23
1181,2,2,0.03790563,0.96209437,23
1181,3,8,0.036169022,0.96383095,23
1181,4,16,0.03593172,0.9640683,23
1181,5,29,0.03468756,0.9653124,23
1182,1,9,0.038006335,0.9619937,23
1182,2,2,0.037521303,0.9624787,23
1182,3,8,0.036264177,0.9637358,23
1182,4,16,0.036015835,0.9639842,23
1182,5,1,0.03492699,0.965073,23
1183,1,9,0.038184337,0.96181566,23
1183,2,2,0.037719443,0.9622806,23
1183,3,8,0.036012918,0.9639871,23
1183,4,16,0.035918284,0.9640817,23
1183,5,1,0.034717057,0.9652829,23
1184,1,9,0.037875645,0.96212435,23
1184,2,2,0.03755936,0.9624406,23
1184,3,8,0.036290005,0.96371,23
1184,4,16,0.03619742,0.9638026,23
1184,5,29,0.03513676,0.96486324,23
1185,1,9,0.038359705,0.9616403,23
1185,2,2,0.037779067,0.9622209,23
1185,3,8,0.0362568,0.9637432,23
1185,4,16,0.03590233,0.9640977,23
1185,5,29,0.03468582,0.96531415,23
1186,1,9,0.038056448,0.96194357,23
1186,2,2,0.03750258,0.9624974,23
1186,3,8,0.036421716,0.9635783,23
1186,4,16,0.036084346,0.96391565,23
1186,5,29,0.034802064,0.9651979,23
1187,1,9,0.037963893,0.96203613,23
1187,2,2,0.03769391,0.9623061,23
1187,3,16,0.03624563,0.96375436,23
1187,4,8,0.036110155,0.96388984,23
1187,5,29,0.03466061,0.96533936,23
1188,1,9,0.03841199,0.961588,23
1188,2,2,0.03758136,0.9624186,23
1188,3,8,0.036277592,0.9637224,23
1188,4,16,0.035935737,0.96406424,23
1188,5,1,0.034695752,0.96530426,23
1189,1,9,0.038394082,0.9616059,23
1189,2,2,0.037384648,0.9626154,23
1189,3,8,0.036421295,0.9635787,23
1189,4,16,0.035853654,0.9641464,23
1189,5,1,0.034803137,0.96519685,23
1190,1,9,0.038401198,0.9615988,23
1190,2,2,0.037531406,0.9624686,23
1190,3,8,0.036341622,0.9636584,23
1190,4,16,0.035971295,0.9640287,23
1190,5,1,0.03471125,0.96528876,23
1191,1,9,0.03826942,0.9617306,23
1191,2,2,0.03735516,0.9626448,23
1191,3,8,0.03642997,0.96357,23
1191,4,16,0.03619537,0.9638046,23
1191,5,1,0.034770925,0.9652291,23
1192,1,9,0.038050465,0.9619495,23
1192,2,2,0.037407767,0.96259224,23
1192,3,16,0.03625571,0.9637443,23
1192,4,8,0.0362104,0.9637896,23
1192,5,1,0.03493198,0.96506804,23
1193,1,9,0.038341813,0.9616582,23
1193,2,2,0.03801779,0.9619822,23
1193,3,8,0.03623011,0.9637699,23
1193,4,16,0.03577528,0.9642247,23
1193,5,1,0.03496488,0.96503514,23
1194,1,9,0.038373634,0.96162635,23
1194,2,2,0.037714038,0.96228594,23
1194,3,8,0.036215838,0.96378416,23
1194,4,16,0.035947166,0.96405286,23
1194,5,29,0.03465296,0.96534705,23
1195,1,9,0.03821279,0.9617872,23
1195,2,2,0.03739181,0.9626082,23
1195,3,8,0.036234424,0.96376556,23
1195,4,16,0.036071993,0.963928,23
1195,5,1,0.034917854,0.96508217,23
1196,1,9,0.038115468,0.96188456,23
1196,2,2,0.037456047,0.96254396,23
1196,3,16,0.03626425,0.96373576,23
1196,4,8,0.03614971,0.96385026,23
1196,5,29,0.034917474,0.9650825,23
1197,1,9,0.03817884,0.96182114,23
1197,2,2,0.037751812,0.9622482,23
1197,3,8,0.036225487,0.9637745,23
1197,4,16,0.036099292,0.9639007,23
1197,5,1,0.034753673,0.9652463,23
1198,1,9,0.03830432,0.9616957,23
1198,2,2,0.037797496,0.9622025,23
1198,3,8,0.036178615,0.9638214,23
1198,4,16,0.035736345,0.9642637,23
1198,5,1,0.034685723,0.96531427,23
1199,1,9,0.038090847,0.9619092,23
1199,2,2,0.03748128,0.9625187,23
1199,3,8,0.03642718,0.9635728,23
1199,4,16,0.036110554,0.9638894,23
1199,5,29,0.034889337,0.96511066,23
1200,1,9,0.038294032,0.961706,23
1200,2,2,0.03772893,0.9622711,23
1200,3,8,0.036213808,0.9637862,23
1200,4,16,0.03597177,0.96402824,23
1200,5,1,0.03488814,0.96511185,23
1201,1,9,0.03812504,0.96187496,23
1201,2,2,0.037548974,0.96245104,23
1201,3,8,0.03625682,0.9637432,23
1201,4,16,0.036216963,0.963783,23
1201,5,29,0.03470718,0.9652928,23
1202,1,9,0.03798705,0.96201295,23
1202,2,2,0.037913937,0.9620861,23
1202,3,8,0.036368534,0.96363145,23
1202,4,16,0.035893086,0.9641069,23
1202,5,29,0.035040487,0.9649595,23
1203,1,9,0.038292356,0.96170765,23
1203,2,2,0.037683405,0.9623166,23
1203,3,8,0.03637911,0.9636209,23
1203,4,16,0.035757385,0.96424264,23
1203,5,1,0.034866545,0.9651334,23
1204,1,9,0.038488038,0.96151197,23
1204,2,2,0.03755759,0.9624424,23
1204,3,8,0.036089893,0.9639101,23
1204,4,16,0.036071878,0.9639281,23
1204,5,29,0.034581017,0.965419,23
1205,1,9,0.03820453,0.96179545,23
1205,2,2,0.037343685,0.9626563,23
1205,3,8,0.036275357,0.9637246,23
1205,4,16,0.03613696,0.963863,23
1205,5,29,0.03492024,0.9650798,23
1206,1,9,0.03820935,0.9617907,23
1206,2,2,0.037597418,0.9624026,23
1206,3,8,0.03638093,0.96361905,23
1206,4,16,0.0360891,0.9639109,23
1206,5,1,0.03474458,0.96525544,23
1207,1,9,0.038542636,0.9614574,23
1207,2,2,0.037939902,0.9620601,23
1207,3,8,0.03621382,0.9637862,23
1207,4,16,0.035725653,0.96427435,23
1207,5,1,0.034726396,0.9652736,23
1208,1,9,0.037934795,0.9620652,23
1208,2,2,0.037573416,0.9624266,23
1208,3,8,0.03627417,0.9637258,23
1208,4,16,0.036201797,0.9637982,23
1208,5,29,0.03494365,0.96505636,23
1209,1,9,0.038022064,0.96197796,23
1209,2,2,0.03744084,0.96255916,23
1209,3,8,0.03640887,0.9635911,23
1209,4,16,0.036059376,0.9639406,23
1209,5,29,0.034785192,0.9652148,23
1210,1,9,0.038320728,0.9616793,23
1210,2,2,0.037658103,0.9623419,23
1210,3,8,0.036231242,0.9637688,23
1210,4,16,0.0360373,0.9639627,23
1210,5,29,0.034745257,0.9652547,23
1211,1,9,0.03806425,0.96193576,23
1211,2,2,0.037634358,0.9623656,23
1211,3,16,0.036332574,0.96366745,23
1211,4,8,0.036144797,0.9638552,23
1211,5,29,0.034817465,0.96518254,23
1212,1,9,0.038425438,0.96157455,23
1212,2,2,0.037539452,0.9624605,23
1212,3,8,0.03633281,0.9636672,23
1212,4,16,0.036139403,0.9638606,23
1212,5,29,0.034622654,0.96537733,23
1213,1,9,0.038306955,0.96169305,23
1213,2,2,0.037449,0.962551,23
1213,3,8,0.036173165,0.96382684,23
1213,4,16,0.036113333,0.9638867,23
1213,5,1,0.03475922,0.9652408,23
1214,1,9,0.03812532,0.96187466,23
1214,2,2,0.037494726,0.9625053,23
1214,3,8,0.036440585,0.9635594,23
1214,4,16,0.035990242,0.96400976,23
1214,5,29,0.034979183,0.96502084,23
1215,1,9,0.038098466,0.96190155,23
1215,2,2,0.0377679,0.9622321,23
1215,3,8,0.03640473,0.9635953,23
1215,4,16,0.03597034,0.96402967,23
1215,5,29,0.034896184,0.9651038,23
1216,1,9,0.038059913,0.9619401,23
1216,2,2,0.037632637,0.96236736,23
1216,3,16,0.03618796,0.96381205,23
1216,4,8,0.036027893,0.9639721,23
1216,5,1,0.034750726,0.9652493,23
1217,1,9,0.03843485,0.96156514,23
1217,2,2,0.037679356,0.9623206,23
1217,3,16,0.036064368,0.9639356,23
1217,4,8,0.03606268,0.96393734,23
1217,5,29,0.03471876,0.96528125,23
1218,1,9,0.038007084,0.9619929,23
1218,2,2,0.037446808,0.9625532,23
1218,3,16,0.036499064,0.9635009,23
1218,4,8,0.036223464,0.9637765,23
1218,5,29,0.0348748,0.9651252,23
1219,1,9,0.038229965,0.96177006,23
1219,2,2,0.03740697,0.962593,23
1219,3,8,0.03631392,0.9636861,23
1219,4,16,0.036150627,0.96384937,23
1219,5,29,0.03481575,0.9651843,23
1220,1,9,0.03817514,0.96182483,23
1220,2,2,0.037742767,0.9622572,23
1220,3,8,0.036354117,0.9636459,23
1220,4,16,0.03585122,0.96414876,23
1220,5,1,0.034743138,0.96525687,23
1221,1,9,0.037979867,0.96202016,23
1221,2,2,0.03759489,0.9624051,23
1221,3,16,0.03634127,0.96365875,23
1221,4,8,0.036086965,0.963913,23
1221,5,1,0.034936257,0.96506375,23
1222,1,9,0.037935853,0.96206415,23
1222,2,2,0.03757534,0.96242464,23
1222,3,8,0.036313973,0.96368605,23
1222,4,16,0.036193494,0.9638065,23
1222,5,29,0.035033863,0.9649661,23
1223,1,9,0.03833822,0.96166176,23
1223,2,2,0.037383813,0.9626162,23
1223,3,8,0.036196124,0.9638039,23
1223,4,16,0.036179777,0.9638202,23
1223,5,29,0.03472639,0.9652736,23
1224,1,9,0.038034916,0.9619651,23
1224,2,2,0.037515797,0.9624842,23
1224,3,16,0.036239725,0.96376026,23
1224,4,8,0.036157716,0.9638423,23
1224,5,29,0.034965448,0.96503454,23
1225,1,9,0.03813792,0.9618621,23
1225,2,2,0.037426528,0.96257347,23
1225,3,16,0.03635563,0.9636444,23
1225,4,8,0.036082316,0.9639177,23
1225,5,29,0.034694646,0.9653053,23
1226,1,9,0.038066894,0.96193314,23
1226,2,2,0.037607573,0.96239245,23
1226,3,16,0.03624622,0.96375376,23
1226,4,8,0.036147904,0.9638521,23
1226,5,1,0.03484168,0.96515834,23
1227,1,9,0.03823405,0.96176594,23
1227,2,2,0.037485596,0.9625144,23
1227,3,16,0.03626195,0.963738,23
1227,4,8,0.036075488,0.9639245,23
1227,5,29,0.034928553,0.96507144,23
1228,1,9,0.038687725,0.9613123,23
1228,2,2,0.037625037,0.962375,23
1228,3,8,0.036157027,0.963843,23
1228,4,16,0.035922434,0.9640776,23
1228,5,29,0.03459103,0.965409,23
1229,1,9,0.03804439,0.9619556,23
1229,2,2,0.037264686,0.9627353,23
1229,3,16,0.03655136,0.96344864,23
1229,4,8,0.03623142,0.9637686,23
1229,5,29,0.03492548,0.96507454,23
1230,1,9,0.038231216,0.9617688,23
1230,2,2,0.037437852,0.96256214,23
1230,3,8,0.036219526,0.96378046,23
1230,4,16,0.03597312,0.96402687,23
1230,5,1,0.03485265,0.9651474,23
1231,1,9,0.038041472,0.9619585,23
1231,2,2,0.037594955,0.962405,23
1231,3,16,0.036250465,0.9637495,23
1231,4,8,0.036194958,0.963805,23
1231,5,29,0.03491969,0.9650803,23
1232,1,9,0.03838498,0.961615,23
1232,2,2,0.037555832,0.9624442,23
1232,3,8,0.036152672,0.96384734,23
1232,4,16,0.035976917,0.9640231,23
1232,5,29,0.03465862,0.9653414,23
1233,1,9,0.038139578,0.9618604,23
1233,2,2,0.03764969,0.9623503,23
1233,3,8,0.03620419,0.9637958,23
1233,4,16,0.03608363,0.96391636,23
1233,5,1,0.03494946,0.9650505,23
1234,1,9,0.038151994,0.961848,23
1234,2,2,0.037702437,0.96229756,23
1234,3,8,0.036316685,0.9636833,23
1234,4,16,0.03598754,0.96401244,23
1234,5,1,0.034924366,0.9650756,23
1235,1,9,0.038192283,0.9618077,23
1235,2,2,0.037509948,0.9624901,23
1235,3,8,0.03624216,0.9637578,23
1235,4,16,0.036039207,0.96396077,23
1235,5,29,0.03473422,0.96526575,23
1236,1,9,0.03819394,0.96180606,23
1236,2,2,0.037881184,0.9621188,23
1236,3,8,0.036266588,0.96373343,23
1236,4,16,0.03588383,0.96411616,23
1236,5,1,0.034686875,0.96531314,23
1237,1,9,0.038470957,0.961529,23
1237,2,2,0.03753887,0.9624611,23
1237,3,8,0.036466267,0.96353376,23
1237,4,16,0.035777174,0.96422285,23
1237,5,1,0.03493079,0.96506923,23
1238,1,9,0.038278807,0.9617212,23
1238,2,2,0.037488416,0.9625116,23
1238,3,16,0.03622414,0.9637759,23
1238,4,8,0.036141295,0.9638587,23
1238,5,29,0.034804393,0.9651956,23
1239,1,9,0.03831197,0.96168804,23
1239,2,2,0.037702702,0.9622973,23
1239,3,8,0.03631254,0.9636875,23
1239,4,16,0.03600643,0.96399355,23
1239,5,29,0.034744695,0.9652553,23
1240,1,9,0.038316347,0.96168363,23
1240,2,2,0.03773627,0.9622637,23
1240,3,8,0.036281087,0.9637189,23
1240,4,16,0.035988223,0.9640118,23
1240,5,29,0.03464763,0.96535236,23
1241,1,9,0.038185984,0.96181405,23
1241,2,2,0.037416823,0.9625832,23
1241,3,8,0.03656616,0.96343386,23
1241,4,16,0.036042903,0.9639571,23
1241,5,29,0.035133954,0.96486604,23
1242,1,9,0.03803547,0.96196455,23
1242,2,2,0.037372734,0.9626273,23
1242,3,16,0.036350522,0.96364945,23
1242,4,8,0.03625337,0.9637466,23
1242,5,29,0.035158806,0.9648412,23
1243,1,9,0.03823685,0.96176314,23
1243,2,2,0.037843507,0.9621565,23
1243,3,8,0.036104694,0.9638953,23
1243,4,16,0.035937358,0.96406263,23
1243,5,1,0.0346844,0.9653156,23
1244,1,9,0.038285103,0.9617149,23
1244,2,2,0.037384562,0.96261543,23
1244,3,8,0.036345948,0.96365404,23
1244,4,16,0.03617173,0.96382827,23
1244,5,29,0.03475776,0.96524227,23
1245,1,9,0.03838978,0.9616102,23
1245,2,2,0.037641034,0.96235895,23
1245,3,8,0.03633603,0.963664,23
1245,4,16,0.035875473,0.9641245,23
1245,5,1,0.034740817,0.9652592,23
1246,1,9,0.038185287,0.9618147,23
1246,2,2,0.03793988,0.9620601,23
1246,3,8,0.036279995,0.96372,23
1246,4,16,0.03582607,0.9641739,23
1246,5,1,0.0347908,0.9652092,23
1247,1,9,0.038578603,0.9614214,23
1247,2,2,0.037566066,0.96243393,23
1247,3,8,0.03613283,0.9638672,23
1247,4,16,0.036059562,0.96394044,23
1247,5,29,0.034572173,0.9654278,23
1248,1,9,0.038164537,0.96183544,23
1248,2,2,0.037617773,0.9623822,23
1248,3,8,0.036502313,0.9634977,23
1248,4,16,0.03587914,0.96412086,23
1248,5,29,0.034844432,0.96515554,23
1249,1,9,0.03860808,0.9613919,23
1249,2,2,0.037381437,0.9626186,23
1249,3,8,0.036208887,0.96379113,23
1249,4,16,0.036139406,0.9638606,23
1249,5,29,0.0349153,0.9650847,23
1250,1,9,0.038137313,0.9618627,23
1250,2,2,0.037415594,0.9625844,23
1250,3,16,0.036279142,0.96372086,23
1250,4,8,0.036044233,0.96395576,23
1250,5,1,0.034982026,0.965018,23
1251,1,9,0.038018424,0.9619816,23
1251,2,2,0.03770796,0.962292,23
1251,3,8,0.03624983,0.9637502,23
1251,4,16,0.036048964,0.96395105,23
1251,5,1,0.03501508,0.9649849,23
1252,1,9,0.038383253,0.96161675,23
1252,2,2,0.03768676,0.96231323,23
1252,3,8,0.03618219,0.96381783,23
1252,4,16,0.03596793,0.96403205,23
1252,5,1,0.034709003,0.965291,23
1253,1,9,0.038257185,0.9617428,23
1253,2,2,0.03777538,0.9622246,23
1253,3,8,0.036324393,0.9636756,23
1253,4,16,0.03594238,0.9640576,23
1253,5,29,0.034754906,0.96524507,23
1254,1,9,0.03847412,0.96152586,23
1254,2,2,0.03750099,0.962499,23
1254,3,8,0.036098693,0.9639013,23
1254,4,16,0.03592823,0.96407175,23
1254,5,29,0.034687344,0.96531266,23
1255,1,9,0.038206015,0.96179396,23
1255,2,2,0.0378027,0.9621973,23
1255,3,8,0.036357883,0.9636421,23
1255,4,16,0.035878487,0.9641215,23
1255,5,29,0.034667432,0.96533257,23
1256,1,9,0.037923418,0.9620766,23
1256,2,2,0.037431143,0.9625689,23
1256,3,8,0.03638885,0.9636111,23
1256,4,16,0.036253583,0.9637464,23
1256,5,29,0.035210516,0.9647895,23
1257,1,9,0.03797728,0.9620227,23
1257,2,2,0.03749453,0.96250546,23
1257,3,8,0.036411405,0.9635886,23
1257,4,16,0.036097735,0.96390224,23
1257,5,29,0.034996253,0.9650037,23
1258,1,9,0.038236525,0.9617635,23
1258,2,2,0.03760815,0.96239185,23
1258,3,8,0.036311336,0.9636887,23
1258,4,16,0.0358551,0.9641449,23
1258,5,1,0.03471947,0.96528053,23
1259,1,9,0.038008712,0.9619913,23
1259,2,2,0.037610024,0.96238995,23
1259,3,8,0.036187958,0.96381205,23
1259,4,16,0.036119856,0.9638801,23
1259,5,1,0.03476391,0.96523607,23
1260,1,9,0.03803309,0.96196693,23
1260,2,2,0.037424162,0.96257585,23
1260,3,8,0.03632039,0.9636796,23
1260,4,16,0.03615241,0.9638476,23
1260,5,29,0.034903135,0.9650969,23
1261,1,9,0.03819889,0.9618011,23
1261,2,2,0.037616335,0.9623837,23
1261,3,8,0.036248058,0.9637519,23
1261,4,16,0.035970688,0.9640293,23
1261,5,29,0.03477619,0.9652238,23
1262,1,9,0.038229488,0.96177053,23
1262,2,2,0.03763093,0.9623691,23
1262,3,8,0.036291834,0.96370816,23
1262,4,16,0.036078606,0.96392137,23
1262,5,1,0.034735866,0.96526414,23
1263,1,9,0.038223416,0.9617766,23
1263,2,2,0.037796114,0.96220386,23
1263,3,8,0.03635683,0.9636432,23
1263,4,16,0.035890255,0.9641097,23
1263,5,1,0.03475125,0.96524876,23
1264,1,9,0.038068436,0.9619316,23
1264,2,2,0.037303448,0.96269655,23
1264,3,16,0.036489636,0.9635104,23
1264,4,8,0.036178637,0.96382135,23
1264,5,29,0.034945194,0.9650548,23
1265,1,9,0.038464773,0.9615352,23
1265,2,2,0.03770927,0.9622907,23
1265,3,8,0.036052957,0.96394706,23
1265,4,16,0.03604758,0.9639524,23
1265,5,29,0.0345977,0.9654023,23
1266,1,9,0.038016047,0.961984,23
1266,2,2,0.03762253,0.9623775,23
1266,3,8,0.03623036,0.9637696,23
1266,4,16,0.03613008,0.9638699,23
1266,5,29,0.034791004,0.965209,23
1267,1,9,0.037827384,0.9621726,23
1267,2,2,0.037414636,0.9625854,23
1267,3,8,0.036451213,0.9635488,23
1267,4,16,0.036258556,0.9637414,23
1267,5,29,0.035253488,0.96474653,23
1268,1,9,0.03825429,0.96174574,23
1268,2,2,0.037908986,0.962091,23
1268,3,8,0.036184862,0.96381515,23
1268,4,16,0.035774462,0.96422553,23
1268,5,1,0.034700915,0.96529907,23
1269,1,9,0.038315356,0.96168464,23
1269,2,2,0.037622742,0.96237725,23
1269,3,8,0.036319144,0.96368086,23
1269,4,16,0.035977527,0.96402246,23
1269,5,1,0.034769483,0.9652305,23
1270,1,9,0.038091004,0.961909,23
1270,2,2,0.03755585,0.9624441,23
1270,3,8,0.03633909,0.9636609,23
1270,4,16,0.03615899,0.963841,23
1270,5,29,0.03479153,0.9652085,23
1271,1,9,0.03847638,0.9615236,23
1271,2,2,0.03756162,0.9624384,23
1271,3,8,0.036332875,0.96366715,23
1271,4,16,0.035901938,0.96409804,23
1271,5,1,0.034755938,0.96524405,23
1272,1,9,0.03796362,0.9620364,23
1272,2,2,0.0374711,0.9625289,23
1272,3,16,0.03654853,0.96345145,23
1272,4,8,0.03608013,0.9639199,23
1272,5,29,0.034960583,0.96503943,23
1273,1,9,0.038301326,0.96169865,23
1273,2,2,0.037513837,0.96248615,23
1273,3,8,0.036278564,0.96372145,23
1273,4,16,0.036065396,0.9639346,23
1273,5,1,0.034722473,0.96527755,23
1274,1,9,0.038039584,0.96196043,23
1274,2,2,0.03788189,0.9621181,23
1274,3,8,0.036301024,0.963699,23
1274,4,16,0.035929047,0.964071,23
1274,5,29,0.03511237,0.9648876,23
1275,1,9,0.03827725,0.96172273,23
1275,2,2,0.03754513,0.96245486,23
1275,3,8,0.0361488,0.9638512,23
1275,4,16,0.03609632,0.96390367,23
1275,5,29,0.034716863,0.96528316,23
1276,1,9,0.038213857,0.96178615,23
1276,2,2,0.037664752,0.9623352,23
1276,3,8,0.036244825,0.9637552,23
1276,4,16,0.035907272,0.96409273,23
1276,5,1,0.034819722,0.9651803,23
1277,1,9,0.038192354,0.96180767,23
1277,2,2,0.037856743,0.96214324,23
1277,3,8,0.036031876,0.9639681,23
1277,4,16,0.03599767,0.9640023,23
1277,5,1,0.03471717,0.96528286,23
1278,1,9,0.038373183,0.9616268,23
1278,2,2,0.037454136,0.9625459,23
1278,3,8,0.036332652,0.96366733,23
1278,4,16,0.036131136,0.96386886,23
1278,5,1,0.03466031,0.96533966,23
1279,1,9,0.03808989,0.9619101,23
1279,2,2,0.037972316,0.96202767,23
1279,3,8,0.03633548,0.96366453,23
1279,4,16,0.035915054,0.9640849,23
1279,5,29,0.034892797,0.9651072,23
1280,1,9,0.03788639,0.9621136,23
1280,2,2,0.037628017,0.962372,23
1280,3,16,0.036284745,0.96371526,23
1280,4,8,0.03615278,0.9638472,23
1280,5,29,0.03510921,0.9648908,23
1281,1,9,0.038279127,0.9617209,23
1281,2,2,0.038044065,0.9619559,23
1281,3,8,0.036210116,0.9637899,23
1281,4,16,0.035712346,0.96428764,23
1281,5,1,0.034839034,0.96516097,23
1282,1,9,0.03859123,0.9614088,23
1282,2,2,0.037921663,0.96207833,23
1282,3,8,0.03601561,0.9639844,23
1282,4,16,0.03579174,0.96420825,23
1282,5,1,0.034539223,0.9654608,23
1283,1,9,0.038144376,0.96185565,23
1283,2,2,0.037249856,0.96275014,23
1283,3,16,0.036435135,0.9635649,23
1283,4,8,0.03624792,0.9637521,23
1283,5,29,0.034994204,0.9650058,23
1284,1,9,0.038306475,0.9616935,23
1284,2,2,0.037710864,0.96228915,23
1284,3,8,0.036265336,0.9637347,23
1284,4,16,0.03590393,0.96409607,23
1284,5,1,0.03477424,0.96522576,23
1285,1,9,0.037928306,0.9620717,23
1285,2,2,0.037914164,0.96208584,23
1285,3,8,0.036267657,0.96373236,23
1285,4,16,0.035772633,0.9642274,23
1285,5,1,0.03493481,0.9650652,23
1286,1,9,0.03816919,0.9618308,23
1286,2,2,0.03735886,0.9626411,23
1286,3,16,0.036444213,0.9635558,23
1286,4,8,0.036100507,0.9638995,23
1286,5,29,0.034806475,0.9651935,23
1287,1,9,0.038217828,0.96178216,23
1287,2,2,0.037736733,0.9622633,23
1287,3,8,0.03624798,0.96375203,23
1287,4,16,0.035791207,0.9642088,23
1287,5,1,0.03492441,0.9650756,23
1288,1,9,0.038077217,0.96192276,23
1288,2,2,0.03747889,0.96252114,23
1288,3,8,0.03626887,0.9637311,23
1288,4,16,0.036186762,0.96381325,23
1288,5,29,0.035013407,0.96498656,23
1289,1,9,0.038089477,0.96191055,23
1289,2,2,0.03752929,0.9624707,23
1289,3,16,0.03616281,0.9638372,23
1289,4,8,0.03612706,0.9638729,23
1289,5,29,0.03500549,0.9649945,23
1290,1,9,0.03800471,0.9619953,23
1290,2,2,0.0375064,0.9624936,23
1290,3,16,0.036498412,0.9635016,23
1290,4,8,0.036181822,0.9638182,23
1290,5,29,0.035014614,0.9649854,23
1291,1,9,0.03804518,0.96195483,23
1291,2,2,0.037493173,0.96250683,23
1291,3,8,0.03637046,0.96362954,23
1291,4,16,0.036185097,0.9638149,23
1291,5,29,0.034952413,0.9650476,23
1292,1,9,0.038241833,0.96175814,23
1292,2,2,0.03780327,0.9621967,23
1292,3,8,0.03615845,0.96384156,23
1292,4,16,0.03602063,0.96397936,23
1292,5,29,0.03458045,0.96541953,23
1293,1,9,0.038262937,0.96173704,23
1293,2,2,0.037333805,0.9626662,23
1293,3,16,0.036352832,0.9636472,23
1293,4,8,0.036135264,0.96386474,23
1293,5,29,0.034823276,0.9651767,23
1294,1,9,0.03806666,0.9619333,23
1294,2,2,0.037511658,0.96248835,23
1294,3,16,0.036449533,0.96355045,23
1294,4,8,0.036057755,0.9639422,23
1294,5,29,0.034795508,0.9652045,23
1295,1,9,0.038429346,0.9615707,23
1295,2,2,0.037473153,0.96252686,23
1295,3,8,0.03639799,0.963602,23
1295,4,16,0.035846174,0.9641538,23
1295,5,1,0.034861688,0.9651383,23
1296,1,9,0.038213924,0.9617861,23
1296,2,2,0.0374748,0.9625252,23
1296,3,8,0.03632876,0.96367127,23
1296,4,16,0.036193132,0.96380687,23
1296,5,29,0.034998838,0.96500117,23
1297,1,9,0.038235825,0.96176416,23
1297,2,2,0.037630197,0.9623698,23
1297,3,8,0.03612288,0.96387714,23
1297,4,16,0.03605682,0.9639432,23
1297,5,29,0.034652904,0.9653471,23
1298,1,9,0.038524948,0.9614751,23
1298,2,2,0.03724121,0.9627588,23
1298,3,16,0.036260694,0.9637393,23
1298,4,8,0.036026657,0.96397334,23
1298,5,29,0.034808736,0.96519125,23
1299,1,9,0.03832449,0.9616755,23
1299,2,2,0.037818864,0.96218115,23
1299,3,8,0.036145177,0.96385485,23
1299,4,16,0.03590365,0.96409637,23
1299,5,29,0.034615286,0.9653847,23
1300,1,9,0.038347155,0.9616529,23
1300,2,2,0.03744419,0.9625558,23
1300,3,8,0.03621578,0.9637842,23
1300,4,16,0.03599534,0.96400464,23
1300,5,1,0.034856014,0.965144,23
1301,1,9,0.03805766,0.9619423,23
1301,2,2,0.03758701,0.962413,23
1301,3,8,0.03644069,0.9635593,23
1301,4,16,0.0362299,0.9637701,23
1301,5,1,0.034778353,0.96522164,23
1302,1,9,0.038154945,0.96184504,23
1302,2,2,0.0373784,0.96262157,23
1302,3,8,0.0363651,0.9636349,23
1302,4,16,0.03615158,0.9638484,23
1302,5,29,0.034909423,0.9650906,23
1303,1,9,0.038273085,0.9617269,23
1303,2,2,0.037655663,0.96234435,23
1303,3,8,0.03618656,0.9638134,23
1303,4,16,0.03608827,0.9639117,23
1303,5,29,0.0347295,0.9652705,23
1304,1,9,0.038133573,0.96186644,23
1304,2,2,0.037469592,0.96253043,23
1304,3,16,0.03636783,0.96363217,23
1304,4,8,0.035949234,0.96405077,23
1304,5,29,0.03487619,0.96512383,23
1305,1,9,0.03833992,0.9616601,23
1305,2,2,0.037875023,0.962125,23
1305,3,8,0.03624414,0.96375585,23
1305,4,16,0.035800174,0.96419984,23
1305,5,1,0.034640178,0.9653598,23
1306,1,9,0.03824412,0.9617559,23
1306,2,2,0.037690606,0.9623094,23
1306,3,8,0.036252428,0.96374756,23
1306,4,16,0.035828702,0.9641713,23
1306,5,1,0.034912936,0.96508706,23
1307,1,9,0.0380449,0.9619551,23
1307,2,2,0.03749251,0.9625075,23
1307,3,8,0.036257487,0.9637425,23
1307,4,16,0.036241855,0.9637582,23
1307,5,29,0.034896772,0.9651032,23
1308,1,9,0.03832537,0.96167463,23
1308,2,2,0.037489895,0.9625101,23
1308,3,8,0.03624979,0.9637502,23
1308,4,16,0.03614286,0.9638571,23
1308,5,29,0.034804467,0.96519554,23
1309,1,9,0.03822039,0.9617796,23
1309,2,2,0.037634548,0.96236545,23
1309,3,8,0.036097705,0.9639023,23
1309,4,16,0.036092486,0.96390754,23
1309,5,29,0.03468569,0.9653143,23
1310,1,9,0.03817865,0.9618214,23
1310,2,2,0.03790312,0.96209687,23
1310,3,8,0.03627275,0.96372724,23
1310,4,16,0.03601132,0.96398866,23
1310,5,29,0.0347127,0.9652873,23
1311,1,9,0.038182624,0.9618174,23
1311,2,2,0.0377042,0.9622958,23
1311,3,8,0.036122452,0.96387756,23
1311,4,16,0.0360066,0.96399343,23
1311,5,29,0.034954555,0.96504545,23
1312,1,9,0.03823228,0.96176773,23
1312,2,2,0.037509628,0.9624904,23
1312,3,8,0.036235243,0.9637648,23
1312,4,16,0.036092144,0.96390784,23
1312,5,29,0.03478723,0.96521276,23
1313,1,9,0.038367845,0.96163213,23
1313,2,2,0.037638802,0.9623612,23
1313,3,8,0.03631588,0.96368414,23
1313,4,16,0.036058776,0.9639412,23
1313,5,1,0.03475554,0.9652445,23
1314,1,9,0.03843747,0.9615625,23
1314,2,2,0.037819594,0.9621804,23
1314,3,8,0.036264405,0.9637356,23
1314,4,16,0.035903282,0.9640967,23
1314,5,1,0.034622796,0.9653772,23
1315,1,9,0.038386643,0.96161336,23
1315,2,2,0.037529476,0.96247053,23
1315,3,8,0.036095776,0.9639042,23
1315,4,16,0.035915006,0.964085,23
1315,5,29,0.034679193,0.9653208,23
1316,1,9,0.037971742,0.96202826,23
1316,2,2,0.03764413,0.96235585,23
1316,3,16,0.03644024,0.96355975,23
1316,4,8,0.03620888,0.96379113,23
1316,5,29,0.034995243,0.96500474,23
1317,1,9,0.038382255,0.96161777,23
1317,2,2,0.037645377,0.9623546,23
1317,3,8,0.036458332,0.9635417,23
1317,4,16,0.035769332,0.96423066,23
1317,5,1,0.034822047,0.96517795,23
1318,1,9,0.03845204,0.961548,23
1318,2,2,0.037620213,0.9623798,23
1318,3,8,0.03623713,0.9637629,23
1318,4,16,0.035895817,0.9641042,23
1318,5,29,0.034788866,0.96521115,23
1319,1,9,0.038293205,0.9617068,23
1319,2,2,0.037878916,0.96212107,23
1319,3,8,0.03627794,0.96372205,23
1319,4,16,0.035884198,0.9641158,23
1319,5,1,0.03464598,0.965354,23
1320,1,9,0.037877224,0.9621228,23
1320,2,2,0.037642125,0.9623579,23
1320,3,8,0.036287792,0.9637122,23
1320,4,16,0.036208935,0.9637911,23
1320,5,29,0.03514586,0.9648541,23
1321,1,9,0.038092703,0.96190727,23
1321,2,2,0.037720878,0.96227914,23
1321,3,8,0.036114722,0.9638853,23
1321,4,16,0.03609187,0.96390814,23
1321,5,29,0.03481942,0.9651806,23
1322,1,9,0.03807389,0.9619261,23
1322,2,2,0.037482254,0.96251774,23
1322,3,8,0.03640309,0.96359694,23
1322,4,16,0.036182303,0.9638177,23
1322,5,29,0.03492393,0.9650761,23
1323,1,9,0.038514458,0.96148556,23
1323,2,2,0.037258483,0.9627415,23
1323,3,16,0.036197666,0.96380234,23
1323,4,8,0.036171924,0.9638281,23
1323,5,29,0.034848113,0.9651519,23
1324,1,9,0.038336407,0.9616636,23
1324,2,2,0.037866157,0.9621338,23
1324,3,8,0.03626762,0.96373236,23
1324,4,16,0.035793528,0.96420646,23
1324,5,1,0.03485587,0.96514416,23
1325,1,9,0.0384997,0.9615003,23
1325,2,2,0.037847705,0.9621523,23
1325,3,8,0.036221046,0.963779,23
1325,4,16,0.035682295,0.9643177,23
1325,5,1,0.03461087,0.96538913,23
1326,1,9,0.03818799,0.961812,23
1326,2,2,0.037568055,0.96243197,23
1326,3,8,0.03622889,0.9637711,23
1326,4,16,0.036145363,0.9638546,23
1326,5,1,0.034759693,0.9652403,23
1327,1,9,0.03790394,0.96209604,23
1327,2,2,0.037353378,0.9626466,23
1327,3,16,0.036391493,0.9636085,23
1327,4,8,0.036326054,0.96367395,23
1327,5,29,0.03520777,0.96479225,23
1328,1,9,0.038246658,0.96175337,23
1328,2,2,0.037558928,0.9624411,23
1328,3,8,0.036071233,0.96392876,23
1328,4,16,0.03601518,0.96398485,23
1328,5,29,0.034714866,0.9652851,23
1329,1,9,0.038062826,0.9619372,23
1329,2,2,0.03758329,0.9624167,23
1329,3,16,0.03620358,0.96379644,23
1329,4,8,0.036159147,0.96384084,23
1329,5,1,0.03478772,0.9652123,23
1330,1,9,0.03813091,0.9618691,23
1330,2,2,0.03738047,0.96261954,23
1330,3,16,0.03666445,0.9633356,23
1330,4,8,0.036263365,0.96373665,23
1330,5,29,0.034853034,0.96514696,23
1331,1,9,0.03792737,0.9620726,23
1331,2,2,0.03758534,0.9624147,23
1331,3,16,0.03649544,0.96350455,23
1331,4,8,0.036244974,0.963755,23
1331,5,29,0.034882024,0.965118,23
1332,1,9,0.03805343,0.96194655,23
1332,2,2,0.037682712,0.9623173,23
1332,3,8,0.036232498,0.9637675,23
1332,4,16,0.0360944,0.9639056,23
1332,5,29,0.034772113,0.9652279,23
1333,1,9,0.038073167,0.9619268,23
1333,2,2,0.037608806,0.9623912,23
1333,3,8,0.036252256,0.96374774,23
1333,4,16,0.036032617,0.9639674,23
1333,5,1,0.03481487,0.9651851,23
1334,1,9,0.038341157,0.96165884,23
1334,2,2,0.037627462,0.96237254,23
1334,3,8,0.036212083,0.9637879,23
1334,4,16,0.0361312,0.9638688,23
1334,5,29,0.034655295,0.9653447,23
1335,1,9,0.038247064,0.96175295,23
1335,2,2,0.03746871,0.96253127,23
1335,3,8,0.036508054,0.9634919,23
1335,4,16,0.036036845,0.96396315,23
1335,5,29,0.034864046,0.96513593,23
1336,1,9,0.03836587,0.96163416,23
1336,2,2,0.038006984,0.96199304,23
1336,3,8,0.036150515,0.9638495,23
1336,4,16,0.03569577,0.9643042,23
1336,5,1,0.034875996,0.965124,23
1337,1,9,0.037981734,0.96201825,23
1337,2,2,0.03753838,0.9624616,23
1337,3,8,0.036291804,0.9637082,23
1337,4,16,0.036121733,0.9638783,23
1337,5,29,0.034850933,0.96514904,23
1338,1,9,0.03825741,0.9617426,23
1338,2,2,0.03793878,0.9620612,23
1338,3,8,0.036472272,0.96352774,23
1338,4,16,0.03569668,0.9643033,23
1338,5,1,0.03484564,0.96515435,23
1339,1,9,0.038617443,0.96138257,23
1339,2,2,0.037212707,0.9627873,23
1339,3,16,0.036290225,0.9637098,23
1339,4,8,0.03586926,0.96413076,23
1339,5,29,0.034841314,0.9651587,23
1340,1,9,0.038223293,0.96177673,23
1340,2,2,0.037677225,0.9623228,23
1340,3,8,0.036286376,0.96371365,23
1340,4,16,0.035948362,0.96405166,23
1340,5,29,0.034711212,0.96528876,23
1341,1,9,0.038487967,0.961512,23
1341,2,2,0.037991073,0.96200895,23
1341,3,8,0.036085717,0.9639143,23
1341,4,16,0.035782296,0.9642177,23
1341,5,1,0.034658905,0.9653411,23
1342,1,9,0.038190596,0.9618094,23
1342,2,2,0.037551086,0.9624489,23
1342,3,16,0.036189623,0.9638104,23
1342,4,8,0.03612666,0.9638733,23
1342,5,29,0.034917615,0.9650824,23
1343,1,9,0.038188946,0.96181107,23
1343,2,2,0.037599277,0.96240073,23
1343,3,8,0.03623739,0.96376264,23
1343,4,16,0.036192175,0.9638078,23
1343,5,29,0.034858383,0.9651416,23
1344,1,9,0.038131412,0.9618686,23
1344,2,2,0.03744789,0.96255213,23
1344,3,16,0.036461208,0.96353877,23
1344,4,8,0.03619191,0.96380806,23
1344,5,29,0.034842722,0.9651573,23
1345,1,9,0.038355146,0.9616448,23
1345,2,2,0.037670895,0.9623291,23
1345,3,16,0.036010437,0.96398956,23
1345,4,8,0.035908483,0.96409154,23
1345,5,29,0.034646295,0.9653537,23
1346,1,9,0.038424492,0.9615755,23
1346,2,2,0.037689414,0.9623106,23
1346,3,8,0.03632742,0.9636726,23
1346,4,16,0.03590371,0.9640963,23
1346,5,1,0.03473554,0.96526444,23
1347,1,9,0.03829682,0.9617032,23
1347,2,2,0.037588645,0.96241134,23
1347,3,8,0.036256004,0.963744,23
1347,4,16,0.036033027,0.96396697,23
1347,5,29,0.034874525,0.9651255,23
1348,1,9,0.038362615,0.9616374,23
1348,2,2,0.037513465,0.9624865,23
1348,3,8,0.03625476,0.96374524,23
1348,4,16,0.035837494,0.9641625,23
1348,5,1,0.034862928,0.96513706,23
1349,1,9,0.038382526,0.96161747,23
1349,2,2,0.037695177,0.96230483,23
1349,3,8,0.036203492,0.9637965,23
1349,4,16,0.035907533,0.9640925,23
1349,5,29,0.034650486,0.9653495,23
1350,1,9,0.03814452,0.9618555,23
1350,2,2,0.037770048,0.96222997,23
1350,3,16,0.036152195,0.9638478,23
1350,4,8,0.036126297,0.9638737,23
1350,5,29,0.034606434,0.96539354,23
1351,1,9,0.037992984,0.96200705,23
1351,2,2,0.03758366,0.96241635,23
1351,3,8,0.036316305,0.9636837,23
1351,4,16,0.036184777,0.9638152,23
1351,5,29,0.035218105,0.9647819,23
1352,1,9,0.038290348,0.9617097,23
1352,2,2,0.038001217,0.96199876,23
1352,3,8,0.03606589,0.9639341,23
1352,4,16,0.03598061,0.9640194,23
1352,5,29,0.03464137,0.9653586,23
1353,1,9,0.038247075,0.96175295,23
1353,2,2,0.037647773,0.9623522,23
1353,3,8,0.03615172,0.9638483,23
1353,4,16,0.035966318,0.96403366,23
1353,5,29,0.0347008,0.9652992,23
1354,1,9,0.03812873,0.96187127,23
1354,2,2,0.037289836,0.96271014,23
1354,3,8,0.036276963,0.96372306,23
1354,4,16,0.03620019,0.96379983,23
1354,5,29,0.03489463,0.96510535,23
1355,1,9,0.038243927,0.96175605,23
1355,2,2,0.03725077,0.96274924,23
1355,3,16,0.036407467,0.9635925,23
1355,4,8,0.036081746,0.96391827,23
1355,5,1,0.034773976,0.96522605,23
1356,1,9,0.038306497,0.9616935,23
1356,2,2,0.037858862,0.96214116,23
1356,3,8,0.036106694,0.9638933,23
1356,4,16,0.035939086,0.9640609,23
1356,5,29,0.03456638,0.9654336,23
1357,1,9,0.038172305,0.9618277,23
1357,2,2,0.037715178,0.9622848,23
1357,3,8,0.03618517,0.96381485,23
1357,4,16,0.036171716,0.96382827,23
1357,5,29,0.034810502,0.9651895,23
1358,1,9,0.03794526,0.9620547,23
1358,2,2,0.03767994,0.9623201,23
1358,3,16,0.036458626,0.9635414,23
1358,4,8,0.03617599,0.96382403,23
1358,5,29,0.034851164,0.9651488,23
1359,1,9,0.03816587,0.96183413,23
1359,2,2,0.037355047,0.96264493,23
1359,3,16,0.036354534,0.96364546,23
1359,4,8,0.03624184,0.9637582,23
1359,5,29,0.034887586,0.9651124,23
1360,1,9,0.038235806,0.9617642,23
1360,2,2,0.03770683,0.96229315,23
1360,3,8,0.036053773,0.9639462,23
1360,4,16,0.03595454,0.96404546,23
1360,5,1,0.034841843,0.96515816,23
1361,1,9,0.03809218,0.9619078,23
1361,2,2,0.037589386,0.9624106,23
1361,3,8,0.03619445,0.96380556,23
1361,4,16,0.036143053,0.96385694,23
1361,5,29,0.0347551,0.9652449,23
1362,1,9,0.038374834,0.96162516,23
1362,2,2,0.037531417,0.96246856,23
1362,3,16,0.036172856,0.96382713,23
1362,4,8,0.036081277,0.96391875,23
1362,5,29,0.03489565,0.96510434,23
1363,1,9,0.038122274,0.9618777,23
1363,2,2,0.037458498,0.9625415,23
1363,3,16,0.0364193,0.9635807,23
1363,4,8,0.035965182,0.9640348,23
1363,5,29,0.034920268,0.9650797,23
1364,1,9,0.038062412,0.9619376,23
1364,2,2,0.03737102,0.96262896,23
1364,3,8,0.036221296,0.96377873,23
1364,4,16,0.036126234,0.96387374,23
1364,5,1,0.03498451,0.9650155,23
1365,1,9,0.038249172,0.9617508,23
1365,2,2,0.037854422,0.96214557,23
1365,3,8,0.03618749,0.96381253,23
1365,4,16,0.035907455,0.96409255,23
1365,5,1,0.034818552,0.96518147,23
1366,1,9,0.03820023,0.96179974,23
1366,2,2,0.03765161,0.9623484,23
1366,3,8,0.03631445,0.9636856,23
1366,4,16,0.035955645,0.96404433,23
1366,5,1,0.035008065,0.9649919,23
1367,1,9,0.038245898,0.9617541,23
1367,2,2,0.037490968,0.96250904,23
1367,3,8,0.03631611,0.9636839,23
1367,4,16,0.03609045,0.96390957,23
1367,5,29,0.03473394,0.96526605,23
1368,1,9,0.038374137,0.9616259,23
1368,2,2,0.037406597,0.9625934,23
1368,3,8,0.036264353,0.96373564,23
1368,4,16,0.03605212,0.9639479,23
1368,5,29,0.034761764,0.9652382,23
1369,1,9,0.0379146,0.9620854,23
1369,2,2,0.037799954,0.96220005,23
1369,3,8,0.03646412,0.9635359,23
1369,4,16,0.036019314,0.9639807,23
1369,5,1,0.03493511,0.9650649,23
1370,1,9,0.037954327,0.96204567,23
1370,2,2,0.037629835,0.96237016,23
1370,3,8,0.03642553,0.96357447,23
1370,4,16,0.036086507,0.9639135,23
1370,5,29,0.0349841,0.9650159,23
1371,1,9,0.038215812,0.9617842,23
1371,2,2,0.03803279,0.96196723,23
1371,3,8,0.036312077,0.9636879,23
1371,4,16,0.03589986,0.9641001,23
1371,5,1,0.034776196,0.9652238,23
1372,1,9,0.038217187,0.9617828,23
1372,2,2,0.03730435,0.96269566,23
1372,3,8,0.036428962,0.963571,23
1372,4,16,0.036169708,0.9638303,23
1372,5,29,0.035064433,0.96493554,23
1373,1,9,0.03821924,0.9617808,23
1373,2,2,0.037674487,0.9623255,23
1373,3,8,0.03621034,0.96378964,23
1373,4,16,0.03599716,0.96400285,23
1373,5,29,0.034990426,0.96500957,23
1374,1,9,0.038047675,0.9619523,23
1374,2,2,0.037349045,0.96265095,23
1374,3,16,0.036625758,0.96337426,23
1374,4,8,0.036262285,0.9637377,23
1374,5,29,0.034807168,0.96519285,23
1375,1,9,0.03813536,0.96186465,23
1375,2,2,0.037908193,0.9620918,23
1375,3,8,0.036274973,0.96372503,23
1375,4,16,0.035938602,0.9640614,23
1375,5,1,0.034768336,0.96523166,23
1376,1,9,0.038102962,0.961897,23
1376,2,2,0.0376555,0.9623445,23
1376,3,8,0.036353573,0.9636464,23
1376,4,16,0.036079243,0.9639208,23
1376,5,29,0.035017714,0.9649823,23
1377,1,9,0.038056288,0.9619437,23
1377,2,2,0.03738926,0.9626107,23
1377,3,8,0.036367163,0.9636328,23
1377,4,16,0.03630783,0.9636922,23
1377,5,29,0.03480782,0.9651922,23
1378,1,9,0.038096063,0.9619039,23
1378,2,2,0.037339672,0.9626603,23
1378,3,8,0.036357366,0.96364266,23
1378,4,16,0.036310773,0.9636892,23
1378,5,29,0.034961227,0.9650388,23
1379,1,9,0.038422316,0.96157765,23
1379,2,2,0.03795577,0.96204424,23
1379,3,16,0.03588621,0.9641138,23
1379,4,8,0.03585935,0.96414065,23
1379,5,29,0.034457445,0.96554255,23
1380,1,9,0.03817682,0.96182317,23
1380,2,2,0.037539285,0.9624607,23
1380,3,8,0.036320984,0.963679,23
1380,4,16,0.03600587,0.96399415,23
1380,5,29,0.034771275,0.96522874,23
1381,1,9,0.038283702,0.9617163,23
1381,2,2,0.037641715,0.9623583,23
1381,3,8,0.036317762,0.96368223,23
1381,4,16,0.036181707,0.9638183,23
1381,5,29,0.034677804,0.9653222,23
1382,1,9,0.03838011,0.9616199,23
1382,2,2,0.037922874,0.96207714,23
1382,3,8,0.036052868,0.9639471,23
1382,4,16,0.03579719,0.9642028,23
1382,5,1,0.034636118,0.96536386,23
1383,1,9,0.038098525,0.9619015,23
1383,2,2,0.037766423,0.9622336,23
1383,3,16,0.036188766,0.9638112,23
1383,4,8,0.036068432,0.96393156,23
1383,5,29,0.0348584,0.9651416,23
1384,1,9,0.03821352,0.9617865,23
1384,2,2,0.03750526,0.96249473,23
1384,3,8,0.036418673,0.9635813,23
1384,4,16,0.036054894,0.9639451,23
1384,5,1,0.034807045,0.965193,23
1385,1,9,0.038192946,0.9618071,23
1385,2,2,0.037951678,0.9620483,23
1385,3,8,0.03633426,0.9636657,23
1385,4,16,0.03595372,0.9640463,23
1385,5,1,0.034823615,0.9651764,23
1386,1,9,0.03835487,0.9616451,23
1386,2,2,0.03759024,0.96240973,23
1386,3,8,0.036175303,0.9638247,23
1386,4,16,0.03602899,0.963971,23
1386,5,1,0.034753714,0.96524626,23
1387,1,9,0.038285214,0.9617148,23
1387,2,2,0.037784472,0.96221554,23
1387,3,8,0.036131743,0.96386826,23
1387,4,16,0.03591507,0.9640849,23
1387,5,29,0.034689058,0.96531093,23
1388,1,9,0.03843948,0.96156055,23
1388,2,2,0.037851725,0.96214825,23
1388,3,8,0.036244873,0.96375513,23
1388,4,16,0.03587937,0.9641206,23
1388,5,1,0.034766324,0.9652337,23
1389,1,9,0.038488917,0.9615111,23
1389,2,2,0.037879642,0.96212035,23
1389,3,8,0.03594442,0.9640556,23
1389,4,16,0.035896704,0.9641033,23
1389,5,29,0.03456253,0.9654375,23
1390,1,9,0.038373142,0.9616269,23
1390,2,2,0.037588686,0.9624113,23
1390,3,8,0.036257908,0.9637421,23
1390,4,16,0.036022168,0.9639778,23
1390,5,1,0.034746487,0.96525353,23
1391,1,9,0.03809376,0.96190625,23
1391,2,2,0.037340596,0.9626594,23
1391,3,16,0.03632785,0.96367216,23
1391,4,8,0.036101528,0.9638985,23
1391,5,29,0.034821372,0.9651786,23
1392,1,9,0.038127534,0.96187246,23
1392,2,2,0.03788872,0.9621113,23
1392,3,8,0.03632028,0.96367973,23
1392,4,16,0.036013298,0.9639867,23
1392,5,29,0.034758925,0.9652411,23
1393,1,9,0.03831836,0.96168166,23
1393,2,2,0.037699535,0.9623005,23
1393,3,8,0.036213513,0.9637865,23
1393,4,16,0.035716128,0.9642839,23
1393,5,1,0.034987763,0.96501225,23
1394,1,9,0.03808649,0.9619135,23
1394,2,2,0.037340015,0.96265996,23
1394,3,16,0.036276653,0.96372336,23
1394,4,8,0.036192268,0.9638077,23
1394,5,29,0.03484014,0.96515983,23
1395,1,9,0.038470376,0.9615296,23
1395,2,2,0.03772844,0.9622716,23
1395,3,8,0.036251612,0.9637484,23
1395,4,16,0.035994958,0.96400505,23
1395,5,29,0.0346681,0.9653319,23
1396,1,9,0.038012575,0.96198744,23
1396,2,2,0.037317008,0.96268296,23
1396,3,8,0.03631793,0.96368206,23
1396,4,16,0.036212884,0.96378714,23
1396,5,29,0.035043962,0.96495605,23
1397,1,9,0.038163375,0.96183664,23
1397,2,2,0.03741066,0.9625893,23
1397,3,16,0.036186088,0.9638139,23
1397,4,8,0.03615338,0.9638466,23
1397,5,1,0.0347738,0.9652262,23
1398,1,9,0.038033124,0.9619669,23
1398,2,2,0.037718687,0.9622813,23
1398,3,8,0.036301665,0.9636983,23
1398,4,16,0.0359049,0.9640951,23
1398,5,1,0.034864668,0.96513534,23
1399,1,9,0.038357437,0.96164256,23
1399,2,2,0.037818804,0.9621812,23
1399,3,8,0.036312375,0.9636876,23
1399,4,16,0.035852432,0.96414757,23
1399,5,1,0.03465158,0.9653484,23
1400,1,9,0.03796831,0.96203166,23
1400,2,2,0.03734713,0.96265286,23
1400,3,8,0.036419306,0.96358067,23
1400,4,16,0.036340125,0.9636599,23
1400,5,29,0.03502081,0.9649792,23
1401,1,9,0.03792856,0.9620714,23
1401,2,2,0.037676662,0.9623233,23
1401,3,16,0.03627278,0.96372724,23
1401,4,8,0.036105737,0.96389425,23
1401,5,29,0.0349937,0.9650063,23
1402,1,9,0.038480572,0.9615194,23
1402,2,2,0.03767828,0.9623217,23
1402,3,8,0.036309782,0.9636902,23
1402,4,16,0.03588388,0.9641161,23
1402,5,29,0.03465269,0.9653473,23
1403,1,9,0.03831813,0.96168184,23
1403,2,2,0.03781141,0.9621886,23
1403,3,8,0.036115177,0.96388483,23
1403,4,16,0.03579582,0.9642042,23
1403,5,29,0.034582395,0.9654176,23
1404,1,9,0.03815385,0.9618462,23
1404,2,2,0.03732866,0.96267134,23
1404,3,8,0.036301438,0.96369857,23
1404,4,16,0.03622144,0.96377856,23
1404,5,29,0.034795173,0.96520483,23
1405,1,9,0.038170967,0.961829,23
1405,2,2,0.03752452,0.9624755,23
1405,3,8,0.03629029,0.9637097,23
1405,4,16,0.036203388,0.9637966,23
1405,5,29,0.0347463,0.9652537,23
1406,1,9,0.038174286,0.9618257,23
1406,2,2,0.037626423,0.96237355,23
1406,3,16,0.036212653,0.9637873,23
1406,4,8,0.036156133,0.9638439,23
1406,5,29,0.03490873,0.9650913,23
1407,1,9,0.038382426,0.9616176,23
1407,2,2,0.03748564,0.96251434,23
1407,3,8,0.03636605,0.96363395,23
1407,4,16,0.035874713,0.9641253,23
1407,5,1,0.03470831,0.9652917,23
1408,1,9,0.03826395,0.961736,23
1408,2,2,0.037709128,0.9622909,23
1408,3,8,0.036294878,0.9637051,23
1408,4,16,0.035980504,0.9640195,23
1408,5,1,0.0347615,0.9652385,23
1409,1,9,0.038522366,0.96147764,23
1409,2,2,0.037232764,0.96276724,23
1409,3,16,0.036451794,0.9635482,23
1409,4,8,0.035995837,0.96400416,23
1409,5,29,0.034978963,0.965021,23
1410,1,9,0.038058944,0.96194106,23
1410,2,2,0.037592027,0.96240795,23
1410,3,8,0.0363247,0.9636753,23
1410,4,16,0.035958886,0.9640411,23
1410,5,29,0.034858238,0.9651418,23
1411,1,9,0.03832981,0.96167016,23
1411,2,2,0.038045656,0.96195436,23
1411,3,8,0.036208373,0.9637916,23
1411,4,16,0.035685487,0.9643145,23
1411,5,1,0.035070308,0.9649297,23
1412,1,9,0.037938945,0.96206105,23
1412,2,2,0.037498564,0.9625014,23
1412,3,16,0.036327492,0.9636725,23
1412,4,8,0.036115434,0.9638846,23
1412,5,29,0.034794174,0.96520585,23
1413,1,9,0.038165983,0.961834,23
1413,2,2,0.037986,0.962014,23
1413,3,8,0.036319323,0.9636807,23
1413,4,16,0.035884343,0.9641157,23
1413,5,1,0.034785964,0.965214,23
1414,1,9,0.03811308,0.96188694,23
1414,2,2,0.0375494,0.9624506,23
1414,3,16,0.03625223,0.96374774,23
1414,4,8,0.03614249,0.96385753,23
1414,5,29,0.03478335,0.96521664,23
1415,1,9,0.038160957,0.961839,23
1415,2,2,0.037580244,0.96241975,23
1415,3,8,0.036335923,0.96366405,23
1415,4,16,0.035989698,0.9640103,23
1415,5,1,0.034757633,0.9652424,23
1416,1,9,0.037998278,0.96200174,23
1416,2,2,0.037776332,0.96222365,23
1416,3,8,0.036370475,0.96362954,23
1416,4,16,0.03594335,0.9640567,23
1416,5,29,0.035092156,0.9649078,23
1417,1,9,0.03797288,0.96202713,23
1417,2,2,0.037372656,0.96262735,23
1417,3,16,0.036394246,0.96360576,23
1417,4,8,0.036263943,0.96373606,23
1417,5,29,0.034901585,0.96509844,23
1418,1,9,0.03820488,0.9617951,23
1418,2,2,0.03770905,0.96229094,23
1418,3,8,0.036381982,0.96361804,23
1418,4,16,0.035971843,0.9640282,23
1418,5,29,0.034838077,0.9651619,23
1419,1,2,0.038088717,0.96191126,23
1419,2,9,0.038083546,0.96191645,23
1419,3,8,0.036287837,0.96371216,23
1419,4,16,0.035782672,0.9642173,23
1419,5,1,0.03490174,0.96509826,23
1420,1,9,0.038172744,0.9618273,23
1420,2,2,0.0373173,0.9626827,23
1420,3,8,0.036255047,0.96374494,23
1420,4,16,0.03616898,0.963831,23
1420,5,29,0.034777187,0.96522284,23
1421,1,9,0.03849198,0.96150804,23
1421,2,2,0.037867263,0.96213275,23
1421,3,8,0.036265083,0.9637349,23
1421,4,16,0.03575804,0.964242,23
1421,5,1,0.034824643,0.96517533,23
1422,1,9,0.038363047,0.96163696,23
1422,2,2,0.037383627,0.9626164,23
1422,3,16,0.03618356,0.96381646,23
1422,4,8,0.03602772,0.9639723,23
1422,5,29,0.03476384,0.9652362,23
1423,1,9,0.038394272,0.9616057,23
1423,2,2,0.03782366,0.9621763,23
1423,3,8,0.03619242,0.9638076,23
1423,4,16,0.035864636,0.96413535,23
1423,5,1,0.034727402,0.9652726,23
1424,1,9,0.038457837,0.9615422,23
1424,2,2,0.037829146,0.96217084,23
1424,3,8,0.036290478,0.96370953,23
1424,4,16,0.03575872,0.96424127,23
1424,5,1,0.03486617,0.96513385,23
1425,1,9,0.03805464,0.96194535,23
1425,2,2,0.03725874,0.96274126,23
1425,3,16,0.036412224,0.96358776,23
1425,4,8,0.03640597,0.963594,23
1425,5,29,0.03504773,0.9649523,23
1426,1,9,0.038114157,0.96188587,23
1426,2,2,0.03775027,0.96224976,23
1426,3,16,0.03611419,0.9638858,23
1426,4,8,0.036103744,0.9638963,23
1426,5,29,0.03476964,0.96523035,23
1427,1,9,0.038261198,0.9617388,23
1427,2,2,0.03783773,0.96216226,23
1427,3,8,0.036295302,0.9637047,23
1427,4,16,0.035873916,0.9641261,23
1427,5,1,0.034843102,0.9651569,23
1428,1,9,0.038472753,0.9615272,23
1428,2,2,0.037687786,0.9623122,23
1428,3,8,0.03615651,0.96384346,23
1428,4,16,0.035861887,0.9641381,23
1428,5,1,0.034653757,0.9653462,23
1429,1,9,0.03802187,0.96197814,23
1429,2,2,0.03752918,0.9624708,23
1429,3,8,0.03623956,0.96376044,23
1429,4,16,0.036164973,0.963835,23
1429,5,29,0.034905322,0.9650947,23
1430,1,9,0.038179655,0.96182036,23
1430,2,2,0.037564952,0.96243507,23
1430,3,8,0.036199816,0.9638002,23
1430,4,16,0.03608906,0.96391094,23
1430,5,1,0.034835678,0.9651643,23
1431,1,9,0.038539764,0.96146023,23
1431,2,2,0.03775419,0.9622458,23
1431,3,8,0.03612603,0.963874,23
1431,4,16,0.035823748,0.96417624,23
1431,5,1,0.034779545,0.96522045,23
1432,1,9,0.037984774,0.9620152,23
1432,2,2,0.03769557,0.9623044,23
1432,3,16,0.036176514,0.9638235,23
1432,4,8,0.03611128,0.9638887,23
1432,5,29,0.0348037,0.9651963,23
1433,1,9,0.03812888,0.96187115,23
1433,2,2,0.037558887,0.9624411,23
1433,3,8,0.036648747,0.96335125,23
1433,4,16,0.035931338,0.96406865,23
1433,5,1,0.034806043,0.965194,23
1434,1,9,0.03818626,0.96181375,23
1434,2,2,0.03763233,0.96236765,23
1434,3,16,0.03623444,0.96376556,23
1434,4,8,0.03619128,0.9638087,23
1434,5,1,0.03477858,0.9652214,23
1435,1,9,0.03800158,0.9619984,23
1435,2,2,0.03742283,0.96257716,23
1435,3,16,0.036595527,0.9634045,23
1435,4,8,0.03625502,0.963745,23
1435,5,29,0.034992423,0.9650076,23
1436,1,9,0.038208738,0.9617913,23
1436,2,2,0.03756567,0.96243435,23
1436,3,16,0.036192864,0.9638071,23
1436,4,8,0.03616738,0.9638326,23
1436,5,1,0.034701828,0.9652982,23
1437,1,9,0.038153917,0.9618461,23
1437,2,2,0.037419073,0.9625809,23
1437,3,16,0.036491964,0.963508,23
1437,4,8,0.03610806,0.9638919,23
1437,5,29,0.03487306,0.96512693,23
1438,1,9,0.037960164,0.9620398,23
1438,2,2,0.037586268,0.9624137,23
1438,3,8,0.036428522,0.9635715,23
1438,4,16,0.036038205,0.9639618,23
1438,5,29,0.035092026,0.964908,23
1439,1,9,0.038175557,0.9618244,23
1439,2,2,0.037513446,0.96248657,23
1439,3,16,0.03630059,0.9636994,23
1439,4,8,0.036109667,0.9638903,23
1439,5,29,0.034726333,0.9652737,23
1440,1,9,0.03796208,0.9620379,23
1440,2,2,0.03740108,0.9625989,23
1440,3,16,0.036273066,0.96372694,23
1440,4,8,0.036047727,0.9639523,23
1440,5,29,0.03476675,0.96523327,23
1441,1,9,0.03795918,0.96204084,23
1441,2,2,0.037567187,0.9624328,23
1441,3,8,0.03633496,0.963665,23
1441,4,16,0.03626858,0.9637314,23
1441,5,29,0.034962818,0.96503717,23
1442,1,9,0.038209,0.961791,23
1442,2,2,0.037371974,0.962628,23
1442,3,8,0.03624945,0.96375054,23
1442,4,16,0.036123946,0.96387607,23
1442,5,29,0.034917135,0.9650829,23
1443,1,9,0.03838157,0.9616184,23
1443,2,2,0.037605993,0.962394,23
1443,3,8,0.036179427,0.9638206,23
1443,4,16,0.036050994,0.963949,23
1443,5,1,0.034665544,0.9653345,23
1444,1,9,0.037984975,0.96201503,23
1444,2,2,0.037415214,0.9625848,23
1444,3,8,0.036430173,0.9635698,23
1444,4,16,0.036288045,0.963712,23
1444,5,29,0.035024274,0.9649757,23
1445,1,9,0.038388703,0.9616113,23
1445,2,2,0.037657283,0.96234274,23
1445,3,8,0.036106613,0.9638934,23
1445,4,16,0.036080275,0.9639197,23
1445,5,29,0.034575626,0.96542436,23
1446,1,9,0.038114883,0.9618851,23
1446,2,2,0.03765,0.96235,23
1446,3,8,0.036221676,0.9637783,23
1446,4,16,0.03615033,0.96384966,23
1446,5,1,0.034934998,0.965065,23
1447,1,9,0.038066573,0.96193343,23
1447,2,2,0.037805017,0.962195,23
1447,3,8,0.03622248,0.96377754,23
1447,4,16,0.035926137,0.96407384,23
1447,5,1,0.03482963,0.9651704,23
1448,1,9,0.038205765,0.96179426,23
1448,2,2,0.037220266,0.96277976,23
1448,3,8,0.036410958,0.9635891,23
1448,4,16,0.03606682,0.96393317,23
1448,5,29,0.03494555,0.96505445,23
1449,1,9,0.038259406,0.9617406,23
1449,2,2,0.037657697,0.9623423,23
1449,3,8,0.036336225,0.96366376,23
1449,4,16,0.03609319,0.9639068,23
1449,5,29,0.034815565,0.96518445,23
1450,1,9,0.038301907,0.9616981,23
1450,2,2,0.037814975,0.962185,23
1450,3,8,0.036297318,0.9637027,23
1450,4,16,0.035799164,0.96420085,23
1450,5,1,0.03464641,0.9653536,23
1451,1,9,0.038108755,0.96189123,23
1451,2,2,0.037458993,0.962541,23
1451,3,8,0.03640176,0.96359825,23
1451,4,16,0.036206644,0.96379334,23
1451,5,29,0.034842577,0.96515745,23
1452,1,9,0.03801463,0.96198535,23
1452,2,2,0.037456565,0.9625434,23
1452,3,16,0.03639863,0.96360135,23
1452,4,8,0.036172327,0.96382767,23
1452,5,29,0.035058197,0.9649418,23
1453,1,9,0.03822205,0.9617779,23
1453,2,2,0.03746799,0.962532,23
1453,3,16,0.03625915,0.9637408,23
1453,4,8,0.036213003,0.963787,23
1453,5,29,0.03478347,0.9652165,23
1454,1,9,0.03822358,0.96177644,23
1454,2,2,0.037848834,0.96215117,23
1454,3,8,0.036226947,0.9637731,23
1454,4,16,0.036071427,0.9639286,23
1454,5,29,0.03473968,0.9652603,23
1455,1,9,0.037981056,0.96201897,23
1455,2,2,0.037581913,0.9624181,23
1455,3,8,0.03625351,0.9637465,23
1455,4,16,0.036161095,0.96383893,23
1455,5,29,0.035005677,0.9649943,23
1456,1,9,0.038511652,0.96148837,23
1456,2,2,0.03740771,0.9625923,23
1456,3,8,0.0360636,0.9639364,23
1456,4,16,0.03600842,0.9639916,23
1456,5,29,0.034687363,0.96531266,23
1457,1,9,0.038400196,0.9615998,23
1457,2,2,0.037583627,0.96241635,23
1457,3,8,0.036227953,0.96377206,23
1457,4,16,0.03604169,0.9639583,23
1457,5,29,0.034697223,0.96530277,23
1458,1,9,0.03821672,0.9617833,23
1458,2,2,0.037354406,0.9626456,23
1458,3,8,0.036369834,0.96363014,23
1458,4,16,0.036142834,0.9638572,23
1458,5,29,0.034842063,0.9651579,23
1459,1,9,0.038335446,0.96166456,23
1459,2,2,0.03795056,0.9620494,23
1459,3,8,0.03611415,0.96388584,23
1459,4,16,0.035852913,0.9641471,23
1459,5,1,0.034732237,0.9652678,23
1460,1,9,0.038235802,0.9617642,23
1460,2,2,0.037609447,0.96239054,23
1460,3,8,0.03615967,0.9638403,23
1460,4,16,0.036042668,0.9639573,23
1460,5,29,0.034789603,0.9652104,23
1461,1,9,0.038184535,0.9618155,23
1461,2,2,0.03788637,0.9621136,23
1461,3,8,0.036143355,0.96385664,23
1461,4,16,0.03596456,0.96403545,23
1461,5,29,0.034746956,0.96525306,23
1462,1,9,0.038063962,0.96193606,23
1462,2,2,0.03776443,0.96223557,23
1462,3,16,0.03613403,0.963866,23
1462,4,8,0.036111977,0.96388805,23
1462,5,29,0.03509879,0.9649012,23
1463,1,9,0.03823495,0.96176505,23
1463,2,2,0.03737285,0.9626272,23
1463,3,8,0.036213826,0.9637862,23
1463,4,16,0.036162026,0.963838,23
1463,5,29,0.034873407,0.9651266,23
1464,1,9,0.038096312,0.9619037,23
1464,2,2,0.037502248,0.9624978,23
1464,3,16,0.036471885,0.9635281,23
1464,4,8,0.036052804,0.9639472,23
1464,5,29,0.034745336,0.96525466,23
1465,1,9,0.038255565,0.9617444,23
1465,2,2,0.037496258,0.96250373,23
1465,3,8,0.036155302,0.9638447,23
1465,4,16,0.03611803,0.96388197,23
1465,5,1,0.03466883,0.9653312,23
1466,1,9,0.03827656,0.96172345,23
1466,2,2,0.037233997,0.962766,23
1466,3,16,0.036420524,0.9635795,23
1466,4,8,0.036142264,0.9638577,23
1466,5,29,0.03474102,0.96525896,23
1467,1,9,0.038118493,0.9618815,23
1467,2,2,0.037281185,0.96271884,23
1467,3,16,0.03650385,0.96349615,23
1467,4,8,0.036292776,0.9637072,23
1467,5,29,0.03507075,0.9649292,23
1468,1,9,0.03829057,0.96170944,23
1468,2,2,0.0374117,0.9625883,23
1468,3,8,0.036390338,0.96360964,23
1468,4,16,0.035973307,0.9640267,23
1468,5,29,0.034819804,0.9651802,23
1469,1,9,0.03794942,0.96205056,23
1469,2,2,0.03756364,0.9624364,23
1469,3,8,0.036361087,0.9636389,23
1469,4,16,0.036229763,0.9637702,23
1469,5,29,0.035071008,0.964929,23
1470,1,9,0.03828132,0.9617187,23
1470,2,2,0.03758882,0.96241117,23
1470,3,8,0.03619536,0.96380466,23
1470,4,16,0.0361937,0.9638063,23
1470,5,29,0.034636296,0.9653637,23
1471,1,9,0.038417544,0.9615825,23
1471,2,2,0.037831336,0.9621687,23
1471,3,8,0.036077887,0.96392214,23
1471,4,16,0.035867102,0.9641329,23
1471,5,1,0.034605343,0.9653947,23
1472,1,9,0.037962135,0.96203786,23
1472,2,2,0.03761727,0.96238273,23
1472,3,8,0.03635368,0.9636463,23
1472,4,16,0.036166538,0.96383345,23
1472,5,29,0.035061702,0.9649383,23
1473,1,9,0.038124558,0.96187544,23
1473,2,2,0.037379324,0.9626207,23
1473,3,16,0.036399968,0.96360004,23
1473,4,8,0.03623459,0.9637654,23
1473,5,29,0.034818176,0.9651818,23
1474,1,9,0.038295574,0.96170443,23
1474,2,2,0.037744664,0.96225536,23
1474,3,8,0.036251344,0.96374863,23
1474,4,16,0.035755165,0.96424484,23
1474,5,1,0.034800496,0.96519953,23
1475,1,9,0.037939645,0.96206033,23
1475,2,2,0.037649717,0.9623503,23
1475,3,16,0.03619524,0.9638048,23
1475,4,8,0.036188006,0.963812,23
1475,5,29,0.034721643,0.9652784,23
1476,1,9,0.038508505,0.96149147,23
1476,2,2,0.03760495,0.9623951,23
1476,3,8,0.03618664,0.96381336,23
1476,4,16,0.035906218,0.9640938,23
1476,5,1,0.03461858,0.96538144,23
1477,1,9,0.037961483,0.9620385,23
1477,2,2,0.03783405,0.96216595,23
1477,3,8,0.0363418,0.9636582,23
1477,4,16,0.035979733,0.96402025,23
1477,5,29,0.034867458,0.96513253,23
1478,1,9,0.03816095,0.9618391,23
1478,2,2,0.037604418,0.9623956,23
1478,3,8,0.036335036,0.96366495,23
1478,4,16,0.03599889,0.9640011,23
1478,5,29,0.034944564,0.96505547,23
1479,1,9,0.038140204,0.9618598,23
1479,2,2,0.03735399,0.962646,23
1479,3,16,0.036422987,0.96357703,23
1479,4,8,0.035959423,0.9640406,23
1479,5,29,0.03485202,0.965148,23
1480,1,9,0.038247626,0.96175236,23
1480,2,2,0.03755563,0.96244437,23
1480,3,8,0.036200676,0.9637993,23
1480,4,16,0.036160942,0.96383905,23
1480,5,29,0.03481812,0.9651819,23
1481,1,9,0.037989054,0.9620109,23
1481,2,2,0.037342116,0.96265787,23
1481,3,16,0.03631786,0.9636821,23
1481,4,8,0.036186617,0.96381336,23
1481,5,29,0.034960147,0.96503985,23
1482,1,9,0.03809059,0.9619094,23
1482,2,2,0.037480265,0.96251976,23
1482,3,8,0.036261097,0.9637389,23
1482,4,16,0.0362331,0.9637669,23
1482,5,29,0.0348725,0.9651275,23
1483,1,9,0.038132034,0.961868,23
1483,2,2,0.03792496,0.96207505,23
1483,3,8,0.036339097,0.9636609,23
1483,4,16,0.035773534,0.9642265,23
1483,5,1,0.034976512,0.9650235,23
1484,1,9,0.038311377,0.96168864,23
1484,2,2,0.037668422,0.9623316,23
1484,3,8,0.036210556,0.96378946,23
1484,4,16,0.036031332,0.9639687,23
1484,5,29,0.034742277,0.9652577,23
1485,1,9,0.03822222,0.9617778,23
1485,2,2,0.037945934,0.9620541,23
1485,3,8,0.03627629,0.9637237,23
1485,4,16,0.03588687,0.9641131,23
1485,5,29,0.034689244,0.96531075,23
1486,1,9,0.038228262,0.9617717,23
1486,2,2,0.037727885,0.9622721,23
1486,3,8,0.036324643,0.9636754,23
1486,4,16,0.03592379,0.9640762,23
1486,5,29,0.03477065,0.96522933,23
1487,1,9,0.038269356,0.96173066,23
1487,2,2,0.03746483,0.96253514,23
1487,3,16,0.036187258,0.96381277,23
1487,4,8,0.036184803,0.9638152,23
1487,5,29,0.034732167,0.96526784,23
1488,1,9,0.038053177,0.96194685,23
1488,2,2,0.037649304,0.9623507,23
1488,3,8,0.036197457,0.9638025,23
1488,4,16,0.03612993,0.96387005,23
1488,5,29,0.034820538,0.96517944,23
1489,1,9,0.03841874,0.96158123,23
1489,2,2,0.037543975,0.96245605,23
1489,3,16,0.036134265,0.96386576,23
1489,4,8,0.03611272,0.9638873,23
1489,5,29,0.034897517,0.9651025,23
1490,1,9,0.03801426,0.96198577,23
1490,2,2,0.037747473,0.9622525,23
1490,3,8,0.03623671,0.9637633,23
1490,4,16,0.036125842,0.96387416,23
1490,5,29,0.03517976,0.96482027,23
1491,1,9,0.038166527,0.9618335,23
1491,2,2,0.037530527,0.96246946,23
1491,3,8,0.036270265,0.96372974,23
1491,4,16,0.036151238,0.96384877,23
1491,5,29,0.035009116,0.96499085,23
1492,1,9,0.038238578,0.9617614,23
1492,2,2,0.03746114,0.96253884,23
1492,3,8,0.03630928,0.9636907,23
1492,4,16,0.036199067,0.9638009,23
1492,5,29,0.034769524,0.96523046,23
1493,1,9,0.03822165,0.96177834,23
1493,2,2,0.037831698,0.9621683,23
1493,3,8,0.03613305,0.96386695,23
1493,4,16,0.035976652,0.96402335,23
1493,5,29,0.034793336,0.9652067,23
1494,1,9,0.03824593,0.9617541,23
1494,2,2,0.0376233,0.9623767,23
1494,3,8,0.036387634,0.9636124,23
1494,4,16,0.03602585,0.9639742,23
1494,5,29,0.03480472,0.9651953,23
1495,1,9,0.03819953,0.96180046,23
1495,2,2,0.037288707,0.9627113,23
1495,3,16,0.03629649,0.9637035,23
1495,4,8,0.036251232,0.96374875,23
1495,5,29,0.034764163,0.9652358,23
1496,1,9,0.038049713,0.9619503,23
1496,2,2,0.03767684,0.9623232,23
1496,3,8,0.036198888,0.9638011,23
1496,4,16,0.036085255,0.96391475,23
1496,5,1,0.034845255,0.96515477,23
1497,1,9,0.038041428,0.9619586,23
1497,2,2,0.0377081,0.9622919,23
1497,3,8,0.03638135,0.96361864,23
1497,4,16,0.036103312,0.9638967,23
1497,5,29,0.0349928,0.9650072,23
1498,1,9,0.03803552,0.9619645,23
1498,2,2,0.037721947,0.96227807,23
1498,3,8,0.03640402,0.963596,23
1498,4,16,0.03599033,0.96400964,23
1498,5,29,0.0348945,0.9651055,23
1499,1,9,0.038311806,0.9616882,23
1499,2,2,0.037376218,0.9626238,23
1499,3,8,0.036388595,0.9636114,23
1499,4,16,0.035850905,0.9641491,23
1499,5,1,0.034839433,0.96516055,23
1500,1,9,0.03810053,0.96189946,23
1500,2,2,0.03744679,0.9625532,23
1500,3,16,0.036366504,0.9636335,23
1500,4,8,0.036226492,0.9637735,23
1500,5,29,0.034855228,0.96514475,23
1501,1,9,0.038038015,0.961962,23
1501,2,2,0.037767414,0.9622326,23
1501,3,8,0.036292523,0.96370745,23
1501,4,16,0.03597295,0.96402705,23
1501,5,29,0.03493447,0.96506554,23
1502,1,9,0.038207725,0.9617923,23
1502,2,2,0.03762403,0.962376,23
1502,3,8,0.03631691,0.96368307,23
1502,4,16,0.03601894,0.96398103,23
1502,5,29,0.03480698,0.96519303,23
1503,1,9,0.03822607,0.96177393,23
1503,2,2,0.037558466,0.96244156,23
1503,3,8,0.03620928,0.9637907,23
1503,4,16,0.036026485,0.9639735,23
1503,5,1,0.03498048,0.9650195,23
1504,1,9,0.038191024,0.961809,23
1504,2,2,0.03767978,0.9623202,23
1504,3,8,0.036276076,0.9637239,23
1504,4,16,0.035950672,0.96404934,23
1504,5,29,0.034685683,0.9653143,23
1505,1,9,0.038026415,0.9619736,23
1505,2,2,0.03770736,0.9622927,23
1505,3,8,0.036362324,0.96363765,23
1505,4,16,0.035911757,0.96408826,23
1505,5,29,0.034881644,0.96511835,23
1506,1,9,0.0382952,0.9617048,23
1506,2,2,0.037635855,0.96236414,23
1506,3,8,0.036488745,0.9635112,23
1506,4,16,0.03596662,0.96403337,23
1506,5,1,0.034841314,0.9651587,23
1507,1,9,0.03820591,0.9617941,23
1507,2,2,0.037544474,0.9624555,23
1507,3,8,0.0361981,0.9638019,23
1507,4,16,0.03610831,0.9638917,23
1507,5,29,0.034741197,0.9652588,23
1508,1,9,0.038130436,0.96186954,23
1508,2,2,0.037777632,0.96222234,23
1508,3,16,0.036198307,0.9638017,23
1508,4,8,0.036174554,0.96382546,23
1508,5,29,0.034782447,0.96521753,23
1509,1,9,0.0380913,0.9619087,23
1509,2,2,0.037249874,0.96275014,23
1509,3,16,0.036397208,0.9636028,23
1509,4,8,0.036217317,0.96378267,23
1509,5,29,0.03497411,0.9650259,23
1510,1,9,0.038480606,0.9615194,23
1510,2,2,0.037614893,0.9623851,23
1510,3,8,0.036357567,0.9636424,23
1510,4,16,0.035740845,0.96425915,23
1510,5,1,0.034839388,0.9651606,23
1511,1,9,0.038122505,0.96187747,23
1511,2,2,0.037427876,0.9625721,23
1511,3,16,0.03645487,0.96354514,23
1511,4,8,0.036105018,0.96389496,23
1511,5,29,0.035025444,0.9649746,23
1512,1,9,0.038278848,0.9617212,23
1512,2,2,0.037456274,0.9625437,23
1512,3,8,0.036205634,0.96379435,23
1512,4,16,0.03616958,0.9638304,23
1512,5,29,0.03474539,0.9652546,23
1513,1,9,0.03821502,0.96178496,23
1513,2,2,0.03760289,0.9623971,23
1513,3,8,0.036215983,0.96378404,23
1513,4,16,0.036000032,0.964,23
1513,5,1,0.035010274,0.9649897,23
1514,1,9,0.038030196,0.9619698,23
1514,2,2,0.037340194,0.96265984,23
1514,3,16,0.036457103,0.9635429,23
1514,4,8,0.0363094,0.9636906,23
1514,5,29,0.0349288,0.9650712,23
1515,1,9,0.03823463,0.96176535,23
1515,2,2,0.03785371,0.9621463,23
1515,3,8,0.0362119,0.9637881,23
1515,4,16,0.035778224,0.9642218,23
1515,5,1,0.03487972,0.96512026,23
1516,1,9,0.038127307,0.9618727,23
1516,2,2,0.037667915,0.96233207,23
1516,3,8,0.036355756,0.96364427,23
1516,4,16,0.035979256,0.9640207,23
1516,5,29,0.03508619,0.9649138,23
1517,1,9,0.038704805,0.9612952,23
1517,2,2,0.037374537,0.96262544,23
1517,3,16,0.0360524,0.9639476,23
1517,4,8,0.03601884,0.96398115,23
1517,5,29,0.03471864,0.96528137,23
1518,1,9,0.038162924,0.96183705,23
1518,2,2,0.0375421,0.9624579,23
1518,3,8,0.036244735,0.96375525,23
1518,4,16,0.036087234,0.9639128,23
1518,5,29,0.034712758,0.96528727,23
1519,1,9,0.03832196,0.961678,23
1519,2,2,0.03778588,0.9622141,23
1519,3,8,0.03635197,0.963648,23
1519,4,16,0.03579762,0.9642024,23
1519,5,1,0.034760438,0.9652396,23
1520,1,9,0.03822017,0.96177983,23
1520,2,2,0.037465896,0.9625341,23
1520,3,8,0.036283784,0.9637162,23
1520,4,16,0.036256935,0.9637431,23
1520,5,29,0.034899216,0.96510077,23
1521,1,9,0.038290326,0.9617097,23
1521,2,2,0.03756948,0.96243054,23
1521,3,8,0.036145087,0.9638549,23
1521,4,16,0.036010504,0.9639895,23
1521,5,29,0.034848426,0.96515155,23
1522,1,9,0.03800817,0.96199185,23
1522,2,2,0.037641853,0.9623581,23
1522,3,8,0.03628665,0.96371335,23
1522,4,16,0.03620083,0.9637992,23
1522,5,1,0.034868017,0.965132,23
1523,1,9,0.037913766,0.96208626,23
1523,2,2,0.0377323,0.9622677,23
1523,3,16,0.03633534,0.96366465,23
1523,4,8,0.03605038,0.9639496,23
1523,5,29,0.03480447,0.96519554,23
1524,1,9,0.038060363,0.96193963,23
1524,2,2,0.03740514,0.96259487,23
1524,3,8,0.03650329,0.9634967,23
1524,4,16,0.03628737,0.96371263,23
1524,5,29,0.0348406,0.9651594,23
1525,1,9,0.03829487,0.96170515,23
1525,2,2,0.03802288,0.9619771,23
1525,3,8,0.036253892,0.96374613,23
1525,4,16,0.035780635,0.9642194,23
1525,5,1,0.034799084,0.9652009,23
1526,1,9,0.03838612,0.9616139,23
1526,2,2,0.037862193,0.9621378,23
1526,3,8,0.03639495,0.96360505,23
1526,4,16,0.0358121,0.9641879,23
1526,5,1,0.034772247,0.9652277,23
1527,1,9,0.038175795,0.9618242,23
1527,2,2,0.037267286,0.96273273,23
1527,3,16,0.036227778,0.96377224,23
1527,4,8,0.036164,0.963836,23
1527,5,29,0.03491634,0.96508366,23
1528,1,9,0.03813411,0.9618659,23
1528,2,2,0.0374982,0.9625018,23
1528,3,16,0.03634737,0.9636526,23
1528,4,8,0.036326706,0.9636733,23
1528,5,29,0.034755517,0.9652445,23
1529,1,9,0.038182013,0.961818,23
1529,2,2,0.037935473,0.9620645,23
1529,3,8,0.036133744,0.96386623,23
1529,4,16,0.035987962,0.964012,23
1529,5,1,0.03481759,0.9651824,23
1530,1,9,0.038053073,0.9619469,23
1530,2,2,0.037452772,0.96254724,23
1530,3,8,0.03632255,0.96367747,23
1530,4,16,0.03619933,0.96380067,23
1530,5,29,0.034926552,0.96507347,23
1531,1,9,0.0382086,0.9617914,23
1531,2,2,0.03792315,0.96207684,23
1531,3,8,0.036023203,0.9639768,23
1531,4,16,0.03582361,0.9641764,23
1531,5,1,0.034654647,0.9653454,23
1532,1,9,0.038371466,0.96162856,23
1532,2,2,0.037868727,0.96213126,23
1532,3,8,0.0363193,0.9636807,23
1532,4,16,0.03588388,0.9641161,23
1532,5,29,0.034794033,0.96520597,23
1533,1,9,0.03817647,0.9618235,23
1533,2,2,0.037732676,0.96226734,23
1533,3,8,0.03617014,0.9638299,23
1533,4,16,0.035927385,0.9640726,23
1533,5,1,0.035243895,0.96475613,23
1534,1,9,0.037972912,0.9620271,23
1534,2,2,0.03750247,0.96249753,23
1534,3,16,0.036497235,0.96350276,23
1534,4,8,0.036168795,0.9638312,23
1534,5,29,0.03485514,0.9651449,23
1535,1,9,0.03840846,0.96159154,23
1535,2,2,0.03777135,0.96222866,23
1535,3,8,0.036059435,0.96394056,23
1535,4,16,0.035864845,0.96413517,23
1535,5,29,0.034658697,0.9653413,23
1536,1,9,0.03814225,0.96185774,23
1536,2,2,0.037685893,0.9623141,23
1536,3,8,0.036483265,0.9635167,23
1536,4,16,0.03591163,0.9640884,23
1536,5,1,0.034800116,0.9651999,23
1537,1,9,0.037982658,0.96201736,23
1537,2,2,0.037583318,0.9624167,23
1537,3,8,0.03647962,0.9635204,23
1537,4,16,0.036094744,0.9639053,23
1537,5,29,0.034993578,0.9650064,23
1538,1,9,0.038203347,0.96179664,23
1538,2,2,0.03763169,0.9623683,23
1538,3,8,0.03625665,0.9637433,23
1538,4,16,0.036020547,0.9639795,23
1538,5,1,0.034965638,0.96503437,23
1539,1,9,0.038069192,0.9619308,23
1539,2,2,0.03735172,0.9626483,23
1539,3,16,0.03629459,0.9637054,23
1539,4,8,0.03627446,0.96372557,23
1539,5,29,0.034865975,0.965134,23
1540,1,9,0.03830096,0.961699,23
1540,2,2,0.037846725,0.96215326,23
1540,3,8,0.036150757,0.96384925,23
1540,4,16,0.035918538,0.96408147,23
1540,5,1,0.034828864,0.96517116,23
1541,1,9,0.038080286,0.9619197,23
1541,2,2,0.037745785,0.9622542,23
1541,3,8,0.036224883,0.9637751,23
1541,4,16,0.03608797,0.963912,23
1541,5,29,0.034806523,0.96519345,23
1542,1,9,0.03813516,0.9618648,23
1542,2,2,0.03755416,0.96244586,23
1542,3,8,0.03614499,0.963855,23
1542,4,16,0.036140624,0.9638594,23
1542,5,1,0.034731384,0.9652686,23
1543,1,9,0.03834731,0.9616527,23
1543,2,2,0.037644703,0.9623553,23
1543,3,8,0.036164343,0.96383566,23
1543,4,16,0.035930347,0.96406966,23
1543,5,1,0.03481482,0.96518517,23
1544,1,9,0.03820229,0.9617977,23
1544,2,2,0.03717624,0.96282375,23
1544,3,16,0.036792092,0.9632079,23
1544,4,8,0.036012854,0.9639872,23
1544,5,29,0.03493371,0.9650663,23
1545,1,9,0.038175844,0.9618242,23
1545,2,2,0.038032897,0.9619671,23
1545,3,8,0.036122844,0.96387714,23
1545,4,16,0.035943948,0.9640561,23
1545,5,1,0.03478465,0.9652153,23
1546,1,9,0.03801949,0.9619805,23
1546,2,2,0.037420332,0.96257967,23
1546,3,16,0.036490705,0.9635093,23
1546,4,8,0.03619469,0.9638053,23
1546,5,29,0.034894194,0.96510583,23
1547,1,9,0.038080655,0.96191937,23
1547,2,2,0.037526645,0.96247333,23
1547,3,8,0.036336794,0.9636632,23
1547,4,16,0.03631185,0.96368814,23
1547,5,29,0.0350339,0.9649661,23
1548,1,9,0.038181607,0.9618184,23
1548,2,2,0.037716262,0.96228373,23
1548,3,8,0.03637011,0.9636299,23
1548,4,16,0.03592871,0.9640713,23
1548,5,1,0.03482131,0.96517867,23
1549,1,9,0.03828875,0.9617112,23
1549,2,2,0.037532188,0.9624678,23
1549,3,16,0.036222294,0.9637777,23
1549,4,8,0.03594757,0.96405244,23
1549,5,29,0.03479568,0.9652043,23
1550,1,9,0.038186517,0.9618135,23
1550,2,2,0.03733876,0.96266127,23
1550,3,16,0.03626231,0.96373767,23
1550,4,8,0.036259793,0.9637402,23
1550,5,29,0.03495945,0.96504056,23
1551,1,9,0.03816717,0.9618328,23
1551,2,2,0.037379585,0.96262044,23
1551,3,16,0.03629516,0.9637048,23
1551,4,8,0.036167916,0.9638321,23
1551,5,29,0.03498463,0.96501535,23
1552,1,9,0.038205363,0.9617946,23
1552,2,2,0.038044203,0.9619558,23
1552,3,8,0.03612678,0.9638732,23
1552,4,16,0.035898734,0.96410125,23
1552,5,1,0.034699038,0.965301,23
1553,1,9,0.038115006,0.961885,23
1553,2,2,0.037322946,0.96267706,23
1553,3,16,0.036507215,0.9634928,23
1553,4,8,0.03629828,0.9637017,23
1553,5,29,0.034963675,0.96503633,23
1554,1,9,0.037978772,0.96202123,23
1554,2,2,0.03736915,0.96263087,23
1554,3,16,0.036424577,0.9635754,23
1554,4,8,0.036247678,0.9637523,23
1554,5,29,0.034853715,0.9651463,23
1555,1,9,0.038373675,0.96162635,23
1555,2,2,0.037662987,0.962337,23
1555,3,8,0.036132313,0.96386766,23
1555,4,16,0.035924867,0.96407515,23
1555,5,1,0.03466478,0.96533525,23
1556,1,9,0.038174015,0.96182597,23
1556,2,2,0.03741889,0.9625811,23
1556,3,8,0.036344994,0.963655,23
1556,4,16,0.03610328,0.96389675,23
1556,5,29,0.034905188,0.9650948,23
1557,1,9,0.038341485,0.96165854,23
1557,2,2,0.03767409,0.96232593,23
1557,3,8,0.036207452,0.96379256,23
1557,4,16,0.036051497,0.9639485,23
1557,5,29,0.034588218,0.9654118,23
1558,1,9,0.03820167,0.9617983,23
1558,2,2,0.037900504,0.9620995,23
1558,3,8,0.036297955,0.963702,23
1558,4,16,0.035868075,0.96413195,23
1558,5,1,0.034821022,0.96517897,23
1559,1,9,0.03814129,0.9618587,23
1559,2,2,0.03754747,0.96245253,23
1559,3,16,0.036130592,0.9638694,23
1559,4,8,0.03611091,0.96388906,23
1559,5,1,0.034702122,0.9652979,23
1560,1,9,0.038237717,0.9617623,23
1560,2,2,0.037483368,0.9625166,23
1560,3,8,0.036432613,0.9635674,23
1560,4,16,0.0359849,0.9640151,23
1560,5,29,0.03490165,0.9650984,23
1561,1,9,0.038201462,0.96179855,23
1561,2,2,0.03725917,0.96274084,23
1561,3,16,0.03644809,0.9635519,23
1561,4,8,0.036063865,0.96393615,23
1561,5,29,0.03489102,0.965109,23
1562,1,9,0.03822899,0.961771,23
1562,2,2,0.037854366,0.9621456,23
1562,3,8,0.036284912,0.9637151,23
1562,4,16,0.035880655,0.9641193,23
1562,5,29,0.034607977,0.965392,23
1563,1,9,0.037924685,0.9620753,23
1563,2,2,0.037556015,0.962444,23
1563,3,8,0.03632647,0.96367353,23
1563,4,16,0.03615172,0.9638483,23
1563,5,29,0.034927946,0.96507204,23
1564,1,9,0.037977867,0.9620221,23
1564,2,2,0.037693888,0.96230614,23
1564,3,16,0.036206495,0.9637935,23
1564,4,8,0.036148325,0.9638517,23
1564,5,29,0.03479723,0.96520275,23
1565,1,9,0.03820331,0.9617967,23
1565,2,2,0.037538733,0.9624613,23
1565,3,8,0.036321253,0.9636787,23
1565,4,16,0.036216516,0.9637835,23
1565,5,1,0.034767117,0.9652329,23
1566,1,9,0.03837268,0.9616273,23
1566,2,2,0.037630606,0.9623694,23
1566,3,8,0.03621508,0.96378493,23
1566,4,16,0.03604691,0.9639531,23
1566,5,1,0.034712795,0.9652872,23
1567,1,9,0.037938975,0.96206105,23
1567,2,2,0.03758847,0.9624115,23
1567,3,8,0.03629422,0.9637058,23
1567,4,16,0.036147717,0.9638523,23
1567,5,29,0.035076234,0.96492374,23
1568,1,9,0.038245745,0.96175426,23
1568,2,2,0.03777498,0.962225,23
1568,3,8,0.03615134,0.96384865,23
1568,4,16,0.036087967,0.963912,23
1568,5,29,0.034801364,0.96519864,23
1569,1,9,0.038210966,0.961789,23
1569,2,2,0.03761603,0.962384,23
1569,3,8,0.036278017,0.963722,23
1569,4,16,0.036113344,0.9638867,23
1569,5,1,0.034985974,0.96501404,23
1570,1,9,0.038137574,0.96186244,23
1570,2,2,0.03766834,0.96233165,23
1570,3,8,0.036295988,0.963704,23
1570,4,16,0.03596005,0.9640399,23
1570,5,1,0.03481676,0.96518326,23
1571,1,9,0.03831783,0.9616822,23
1571,2,2,0.037488174,0.96251184,23
1571,3,8,0.036341958,0.96365803,23
1571,4,16,0.035960425,0.96403956,23
1571,5,29,0.034735817,0.9652642,23
1572,1,9,0.038149793,0.9618502,23
1572,2,2,0.037892066,0.96210796,23
1572,3,8,0.036179833,0.96382016,23
1572,4,16,0.03601624,0.9639838,23
1572,5,29,0.034691237,0.9653088,23
1573,1,9,0.03824015,0.96175987,23
1573,2,2,0.0376142,0.9623858,23
1573,3,8,0.036265984,0.96373403,23
1573,4,16,0.036114223,0.9638858,23
1573,5,29,0.03474901,0.96525097,23
1574,1,9,0.037953973,0.962046,23
1574,2,2,0.03753065,0.96246934,23
1574,3,8,0.03630735,0.96369267,23
1574,4,16,0.036117684,0.9638823,23
1574,5,29,0.034973055,0.965027,23
1575,1,9,0.03830171,0.9616983,23
1575,2,2,0.037373368,0.96262664,23
1575,3,8,0.036259674,0.96374035,23
1575,4,16,0.036251727,0.9637483,23
1575,5,29,0.03481362,0.96518636,23
1576,1,9,0.038395364,0.96160465,23
1576,2,2,0.037829306,0.9621707,23
1576,3,8,0.036319967,0.96368,23
1576,4,16,0.03582735,0.96417266,23
1576,5,1,0.034879364,0.9651206,23
1577,1,9,0.038209017,0.961791,23
1577,2,2,0.037807085,0.9621929,23
1577,3,8,0.03613534,0.9638647,23
1577,4,16,0.03606184,0.9639382,23
1577,5,1,0.03465423,0.96534574,23
1578,1,9,0.037968267,0.9620317,23
1578,2,2,0.037547447,0.96245253,23
1578,3,8,0.03641236,0.96358764,23
1578,4,16,0.03630778,0.96369225,23
1578,5,29,0.03490586,0.96509415,23
1579,1,9,0.03816522,0.9618348,23
1579,2,2,0.03768754,0.96231246,23
1579,3,16,0.036161706,0.9638383,23
1579,4,8,0.036121126,0.96387887,23
1579,5,29,0.03480414,0.96519583,23
1580,1,9,0.038167134,0.9618329,23
1580,2,2,0.037714016,0.962286,23
1580,3,8,0.036462635,0.96353734,23
1580,4,16,0.0357946,0.9642054,23
1580,5,1,0.034899924,0.96510005,23
1581,1,9,0.038081557,0.9619185,23
1581,2,2,0.037767787,0.96223223,23
1581,3,16,0.03621378,0.96378624,23
1581,4,8,0.036082875,0.96391714,23
1581,5,29,0.034751292,0.9652487,23
1582,1,9,0.038215186,0.96178484,23
1582,2,2,0.037586667,0.9624133,23
1582,3,8,0.036299143,0.96370083,23
1582,4,16,0.03602906,0.96397096,23
1582,5,29,0.0347883,0.9652117,23
1583,1,9,0.038420618,0.9615794,23
1583,2,2,0.037317317,0.96268266,23
1583,3,8,0.03623272,0.9637673,23
1583,4,16,0.0360715,0.9639285,23
1583,5,1,0.03485285,0.96514714,23
1584,1,9,0.03831017,0.96168983,23
1584,2,2,0.037529334,0.96247065,23
1584,3,8,0.036222868,0.9637771,23
1584,4,16,0.035978638,0.9640214,23
1584,5,1,0.03490607,0.9650939,23
1585,1,9,0.038528286,0.96147174,23
1585,2,2,0.03779905,0.96220094,23
1585,3,8,0.036223438,0.9637766,23
1585,4,16,0.03576873,0.96423125,23
1585,5,1,0.034640033,0.96536,23
1586,1,9,0.038297035,0.96170294,23
1586,2,2,0.037386037,0.96261394,23
1586,3,16,0.036250986,0.963749,23
1586,4,8,0.036146495,0.9638535,23
1586,5,29,0.034799628,0.96520036,23
1587,1,9,0.038336597,0.9616634,23
1587,2,2,0.03755377,0.9624462,23
1587,3,16,0.03622894,0.96377105,23
1587,4,8,0.03614815,0.96385187,23
1587,5,29,0.034654748,0.96534526,23
1588,1,9,0.038420692,0.9615793,23
1588,2,2,0.037939448,0.9620606,23
1588,3,8,0.036101826,0.9638982,23
1588,4,16,0.035725985,0.964274,23
1588,5,1,0.03486077,0.9651392,23
1589,1,9,0.03808373,0.96191627,23
1589,2,2,0.03761107,0.96238893,23
1589,3,16,0.036319148,0.96368086,23
1589,4,8,0.036190752,0.96380925,23
1589,5,29,0.034738746,0.9652613,23
1590,1,9,0.038181722,0.9618183,23
1590,2,2,0.038129732,0.96187025,23
1590,3,8,0.036226504,0.9637735,23
1590,4,16,0.035646196,0.9643538,23
1590,5,1,0.035031177,0.9649688,23
1591,1,9,0.03852743,0.9614726,23
1591,2,2,0.037709314,0.9622907,23
1591,3,8,0.036333553,0.96366644,23
1591,4,16,0.035683576,0.9643164,23
1591,5,1,0.034777056,0.96522295,23
1592,1,9,0.03813415,0.96186584,23
1592,2,2,0.03753069,0.96246934,23
1592,3,8,0.03621107,0.9637889,23
1592,4,16,0.036206607,0.9637934,23
1592,5,29,0.034830566,0.9651694,23
1593,1,9,0.03845336,0.96154666,23
1593,2,2,0.03720287,0.9627971,23
1593,3,8,0.036286604,0.9637134,23
1593,4,16,0.036120903,0.9638791,23
1593,5,29,0.0347476,0.9652524,23
1594,1,9,0.038170915,0.96182907,23
1594,2,2,0.037618525,0.9623815,23
1594,3,16,0.03626616,0.96373385,23
1594,4,8,0.036038227,0.9639618,23
1594,5,29,0.03486496,0.96513504,23
1595,1,9,0.03813484,0.9618652,23
1595,2,2,0.03743547,0.9625645,23
1595,3,8,0.03644891,0.9635511,23
1595,4,16,0.036022168,0.9639778,23
1595,5,1,0.034899417,0.9651006,23
1596,1,9,0.038199022,0.961801,23
1596,2,2,0.03771601,0.96228397,23
1596,3,8,0.036337204,0.9636628,23
1596,4,16,0.035952874,0.96404713,23
1596,5,29,0.03483394,0.96516603,23
1597,1,9,0.038179945,0.96182007,23
1597,2,2,0.037517212,0.9624828,23
1597,3,16,0.036218412,0.9637816,23
1597,4,8,0.035998818,0.9640012,23
1597,5,29,0.03499018,0.9650098,23
1598,1,9,0.03827726,0.96172273,23
1598,2,2,0.03784141,0.96215856,23
1598,3,8,0.036099207,0.9639008,23
1598,4,16,0.035912007,0.96408796,23
1598,5,1,0.034633692,0.9653663,23
1599,1,9,0.03825578,0.9617442,23
1599,2,2,0.037850875,0.96214914,23
1599,3,8,0.036352687,0.9636473,23
1599,4,16,0.035739876,0.9642601,23
1599,5,1,0.034784704,0.9652153,23
1600,1,9,0.03828911,0.9617109,23
1600,2,2,0.03779583,0.96220416,23
1600,3,8,0.03640903,0.963591,23
1600,4,16,0.0358224,0.9641776,23
1600,5,1,0.034922022,0.965078,23
1601,1,9,0.03839265,0.96160734,23
1601,2,2,0.03748924,0.96251076,23
1601,3,8,0.036209464,0.96379054,23
1601,4,16,0.035938162,0.96406186,23
1601,5,29,0.034691907,0.96530807,23
1602,1,9,0.0379714,0.9620286,23
1602,2,2,0.03747928,0.9625207,23
1602,3,8,0.036335967,0.96366405,23
1602,4,16,0.03614182,0.9638582,23
1602,5,29,0.035141464,0.96485853,23
1603,1,9,0.038397968,0.96160203,23
1603,2,2,0.03751824,0.96248174,23
1603,3,8,0.036176566,0.96382344,23
1603,4,16,0.036055896,0.9639441,23
1603,5,29,0.03466744,0.96533257,23
1604,1,9,0.03825881,0.9617412,23
1604,2,2,0.037560064,0.96243995,23
1604,3,16,0.03628391,0.9637161,23
1604,4,8,0.03601367,0.96398634,23
1604,5,29,0.034847874,0.96515214,23
1605,1,9,0.0381391,0.9618609,23
1605,2,2,0.037944768,0.9620552,23
1605,3,8,0.036183096,0.9638169,23
1605,4,16,0.036041617,0.9639584,23
1605,5,29,0.03478002,0.96522,23
1606,1,9,0.037972126,0.96202785,23
1606,2,2,0.03755318,0.9624468,23
1606,3,8,0.036244895,0.96375513,23
1606,4,16,0.03614996,0.96385,23
1606,5,29,0.034911603,0.96508837,23
1607,1,9,0.03844087,0.9615591,23
1607,2,2,0.037849132,0.9621509,23
1607,3,8,0.036034103,0.9639659,23
1607,4,16,0.035919014,0.964081,23
1607,5,29,0.03458235,0.9654176,23
1608,1,9,0.038134173,0.96186584,23
1608,2,2,0.037529156,0.9624708,23
1608,3,16,0.036330804,0.9636692,23
1608,4,8,0.036073975,0.963926,23
1608,5,29,0.035125423,0.96487457,23
1609,1,9,0.03824523,0.9617548,23
1609,2,2,0.03748721,0.9625128,23
1609,3,8,0.03622547,0.9637745,23
1609,4,16,0.03607134,0.96392864,23
1609,5,29,0.034798082,0.9652019,23
1610,1,9,0.03820005,0.9618,23
1610,2,2,0.037354965,0.96264505,23
1610,3,8,0.036303334,0.96369666,23
1610,4,16,0.03617487,0.9638251,23
1610,5,29,0.03478956,0.96521044,23
1611,1,9,0.038288396,0.9617116,23
1611,2,2,0.037786342,0.96221364,23
1611,3,8,0.03615517,0.96384484,23
1611,4,16,0.03609898,0.96390104,23
1611,5,1,0.034836885,0.9651631,23
1612,1,9,0.038273986,0.961726,23
1612,2,2,0.03749581,0.9625042,23
1612,3,8,0.0363604,0.9636396,23
1612,4,16,0.03596735,0.96403265,23
1612,5,29,0.034789015,0.965211,23
1613,1,9,0.038287114,0.9617129,23
1613,2,2,0.037786134,0.9622139,23
1613,3,16,0.036068916,0.9639311,23
1613,4,8,0.036026232,0.96397376,23
1613,5,29,0.03460823,0.96539176,23
1614,1,9,0.03830306,0.9616969,23
1614,2,2,0.03768823,0.96231174,23
1614,3,8,0.03624298,0.96375704,23
1614,4,16,0.035962425,0.9640376,23
1614,5,29,0.03478227,0.9652177,23
1615,1,9,0.038255434,0.96174455,23
1615,2,2,0.037393592,0.96260643,23
1615,3,8,0.03636134,0.96363866,23
1615,4,16,0.035935238,0.9640648,23
1615,5,1,0.03491975,0.96508026,23
1616,1,9,0.03819024,0.96180975,23
1616,2,2,0.03769859,0.96230143,23
1616,3,8,0.036263168,0.96373683,23
1616,4,16,0.035986718,0.9640133,23
1616,5,29,0.03472558,0.9652744,23
1617,1,9,0.038022436,0.96197754,23
1617,2,2,0.03767256,0.9623274,23
1617,3,8,0.036329772,0.96367025,23
1617,4,16,0.036098965,0.96390104,23
1617,5,29,0.03498677,0.9650132,23
1618,1,9,0.038383458,0.9616165,23
1618,2,2,0.037987493,0.9620125,23
1618,3,8,0.03616151,0.9638385,23
1618,4,16,0.035883877,0.9641161,23
1618,5,1,0.034539748,0.96546024,23
1619,1,9,0.037991643,0.96200836,23
1619,2,2,0.037705783,0.9622942,23
1619,3,8,0.03630623,0.9636938,23
1619,4,16,0.03609037,0.9639096,23
1619,5,29,0.034779433,0.9652206,23
1620,1,9,0.038332857,0.9616671,23
1620,2,2,0.03765457,0.9623454,23
1620,3,8,0.03634895,0.96365106,23
1620,4,16,0.035995938,0.96400404,23
1620,5,29,0.03480273,0.96519727,23
1621,1,9,0.0381482,0.9618518,23
1621,2,2,0.037675474,0.9623245,23
1621,3,8,0.03624071,0.9637593,23
1621,4,16,0.03609332,0.9639067,23
1621,5,29,0.03471668,0.96528333,23
1622,1,9,0.038428016,0.961572,23
1622,2,2,0.03747943,0.9625206,23
1622,3,8,0.036215384,0.96378464,23
1622,4,16,0.036100414,0.9638996,23
1622,5,29,0.034673896,0.96532613,23
1623,1,9,0.0382847,0.9617153,23
1623,2,2,0.037706617,0.9622934,23
1623,3,8,0.036094166,0.9639058,23
1623,4,16,0.036042307,0.96395767,23
1623,5,29,0.034590878,0.9654091,23
1624,1,9,0.038597014,0.961403,23
1624,2,2,0.037691653,0.96230835,23
1624,3,8,0.03624754,0.96375245,23
1624,4,16,0.035838533,0.96416146,23
1624,5,29,0.03462631,0.9653737,23
1625,1,9,0.038228158,0.96177185,23
1625,2,2,0.03767657,0.9623234,23
1625,3,8,0.036235392,0.9637646,23
1625,4,16,0.036144044,0.963856,23
1625,5,29,0.034703247,0.96529675,23
1626,1,9,0.038252607,0.9617474,23
1626,2,2,0.037482467,0.96251756,23
1626,3,8,0.036267124,0.9637329,23
1626,4,16,0.03613333,0.96386665,23
1626,5,29,0.034799516,0.9652005,23
1627,1,9,0.038237642,0.96176237,23
1627,2,2,0.037865277,0.9621347,23
1627,3,8,0.03635362,0.96364635,23
1627,4,16,0.03596481,0.9640352,23
1627,5,29,0.034784343,0.9652157,23
1628,1,9,0.0381784,0.9618216,23
1628,2,2,0.03743595,0.96256405,23
1628,3,8,0.036234364,0.9637656,23
1628,4,16,0.036166534,0.96383345,23
1628,5,29,0.034777425,0.9652226,23
1629,1,9,0.03808258,0.9619174,23
1629,2,2,0.037569568,0.9624304,23
1629,3,8,0.036219243,0.96378076,23
1629,4,16,0.036099292,0.9639007,23
1629,5,29,0.03478256,0.9652175,23
1630,1,9,0.038082637,0.96191734,23
1630,2,2,0.037458204,0.9625418,23
1630,3,16,0.036480073,0.96351993,23
1630,4,8,0.036160942,0.96383905,23
1630,5,29,0.034890845,0.96510917,23
1631,1,9,0.038251817,0.9617482,23
1631,2,2,0.037671223,0.9623288,23
1631,3,8,0.036194786,0.9638052,23
1631,4,16,0.03602699,0.963973,23
1631,5,29,0.03470636,0.96529365,23
1632,1,9,0.03815834,0.96184164,23
1632,2,2,0.037642274,0.9623577,23
1632,3,8,0.036281686,0.9637183,23
1632,4,16,0.03612541,0.9638746,23
1632,5,1,0.035014153,0.96498585,23
1633,1,9,0.038351472,0.9616485,23
1633,2,2,0.0376652,0.9623348,23
1633,3,8,0.03611815,0.96388185,23
1633,4,16,0.036070008,0.96393,23
1633,5,29,0.034734268,0.96526575,23
1634,1,9,0.038416807,0.9615832,23
1634,2,2,0.037577234,0.9624228,23
1634,3,8,0.036287483,0.9637125,23
1634,4,16,0.036046967,0.963953,23
1634,5,29,0.034649085,0.9653509,23
1635,1,9,0.038085885,0.9619141,23
1635,2,2,0.037661944,0.96233803,23
1635,3,8,0.036158834,0.96384114,23
1635,4,16,0.036136378,0.9638636,23
1635,5,29,0.034801662,0.96519834,23
1636,1,9,0.038255017,0.96174496,23
1636,2,2,0.037748594,0.9622514,23
1636,3,8,0.036256086,0.9637439,23
1636,4,16,0.036089126,0.9639109,23
1636,5,1,0.034701634,0.96529835,23
1637,1,9,0.038280185,0.9617198,23
1637,2,2,0.03743529,0.9625647,23
1637,3,16,0.03624872,0.96375126,23
1637,4,8,0.03613813,0.9638619,23
1637,5,29,0.034678593,0.9653214,23
1638,1,9,0.038239572,0.9617604,23
1638,2,2,0.03722188,0.9627781,23
1638,3,16,0.036451194,0.9635488,23
1638,4,8,0.036103055,0.96389693,23
1638,5,29,0.034811698,0.9651883,23
1639,1,9,0.03817249,0.9618275,23
1639,2,2,0.037722617,0.9622774,23
1639,3,8,0.036322284,0.9636777,23
1639,4,16,0.03605044,0.96394956,23
1639,5,1,0.034871116,0.9651289,23
1640,1,9,0.038248617,0.9617514,23
1640,2,2,0.03800955,0.9619905,23
1640,3,8,0.036307488,0.9636925,23
1640,4,16,0.035829768,0.9641702,23
1640,5,1,0.03469291,0.9653071,23
1641,1,9,0.038444042,0.96155596,23
1641,2,2,0.037701286,0.9622987,23
1641,3,8,0.035971858,0.9640281,23
1641,4,16,0.035953015,0.96404696,23
1641,5,1,0.03456853,0.96543145,23
1642,1,9,0.038154803,0.9618452,23
1642,2,2,0.0376207,0.9623793,23
1642,3,8,0.036185823,0.9638142,23
1642,4,16,0.03616859,0.9638314,23
1642,5,29,0.034855902,0.9651441,23
1643,1,9,0.038125854,0.9618741,23
1643,2,2,0.037342027,0.962658,23
1643,3,16,0.03637067,0.9636293,23
1643,4,8,0.036349826,0.96365017,23
1643,5,29,0.034882087,0.96511793,23
1644,1,9,0.038553864,0.96144617,23
1644,2,2,0.037659056,0.96234095,23
1644,3,16,0.036147162,0.9638528,23
1644,4,8,0.03597113,0.9640289,23
1644,5,29,0.03462416,0.96537584,23
1645,1,9,0.038073044,0.96192694,23
1645,2,2,0.03758344,0.9624165,23
1645,3,8,0.03625624,0.96374375,23
1645,4,16,0.036169823,0.9638302,23
1645,5,29,0.03493791,0.9650621,23
1646,1,9,0.038177498,0.9618225,23
1646,2,2,0.03738744,0.96261257,23
1646,3,16,0.036350805,0.9636492,23
1646,4,8,0.03615803,0.963842,23
1646,5,29,0.03498046,0.9650195,23
1647,1,9,0.038316406,0.9616836,23
1647,2,2,0.037903026,0.962097,23
1647,3,8,0.036340397,0.9636596,23
1647,4,16,0.03591073,0.9640893,23
1647,5,29,0.034647204,0.9653528,23
1648,1,9,0.038130384,0.9618696,23
1648,2,2,0.037908606,0.9620914,23
1648,3,8,0.036293946,0.9637061,23
1648,4,16,0.03591375,0.96408623,23
1648,5,1,0.034719426,0.9652806,23
1649,1,9,0.038293567,0.96170646,23
1649,2,2,0.037549876,0.96245015,23
1649,3,8,0.036417264,0.96358275,23
1649,4,16,0.035897363,0.9641026,23
1649,5,1,0.03497716,0.96502286,23
1650,1,9,0.03855242,0.9614476,23
1650,2,2,0.03737334,0.96262664,23
1650,3,8,0.036278367,0.96372163,23
1650,4,16,0.03590636,0.9640936,23
1650,5,1,0.034773227,0.96522677,23
1651,1,9,0.03832593,0.9616741,23
1651,2,2,0.038039498,0.9619605,23
1651,3,8,0.036218073,0.96378195,23
1651,4,16,0.035776407,0.9642236,23
1651,5,1,0.034859017,0.965141,23
1652,1,9,0.038102172,0.96189785,23
1652,2,2,0.037345625,0.96265435,23
1652,3,8,0.036438413,0.9635616,23
1652,4,16,0.036268707,0.9637313,23
1652,5,29,0.034933392,0.9650666,23
1653,1,9,0.038095605,0.9619044,23
1653,2,2,0.037752867,0.96224713,23
1653,3,8,0.03632383,0.96367615,23
1653,4,16,0.03578637,0.9642136,23
1653,5,1,0.03513841,0.9648616,23
1654,1,9,0.038481507,0.96151847,23
1654,2,2,0.03765305,0.962347,23
1654,3,8,0.03625768,0.9637423,23
1654,4,16,0.0359918,0.9640082,23
1654,5,1,0.034791954,0.96520805,23
1655,1,9,0.0382137,0.96178627,23
1655,2,2,0.037536096,0.9624639,23
1655,3,8,0.036264826,0.96373516,23
1655,4,16,0.03597498,0.964025,23
1655,5,1,0.034762878,0.96523714,23
1656,1,9,0.038010698,0.9619893,23
1656,2,2,0.037940342,0.9620597,23
1656,3,8,0.036366764,0.96363324,23
1656,4,16,0.035975344,0.96402466,23
1656,5,29,0.034870464,0.96512955,23
1657,1,9,0.038203433,0.9617966,23
1657,2,2,0.037481587,0.9625184,23
1657,3,8,0.03626765,0.96373236,23
1657,4,16,0.03619311,0.96380687,23
1657,5,29,0.03469717,0.9653028,23
1658,1,9,0.038031403,0.9619686,23
1658,2,2,0.037249736,0.96275026,23
1658,3,8,0.036412984,0.96358705,23
1658,4,16,0.036142766,0.96385723,23
1658,5,29,0.034988098,0.9650119,23
1659,1,9,0.03803913,0.96196085,23
1659,2,2,0.037489787,0.9625102,23
1659,3,8,0.036296368,0.96370363,23
1659,4,16,0.03623107,0.96376896,23
1659,5,29,0.034856636,0.9651434,23
1660,1,9,0.038173247,0.96182674,23
1660,2,2,0.037640564,0.9623594,23
1660,3,8,0.036340356,0.96365964,23
1660,4,16,0.03602697,0.96397305,23
1660,5,29,0.034796074,0.96520394,23
1661,1,9,0.038270403,0.9617296,23
1661,2,2,0.037305795,0.9626942,23
1661,3,8,0.036374144,0.96362585,23
1661,4,16,0.03612161,0.9638784,23
1661,5,29,0.034942705,0.9650573,23
1662,1,9,0.038279045,0.96172094,23
1662,2,2,0.03785987,0.96214014,23
1662,3,16,0.036021415,0.9639786,23
1662,4,8,0.03590201,0.964098,23
1662,5,29,0.03452551,0.9654745,23
1663,1,9,0.038332578,0.9616674,23
1663,2,2,0.037565816,0.9624342,23
1663,3,8,0.036245175,0.96375483,23
1663,4,16,0.035894264,0.9641057,23
1663,5,1,0.03470442,0.96529555,23
1664,1,9,0.03797524,0.96202475,23
1664,2,2,0.03753439,0.9624656,23
1664,3,8,0.036466222,0.96353376,23
1664,4,16,0.03610401,0.963896,23
1664,5,29,0.034966312,0.9650337,23
1665,1,9,0.037962794,0.9620372,23
1665,2,2,0.037458796,0.9625412,23
1665,3,16,0.03671881,0.9632812,23
1665,4,8,0.036120255,0.96387976,23
1665,5,29,0.034823574,0.9651764,23
1666,1,9,0.03791033,0.96208966,23
1666,2,2,0.037833955,0.9621661,23
1666,3,8,0.036286715,0.9637133,23
1666,4,16,0.03605181,0.9639482,23
1666,5,29,0.034861106,0.9651389,23
1667,1,9,0.037917055,0.9620829,23
1667,2,2,0.037441187,0.9625588,23
1667,3,8,0.036343012,0.96365696,23
1667,4,16,0.0362406,0.9637594,23
1667,5,29,0.035055805,0.9649442,23
1668,1,9,0.03817575,0.96182424,23
1668,2,2,0.037691638,0.96230835,23
1668,3,8,0.036330182,0.96366984,23
1668,4,16,0.036039088,0.9639609,23
1668,5,29,0.034719583,0.9652804,23
1669,1,9,0.03831555,0.96168447,23
1669,2,2,0.03774834,0.96225166,23
1669,3,8,0.03631952,0.9636805,23
1669,4,16,0.035929464,0.96407056,23
1669,5,29,0.034687374,0.9653126,23
1670,1,9,0.03817099,0.961829,23
1670,2,2,0.037865218,0.9621348,23
1670,3,8,0.03636801,0.963632,23
1670,4,16,0.035766188,0.9642338,23
1670,5,1,0.034779973,0.96522003,23
1671,1,9,0.0382465,0.9617535,23
1671,2,2,0.037937358,0.96206266,23
1671,3,8,0.036178324,0.96382165,23
1671,4,16,0.03587632,0.96412367,23
1671,5,1,0.03489244,0.96510756,23
1672,1,9,0.038274247,0.9617258,23
1672,2,2,0.03764682,0.96235317,23
1672,3,8,0.036150284,0.9638497,23
1672,4,16,0.03590756,0.96409243,23
1672,5,1,0.03467244,0.96532756,23
1673,1,9,0.03840402,0.96159595,23
1673,2,2,0.037353124,0.9626469,23
1673,3,8,0.03626603,0.963734,23
1673,4,16,0.0360949,0.9639051,23
1673,5,29,0.034759954,0.96524006,23
1674,1,9,0.038418073,0.96158195,23
1674,2,2,0.037858173,0.9621418,23
1674,3,8,0.036091812,0.9639082,23
1674,4,16,0.03571748,0.9642825,23
1674,5,1,0.03482598,0.965174,23
1675,1,9,0.038304206,0.9616958,23
1675,2,2,0.037730727,0.96226925,23
1675,3,16,0.036104042,0.963896,23
1675,4,8,0.03608148,0.9639185,23
1675,5,29,0.034588233,0.9654118,23
1676,1,9,0.03828941,0.9617106,23
1676,2,2,0.037435085,0.96256495,23
1676,3,16,0.036191326,0.96380866,23
1676,4,8,0.03607704,0.963923,23
1676,5,29,0.034751326,0.9652487,23
1677,1,9,0.038102597,0.9618974,23
1677,2,2,0.037498903,0.9625011,23
1677,3,16,0.03627381,0.96372616,23
1677,4,8,0.036087796,0.9639122,23
1677,5,1,0.034936946,0.96506304,23
1678,1,9,0.038337037,0.96166295,23
1678,2,2,0.037373986,0.96262604,23
1678,3,8,0.036319003,0.963681,23
1678,4,16,0.03606309,0.9639369,23
1678,5,1,0.034846053,0.96515393,23
1679,1,9,0.038063448,0.96193653,23
1679,2,2,0.03735679,0.9626432,23
1679,3,8,0.036439102,0.9635609,23
1679,4,16,0.036206305,0.9637937,23
1679,5,29,0.0349478,0.9650522,23
1680,1,9,0.03835346,0.96164656,23
1680,2,2,0.03766995,0.96233004,23
1680,3,8,0.036203615,0.9637964,23
1680,4,16,0.03595337,0.96404666,23
1680,5,1,0.034728542,0.9652715,23
1681,1,9,0.037987616,0.9620124,23
1681,2,2,0.03777544,0.96222454,23
1681,3,16,0.036227994,0.963772,23
1681,4,8,0.036126327,0.9638737,23
1681,5,29,0.03487307,0.96512693,23
1682,1,9,0.03815633,0.96184367,23
1682,2,2,0.03749496,0.96250504,23
1682,3,8,0.03625352,0.9637465,23
1682,4,16,0.036121685,0.96387833,23
1682,5,1,0.03479037,0.9652096,23
1683,1,9,0.038325932,0.9616741,23
1683,2,2,0.037719008,0.962281,23
1683,3,8,0.0361878,0.9638122,23
1683,4,16,0.035815593,0.9641844,23
1683,5,1,0.034709927,0.96529007,23
1684,1,9,0.038448267,0.9615517,23
1684,2,2,0.03788731,0.96211267,23
1684,3,8,0.036303464,0.96369654,23
1684,4,16,0.03585697,0.96414304,23
1684,5,1,0.034739345,0.9652606,23
1685,1,9,0.03811854,0.96188146,23
1685,2,2,0.037681438,0.96231854,23
1685,3,8,0.036253408,0.9637466,23
1685,4,16,0.03608494,0.96391505,23
1685,5,1,0.03473782,0.9652622,23
1686,1,9,0.038294397,0.9617056,23
1686,2,2,0.03756993,0.96243006,23
1686,3,8,0.036187954,0.96381205,23
1686,4,16,0.035887264,0.96411276,23
1686,5,1,0.03486369,0.9651363,23
1687,1,9,0.038216755,0.96178323,23
1687,2,2,0.03738443,0.96261555,23
1687,3,8,0.036326174,0.96367383,23
1687,4,16,0.035950996,0.964049,23
1687,5,1,0.03481849,0.9651815,23
1688,1,9,0.037900027,0.96209997,23
1688,2,2,0.03755045,0.96244955,23
1688,3,8,0.036501545,0.9634985,23
1688,4,16,0.036226433,0.96377355,23
1688,5,29,0.03513447,0.9648655,23
1689,1,9,0.03821657,0.9617834,23
1689,2,2,0.0375835,0.9624165,23
1689,3,16,0.03626463,0.96373534,23
1689,4,8,0.036030687,0.9639693,23
1689,5,29,0.03489282,0.9651072,23
1690,1,9,0.038158976,0.96184105,23
1690,2,2,0.037784714,0.9622153,23
1690,3,16,0.036104165,0.96389586,23
1690,4,8,0.036051024,0.96394897,23
1690,5,29,0.034848526,0.9651515,23
1691,1,9,0.038070302,0.9619297,23
1691,2,2,0.037339475,0.96266055,23
1691,3,16,0.036495198,0.9635048,23
1691,4,8,0.036152225,0.96384776,23
1691,5,29,0.034840163,0.96515983,23
1692,1,9,0.038181745,0.9618183,23
1692,2,2,0.037820783,0.96217924,23
1692,3,8,0.03621469,0.9637853,23
1692,4,16,0.035866626,0.9641334,23
1692,5,1,0.034712505,0.9652875,23
1693,1,9,0.03807212,0.9619279,23
1693,2,2,0.03786968,0.9621303,23
1693,3,8,0.036199152,0.96380085,23
1693,4,16,0.036040127,0.9639599,23
1693,5,29,0.035023805,0.9649762,23
1694,1,9,0.03823608,0.9617639,23
1694,2,2,0.037515853,0.9624841,23
1694,3,8,0.036459688,0.9635403,23
1694,4,16,0.035951935,0.9640481,23
1694,5,29,0.034780268,0.96521974,23
1695,1,9,0.037987683,0.9620123,23
1695,2,2,0.037468184,0.9625318,23
1695,3,16,0.03644242,0.9635576,23
1695,4,8,0.0362833,0.9637167,23
1695,5,29,0.034944315,0.9650557,23
1696,1,9,0.03815687,0.96184313,23
1696,2,2,0.037742447,0.96225756,23
1696,3,8,0.036342382,0.9636576,23
1696,4,16,0.036110822,0.9638892,23
1696,5,29,0.034882724,0.9651173,23
1697,1,9,0.038368367,0.96163166,23
1697,2,2,0.037555546,0.9624444,23
1697,3,8,0.036127307,0.9638727,23
1697,4,16,0.03594933,0.96405065,23
1697,5,1,0.034728624,0.96527135,23
1698,1,9,0.03814296,0.961857,23
1698,2,2,0.03753357,0.9624664,23
1698,3,8,0.036201306,0.9637987,23
1698,4,16,0.036187768,0.96381223,23
1698,5,29,0.03489106,0.96510893,23
1699,1,9,0.038301136,0.9616989,23
1699,2,2,0.037789077,0.9622109,23
1699,3,8,0.036183648,0.96381634,23
1699,4,16,0.036027063,0.9639729,23
1699,5,29,0.034717508,0.9652825,23
1700,1,9,0.03826241,0.9617376,23
1700,2,2,0.03752668,0.96247333,23
1700,3,8,0.03623267,0.96376735,23
1700,4,16,0.036198907,0.9638011,23
1700,5,29,0.03486472,0.9651353,23
1701,1,9,0.038128324,0.9618717,23
1701,2,2,0.03765512,0.9623449,23
1701,3,8,0.036322497,0.9636775,23
1701,4,16,0.03594989,0.9640501,23
1701,5,29,0.03480994,0.96519005,23
1702,1,9,0.038412053,0.96158797,23
1702,2,2,0.03740206,0.96259797,23
1702,3,8,0.036249667,0.96375036,23
1702,4,16,0.036052775,0.96394724,23
1702,5,1,0.034795854,0.9652041,23
1703,1,9,0.038320165,0.9616798,23
1703,2,2,0.037472084,0.96252793,23
1703,3,8,0.036261052,0.9637389,23
1703,4,16,0.03607906,0.96392095,23
1703,5,1,0.034721315,0.9652787,23
1704,1,9,0.038464207,0.9615358,23
1704,2,2,0.037625436,0.96237457,23
1704,3,8,0.036168095,0.9638319,23
1704,4,16,0.035838943,0.96416104,23
1704,5,1,0.03467486,0.9653251,23
1705,1,9,0.03800422,0.9619958,23
1705,2,2,0.03735136,0.96264863,23
1705,3,16,0.03636541,0.9636346,23
1705,4,8,0.03629294,0.9637071,23
1705,5,29,0.03494688,0.96505314,23
1706,1,9,0.03802742,0.9619726,23
1706,2,2,0.037691157,0.9623088,23
1706,3,8,0.03623741,0.9637626,23
1706,4,16,0.03606493,0.9639351,23
1706,5,1,0.03476336,0.96523666,23
1707,1,9,0.038263906,0.9617361,23
1707,2,2,0.037825644,0.96217436,23
1707,3,8,0.036266454,0.96373355,23
1707,4,16,0.035950724,0.9640493,23
1707,5,1,0.034688406,0.9653116,23
1708,1,9,0.038397767,0.9616022,23
1708,2,2,0.037740637,0.96225935,23
1708,3,8,0.03619105,0.96380895,23
1708,4,16,0.035934653,0.9640654,23
1708,5,1,0.034760527,0.96523947,23
1709,1,9,0.0383677,0.9616323,23
1709,2,2,0.03768257,0.9623174,23
1709,3,8,0.036299646,0.96370035,23
1709,4,16,0.035962135,0.9640379,23
1709,5,1,0.034649607,0.9653504,23
1710,1,9,0.038360544,0.96163946,23
1710,2,2,0.037706036,0.962294,23
1710,3,8,0.036021985,0.963978,23
1710,4,16,0.035985045,0.96401495,23
1710,5,29,0.034622308,0.9653777,23
1711,1,9,0.03834407,0.9616559,23
1711,2,2,0.037413288,0.9625867,23
1711,3,16,0.03630478,0.9636952,23
1711,4,8,0.036180355,0.9638196,23
1711,5,29,0.034749523,0.9652505,23
1712,1,9,0.038209517,0.9617905,23
1712,2,2,0.037657887,0.96234214,23
1712,3,8,0.036276463,0.96372354,23
1712,4,16,0.0362063,0.9637937,23
1712,5,1,0.034738224,0.96526176,23
1713,1,9,0.03837236,0.96162766,23
1713,2,2,0.03797245,0.96202755,23
1713,3,8,0.036284745,0.96371526,23
1713,4,16,0.035772685,0.9642273,23
1713,5,1,0.03469387,0.9653061,23
1714,1,9,0.038559813,0.9614402,23
1714,2,2,0.037417233,0.96258277,23
1714,3,16,0.036202803,0.9637972,23
1714,4,8,0.035833795,0.9641662,23
1714,5,29,0.034656145,0.96534383,23
1715,1,9,0.038013928,0.96198606,23
1715,2,2,0.037510246,0.9624897,23
1715,3,8,0.036369313,0.9636307,23
1715,4,16,0.0362578,0.9637422,23
1715,5,29,0.035014395,0.9649856,23
1716,1,9,0.038272068,0.9617279,23
1716,2,2,0.037436362,0.96256363,23
1716,3,16,0.036233656,0.96376634,23
1716,4,8,0.03611056,0.9638894,23
1716,5,29,0.034743827,0.96525615,23
1717,1,9,0.03832039,0.96167964,23
1717,2,2,0.037665203,0.9623348,23
1717,3,8,0.036273632,0.96372634,23
1717,4,16,0.035898816,0.9641012,23
1717,5,1,0.034832582,0.9651674,23
1718,1,9,0.03839906,0.96160096,23
1718,2,2,0.037447497,0.9625525,23
1718,3,8,0.036264297,0.9637357,23
1718,4,16,0.036205225,0.96379477,23
1718,5,1,0.03464956,0.96535045,23
1719,1,9,0.037780035,0.96221995,23
1719,2,2,0.037686776,0.96231323,23
1719,3,8,0.03639542,0.96360457,23
1719,4,16,0.036158018,0.963842,23
1719,5,29,0.035055824,0.9649442,23
1720,1,9,0.03835354,0.96164644,23
1720,2,2,0.037397515,0.9626025,23
1720,3,16,0.036236238,0.9637638,23
1720,4,8,0.03608114,0.96391886,23
1720,5,29,0.034708433,0.96529156,23
1721,1,9,0.037952613,0.9620474,23
1721,2,2,0.03758509,0.9624149,23
1721,3,8,0.03637848,0.9636215,23
1721,4,16,0.036121443,0.9638786,23
1721,5,29,0.035141207,0.9648588,23
1722,1,9,0.038020313,0.9619797,23
1722,2,2,0.03751926,0.9624807,23
1722,3,16,0.036323037,0.963677,23
1722,4,8,0.036045454,0.96395457,23
1722,5,29,0.034742337,0.96525764,23
1723,1,9,0.03827398,0.961726,23
1723,2,2,0.037310887,0.9626891,23
1723,3,8,0.036213584,0.9637864,23
1723,4,16,0.03612586,0.96387416,23
1723,5,29,0.03479754,0.96520245,23
1724,1,9,0.038162082,0.9618379,23
1724,2,2,0.03773181,0.9622682,23
1724,3,8,0.036224533,0.96377546,23
1724,4,16,0.036048863,0.9639511,23
1724,5,1,0.034813512,0.9651865,23
1725,1,9,0.03805025,0.96194977,23
1725,2,2,0.037828382,0.9621716,23
1725,3,8,0.036375213,0.9636248,23
1725,4,16,0.035931133,0.9640689,23
1725,5,1,0.035115246,0.96488476,23
1726,1,9,0.03825797,0.96174204,23
1726,2,2,0.03761138,0.96238863,23
1726,3,8,0.036459766,0.96354026,23
1726,4,16,0.036054328,0.9639457,23
1726,5,29,0.0348351,0.9651649,23
1727,1,9,0.038369846,0.96163017,23
1727,2,2,0.037853315,0.9621467,23
1727,3,8,0.036374502,0.9636255,23
1727,4,16,0.035889406,0.9641106,23
1727,5,29,0.034714878,0.9652851,23
1728,1,9,0.03833471,0.9616653,23
1728,2,2,0.037657984,0.962342,23
1728,3,8,0.036132794,0.9638672,23
1728,4,16,0.035811055,0.96418893,23
1728,5,1,0.034978066,0.9650219,23
1729,1,9,0.038273554,0.9617264,23
1729,2,2,0.03764132,0.96235865,23
1729,3,16,0.03617003,0.96383,23
1729,4,8,0.03614169,0.9638583,23
1729,5,29,0.034804836,0.9651952,23
1730,1,9,0.038206212,0.9617938,23
1730,2,2,0.037499737,0.9625003,23
1730,3,8,0.036228146,0.9637719,23
1730,4,16,0.036138784,0.9638612,23
1730,5,29,0.034796383,0.96520364,23
1731,1,9,0.038094804,0.9619052,23
1731,2,2,0.03730619,0.9626938,23
1731,3,8,0.03629711,0.9637029,23
1731,4,16,0.03627144,0.96372855,23
1731,5,29,0.034912016,0.965088,23
1732,1,9,0.038410448,0.9615896,23
1732,2,2,0.0375561,0.9624439,23
1732,3,16,0.036181986,0.963818,23
1732,4,8,0.036104042,0.963896,23
1732,5,29,0.03471112,0.9652889,23
1733,1,9,0.038470253,0.96152973,23
1733,2,2,0.037775565,0.9622244,23
1733,3,8,0.036313158,0.9636868,23
1733,4,16,0.03581311,0.9641869,23
1733,5,1,0.034928884,0.96507114,23
1734,1,9,0.03850131,0.9614987,23
1734,2,2,0.03766428,0.9623357,23
1734,3,8,0.036033146,0.96396685,23
1734,4,16,0.03602199,0.963978,23
1734,5,29,0.034734055,0.9652659,23
1735,1,9,0.03833662,0.96166337,23
1735,2,2,0.037575126,0.9624249,23
1735,3,8,0.036266513,0.9637335,23
1735,4,16,0.036128238,0.9638718,23
1735,5,1,0.034799494,0.9652005,23
1736,1,9,0.038103737,0.96189624,23
1736,2,2,0.037451506,0.9625485,23
1736,3,16,0.036346555,0.96365345,23
1736,4,8,0.036253203,0.9637468,23
1736,5,29,0.03492939,0.9650706,23
1737,1,9,0.038274266,0.9617257,23
1737,2,2,0.03788939,0.96211064,23
1737,3,8,0.0362931,0.9637069,23
1737,4,16,0.035926837,0.9640732,23
1737,5,1,0.034788754,0.9652113,23
1738,1,9,0.03821286,0.96178716,23
1738,2,2,0.037625793,0.9623742,23
1738,3,8,0.03625597,0.96374404,23
1738,4,16,0.036108404,0.9638916,23
1738,5,29,0.03476857,0.9652314,23
1739,1,9,0.038037807,0.9619622,23
1739,2,2,0.037553724,0.9624463,23
1739,3,8,0.036449946,0.96355003,23
1739,4,16,0.035996106,0.9640039,23
1739,5,1,0.03490507,0.9650949,23
1740,1,9,0.03798817,0.9620118,23
1740,2,2,0.037766255,0.9622337,23
1740,3,8,0.036103904,0.9638961,23
1740,4,16,0.036003433,0.9639966,23
1740,5,1,0.034803677,0.9651963,23
1741,1,9,0.037933815,0.9620662,23
1741,2,2,0.037500266,0.96249974,23
1741,3,16,0.036396723,0.96360326,23
1741,4,8,0.036341213,0.9636588,23
1741,5,29,0.034997713,0.9650023,23
1742,1,9,0.03819906,0.96180093,23
1742,2,2,0.03749231,0.96250767,23
1742,3,8,0.036236398,0.9637636,23
1742,4,16,0.036147594,0.9638524,23
1742,5,1,0.03470835,0.9652916,23
1743,1,9,0.038182866,0.96181715,23
1743,2,2,0.037579093,0.9624209,23
1743,3,8,0.036218055,0.96378195,23
1743,4,16,0.0359955,0.9640045,23
1743,5,29,0.034805205,0.9651948,23
1744,1,9,0.03822848,0.96177155,23
1744,2,2,0.037705358,0.96229464,23
1744,3,8,0.0363817,0.9636183,23
1744,4,16,0.035862092,0.9641379,23
1744,5,1,0.0348199,0.9651801,23
1745,1,9,0.038274113,0.9617259,23
1745,2,2,0.037832804,0.9621672,23
1745,3,8,0.03618492,0.9638151,23
1745,4,16,0.03597566,0.96402436,23
1745,5,29,0.034658995,0.96534103,23
1746,1,9,0.038266677,0.96173334,23
1746,2,2,0.0375765,0.9624235,23
1746,3,16,0.03613649,0.9638635,23
1746,4,8,0.036066715,0.9639333,23
1746,5,29,0.03464151,0.9653585,23
1747,1,9,0.038096204,0.9619038,23
1747,2,2,0.037724737,0.96227527,23
1747,3,8,0.036287505,0.9637125,23
1747,4,16,0.03603293,0.9639671,23
1747,5,29,0.034807865,0.96519214,23
1748,1,9,0.038001537,0.96199846,23
1748,2,2,0.037507724,0.9624923,23
1748,3,16,0.036259852,0.96374017,23
1748,4,8,0.036249653,0.96375036,23
1748,5,29,0.03484587,0.9651541,23
1749,1,9,0.038294062,0.9617059,23
1749,2,2,0.03771507,0.9622849,23
1749,3,8,0.03637797,0.96362203,23
1749,4,16,0.035824474,0.9641755,23
1749,5,1,0.034805663,0.96519434,23
1750,1,9,0.038434833,0.96156514,23
1750,2,2,0.037404384,0.96259564,23
1750,3,8,0.036302354,0.9636977,23
1750,4,16,0.03603635,0.9639636,23
1750,5,29,0.03478947,0.96521056,23
1751,1,9,0.038131002,0.961869,23
1751,2,2,0.03757686,0.96242315,23
1751,3,8,0.0363587,0.9636413,23
1751,4,16,0.035972048,0.96402794,23
1751,5,1,0.034932777,0.9650672,23
1752,1,9,0.03826655,0.96173346,23
1752,2,2,0.037547313,0.9624527,23
1752,3,8,0.03638463,0.96361536,23
1752,4,16,0.03608935,0.96391064,23
1752,5,29,0.034744762,0.96525526,23
1753,1,9,0.03812557,0.9618744,23
1753,2,2,0.037642196,0.9623578,23
1753,3,8,0.036226775,0.96377325,23
1753,4,16,0.036066405,0.9639336,23
1753,5,1,0.03478533,0.96521467,23
1754,1,9,0.03806212,0.9619379,23
1754,2,2,0.037383642,0.9626164,23
1754,3,16,0.03631979,0.9636802,23
1754,4,8,0.036137257,0.9638627,23
1754,5,29,0.03487773,0.9651223,23
1755,1,9,0.03837813,0.9616219,23
1755,2,2,0.037343837,0.96265614,23
1755,3,8,0.03633773,0.96366227,23
1755,4,16,0.03609184,0.96390814,23
1755,5,29,0.034783423,0.9652166,23
1756,1,9,0.038065642,0.9619343,23
1756,2,2,0.037623737,0.96237624,23
1756,3,16,0.036304563,0.9636954,23
1756,4,8,0.03614379,0.9638562,23
1756,5,29,0.034706157,0.9652938,23
1757,1,9,0.03874003,0.96125996,23
1757,2,2,0.037736177,0.9622638,23
1757,3,8,0.035901815,0.9640982,23
1757,4,16,0.035873756,0.9641262,23
1757,5,18,0.03487505,0.96512496,23
1758,1,9,0.038320452,0.9616796,23
1758,2,2,0.037536852,0.96246314,23
1758,3,8,0.036374494,0.9636255,23
1758,4,16,0.03596673,0.96403325,23
1758,5,29,0.034786444,0.96521354,23
1759,1,9,0.03824202,0.96175796,23
1759,2,2,0.03797406,0.96202594,23
1759,3,8,0.036124308,0.9638757,23
1759,4,16,0.035900038,0.96409994,23
1759,5,1,0.03466801,0.965332,23
1760,1,9,0.03852185,0.9614782,23
1760,2,2,0.037381053,0.96261895,23
1760,3,8,0.036207855,0.96379215,23
1760,4,16,0.035978608,0.9640214,23
1760,5,29,0.034695037,0.965305,23
1761,1,9,0.038040254,0.9619597,23
1761,2,2,0.03769054,0.9623095,23
1761,3,8,0.036387075,0.9636129,23
1761,4,16,0.036129385,0.96387064,23
1761,5,29,0.03492059,0.9650794,23
1762,1,9,0.038137272,0.96186274,23
1762,2,2,0.03759843,0.96240157,23
1762,3,8,0.03618941,0.96381056,23
1762,4,16,0.036093693,0.9639063,23
1762,5,29,0.03481038,0.96518964,23
1763,1,9,0.038279187,0.9617208,23
1763,2,2,0.037556518,0.9624435,23
1763,3,8,0.036315847,0.96368414,23
1763,4,16,0.03596755,0.9640325,23
1763,5,1,0.034994606,0.9650054,23
1764,1,9,0.03816143,0.96183854,23
1764,2,2,0.037410695,0.9625893,23
1764,3,8,0.036393102,0.9636069,23
1764,4,16,0.036038674,0.9639613,23
1764,5,1,0.034793586,0.9652064,23
1765,1,9,0.03816676,0.96183324,23
1765,2,2,0.037605766,0.96239424,23
1765,3,8,0.036257125,0.96374285,23
1765,4,16,0.036077574,0.96392244,23
1765,5,29,0.034789126,0.96521086,23
1766,1,9,0.038179975,0.96182,23
1766,2,2,0.0377638,0.9622362,23
1766,3,8,0.036205236,0.96379477,23
1766,4,16,0.036082037,0.963918,23
1766,5,1,0.034779295,0.9652207,23
1767,1,9,0.038419977,0.96158004,23
1767,2,2,0.03757812,0.9624219,23
1767,3,8,0.03631067,0.9636893,23
1767,4,16,0.035946526,0.96405345,23
1767,5,29,0.034739725,0.96526027,23
1768,1,9,0.038027987,0.961972,23
1768,2,2,0.037336,0.962664,23
1768,3,16,0.036402736,0.96359724,23
1768,4,8,0.036187723,0.9638123,23
1768,5,29,0.034762304,0.9652377,23
1769,1,9,0.03815328,0.9618467,23
1769,2,2,0.037665192,0.9623348,23
1769,3,8,0.03632134,0.96367866,23
1769,4,16,0.036184907,0.9638151,23
1769,5,29,0.03475714,0.96524286,23
1770,1,9,0.03850617,0.96149385,23
1770,2,2,0.037446097,0.9625539,23
1770,3,16,0.036161557,0.96383846,23
1770,4,8,0.03605151,0.9639485,23
1770,5,29,0.034702007,0.965298,23
1771,1,9,0.038199317,0.9618007,23
1771,2,2,0.037713755,0.96228623,23
1771,3,8,0.03605284,0.9639472,23
1771,4,16,0.035924327,0.9640757,23
1771,5,1,0.034607623,0.96539235,23
1772,1,9,0.03810031,0.9618997,23
1772,2,2,0.03764662,0.96235335,23
1772,3,16,0.036201313,0.9637987,23
1772,4,8,0.03593802,0.964062,23
1772,5,1,0.034748305,0.9652517,23
1773,1,9,0.03823383,0.9617662,23
1773,2,2,0.037379712,0.96262026,23
1773,3,16,0.03621273,0.96378726,23
1773,4,8,0.036196344,0.96380365,23
1773,5,29,0.034781095,0.9652189,23
1774,1,9,0.038468376,0.96153164,23
1774,2,2,0.037539132,0.9624609,23
1774,3,16,0.0361654,0.9638346,23
1774,4,8,0.036014833,0.96398515,23
1774,5,29,0.034597624,0.96540236,23
1775,1,9,0.038181566,0.96181846,23
1775,2,2,0.037627686,0.9623723,23
1775,3,8,0.03643165,0.96356833,23
1775,4,16,0.035987604,0.9640124,23
1775,5,29,0.034900993,0.965099,23
1776,1,9,0.038063463,0.96193653,23
1776,2,2,0.037492093,0.9625079,23
1776,3,8,0.036295697,0.9637043,23
1776,4,16,0.036135312,0.9638647,23
1776,5,29,0.03478266,0.96521735,23
1777,1,9,0.038137708,0.96186227,23
1777,2,2,0.03793791,0.9620621,23
1777,3,8,0.036151428,0.9638486,23
1777,4,16,0.035902135,0.96409786,23
1777,5,29,0.03487585,0.96512413,23
1778,1,9,0.037976816,0.9620232,23
1778,2,2,0.037364468,0.9626355,23
1778,3,16,0.036608644,0.96339136,23
1778,4,8,0.036367226,0.96363276,23
1778,5,29,0.035121772,0.9648782,23
1779,1,9,0.03826378,0.9617362,23
1779,2,2,0.03775892,0.96224105,23
1779,3,8,0.036338065,0.9636619,23
1779,4,16,0.035959005,0.964041,23
1779,5,1,0.034760706,0.9652393,23
1780,1,9,0.03830826,0.96169174,23
1780,2,2,0.037868485,0.9621315,23
1780,3,8,0.03636181,0.9636382,23
1780,4,16,0.035850715,0.9641493,23
1780,5,1,0.03482902,0.965171,23
1781,1,9,0.038127664,0.96187234,23
1781,2,2,0.03762353,0.9623765,23
1781,3,8,0.0362824,0.9637176,23
1781,4,16,0.035896298,0.9641037,23
1781,5,1,0.034813855,0.9651861,23
1782,1,9,0.03796099,0.962039,23
1782,2,2,0.037544288,0.9624557,23
1782,3,16,0.036356434,0.96364355,23
1782,4,8,0.036222372,0.9637776,23
1782,5,29,0.035033148,0.96496683,23
1783,1,9,0.037975334,0.9620247,23
1783,2,2,0.03761495,0.96238506,23
1783,3,16,0.036158897,0.9638411,23
1783,4,8,0.036147155,0.9638528,23
1783,5,29,0.035112124,0.96488786,23
1784,1,9,0.038026046,0.96197397,23
1784,2,2,0.037754867,0.9622451,23
1784,3,8,0.03640368,0.96359634,23
1784,4,16,0.0360574,0.9639426,23
1784,5,29,0.03488701,0.965113,23
1785,1,9,0.038322974,0.961677,23
1785,2,2,0.037531007,0.962469,23
1785,3,8,0.03619927,0.9638007,23
1785,4,16,0.03614608,0.9638539,23
1785,5,29,0.034661658,0.96533835,23
1786,1,9,0.038122505,0.96187747,23
1786,2,2,0.037389003,0.962611,23
1786,3,16,0.03624721,0.9637528,23
1786,4,8,0.03617566,0.96382433,23
1786,5,29,0.03493191,0.9650681,23
1787,1,9,0.03801111,0.96198887,23
1787,2,2,0.037804976,0.96219504,23
1787,3,8,0.03633345,0.96366656,23
1787,4,16,0.03606236,0.96393764,23
1787,5,29,0.034923483,0.9650765,23
1788,1,9,0.03835994,0.96164006,23
1788,2,2,0.03766145,0.96233857,23
1788,3,8,0.03612053,0.96387947,23
1788,4,16,0.035778303,0.9642217,23
1788,5,29,0.034687933,0.96531206,23
1789,1,9,0.038167525,0.96183246,23
1789,2,2,0.037774358,0.9622256,23
1789,3,8,0.036324922,0.9636751,23
1789,4,16,0.035746623,0.96425337,23
1789,5,1,0.034866773,0.96513325,23
1790,1,9,0.038170215,0.9618298,23
1790,2,2,0.037425637,0.96257436,23
1790,3,8,0.03617651,0.9638235,23
1790,4,16,0.036043704,0.9639563,23
1790,5,1,0.034793656,0.9652063,23
1791,1,9,0.03831211,0.96168786,23
1791,2,2,0.038026515,0.9619735,23
1791,3,8,0.03618553,0.9638145,23
1791,4,16,0.035800125,0.9641999,23
1791,5,1,0.034844372,0.9651556,23
1792,1,9,0.038140193,0.9618598,23
1792,2,2,0.037593924,0.9624061,23
1792,3,8,0.036292437,0.96370757,23
1792,4,16,0.03621535,0.96378464,23
1792,5,29,0.034791872,0.9652081,23
1793,1,9,0.038007762,0.96199226,23
1793,2,2,0.03767409,0.96232593,23
1793,3,16,0.036398996,0.963601,23
1793,4,8,0.03616337,0.9638366,23
1793,5,1,0.035014134,0.96498585,23
1794,1,9,0.037967976,0.962032,23
1794,2,2,0.037549555,0.96245044,23
1794,3,16,0.036264107,0.9637359,23
1794,4,8,0.036245663,0.96375436,23
1794,5,29,0.03489048,0.9651095,23
1795,1,9,0.03824393,0.96175605,23
1795,2,2,0.03739691,0.9626031,23
1795,3,8,0.036319483,0.9636805,23
1795,4,16,0.036158,0.963842,23
1795,5,29,0.034856122,0.96514386,23
1796,1,9,0.038470186,0.9615298,23
1796,2,2,0.03755898,0.962441,23
1796,3,8,0.036142763,0.96385723,23
1796,4,16,0.035977412,0.9640226,23
1796,5,1,0.034778394,0.9652216,23
1797,1,9,0.037977826,0.9620222,23
1797,2,2,0.03774893,0.96225107,23
1797,3,16,0.03623794,0.96376204,23
1797,4,8,0.03623355,0.96376646,23
1797,5,29,0.034999304,0.9650007,23
1798,1,9,0.0380451,0.9619549,23
1798,2,2,0.03744901,0.962551,23
1798,3,16,0.03633528,0.9636647,23
1798,4,8,0.03621069,0.9637893,23
1798,5,29,0.03491965,0.9650804,23
1799,1,9,0.03799335,0.9620066,23
1799,2,2,0.037673697,0.9623263,23
1799,3,8,0.036516655,0.96348333,23
1799,4,16,0.035885,0.964115,23
1799,5,1,0.035058834,0.96494114,23
1800,1,9,0.037996564,0.9620034,23
1800,2,2,0.03793137,0.9620686,23
1800,3,8,0.03634334,0.96365666,23
1800,4,16,0.035890654,0.96410936,23
1800,5,29,0.034913033,0.96508694,23
1801,1,9,0.0380934,0.9619066,23
1801,2,2,0.03774935,0.96225065,23
1801,3,8,0.03634929,0.9636507,23
1801,4,16,0.035963226,0.96403676,23
1801,5,1,0.034966465,0.96503353,23
1802,1,9,0.038040183,0.96195984,23
1802,2,2,0.03736753,0.9626325,23
1802,3,16,0.0364103,0.9635897,23
1802,4,8,0.036376297,0.9636237,23
1802,5,29,0.03517517,0.96482486,23
1803,1,9,0.038035464,0.96196455,23
1803,2,2,0.03761121,0.9623888,23
1803,3,8,0.036215283,0.9637847,23
1803,4,16,0.036113996,0.963886,23
1803,5,1,0.034887675,0.9651123,23
1804,1,9,0.038476005,0.961524,23
1804,2,2,0.037711594,0.9622884,23
1804,3,8,0.036130592,0.9638694,23
1804,4,16,0.03577092,0.9642291,23
1804,5,29,0.03463112,0.96536887,23
1805,1,9,0.038287703,0.9617123,23
1805,2,2,0.037512064,0.96248794,23
1805,3,8,0.036319602,0.9636804,23
1805,4,16,0.036119837,0.9638802,23
1805,5,29,0.034784205,0.9652158,23
1806,1,9,0.037997656,0.96200234,23
1806,2,2,0.03725167,0.96274835,23
1806,3,16,0.036500987,0.963499,23
1806,4,8,0.03634955,0.96365047,23
1806,5,29,0.03501534,0.96498466,23
1807,1,9,0.038507942,0.96149206,23
1807,2,2,0.037511565,0.9624884,23
1807,3,8,0.036398698,0.9636013,23
1807,4,16,0.03601085,0.96398914,23
1807,5,29,0.034759253,0.9652407,23
1808,1,9,0.03799286,0.96200716,23
1808,2,2,0.037627373,0.9623726,23
1808,3,8,0.036292903,0.9637071,23
1808,4,16,0.036135614,0.9638644,23
1808,5,29,0.035120167,0.9648798,23
1809,1,9,0.038097054,0.961903,23
1809,2,2,0.037595253,0.9624047,23
1809,3,8,0.036188748,0.9638113,23
1809,4,16,0.03610759,0.9638924,23
1809,5,1,0.034979783,0.96502024,23
1810,1,9,0.038135793,0.96186423,23
1810,2,2,0.037256505,0.9627435,23
1810,3,8,0.036460906,0.9635391,23
1810,4,16,0.036225013,0.963775,23
1810,5,29,0.035156876,0.96484315,23
1811,1,9,0.038278606,0.9617214,23
1811,2,2,0.037664577,0.9623354,23
1811,3,8,0.036184035,0.963816,23
1811,4,16,0.036166854,0.96383315,23
1811,5,1,0.03472996,0.96527004,23
1812,1,9,0.038081188,0.96191883,23
1812,2,2,0.03761787,0.96238214,23
1812,3,16,0.036252737,0.96374726,23
1812,4,8,0.03596202,0.96403795,23
1812,5,29,0.034682684,0.9653173,23
1813,1,9,0.03830602,0.961694,23
1813,2,2,0.037625715,0.96237427,23
1813,3,8,0.036089387,0.96391064,23
1813,4,16,0.035888143,0.96411186,23
1813,5,29,0.034754958,0.96524507,23
1814,1,9,0.038243063,0.96175694,23
1814,2,2,0.03734362,0.9626564,23
1814,3,16,0.036307067,0.9636929,23
1814,4,8,0.036160808,0.9638392,23
1814,5,29,0.034736466,0.96526355,23
1815,1,9,0.03816533,0.96183467,23
1815,2,2,0.03746345,0.9625366,23
1815,3,8,0.036254525,0.9637455,23
1815,4,16,0.036228307,0.9637717,23
1815,5,1,0.034802597,0.9651974,23
1816,1,9,0.038503587,0.9614964,23
1816,2,2,0.037364468,0.9626355,23
1816,3,8,0.03635095,0.96364903,23
1816,4,16,0.036045104,0.9639549,23
1816,5,29,0.034716032,0.965284,23
1817,1,9,0.038145855,0.96185416,23
1817,2,2,0.037799176,0.9622008,23
1817,3,8,0.03638533,0.96361464,23
1817,4,16,0.035985764,0.96401423,23
1817,5,1,0.035031274,0.96496874,23
1818,1,9,0.038368154,0.96163183,23
1818,2,2,0.037784144,0.96221584,23
1818,3,8,0.036065184,0.96393484,23
1818,4,16,0.035877783,0.96412224,23
1818,5,1,0.034679,0.965321,23
1819,1,9,0.038052604,0.9619474,23
1819,2,2,0.03772175,0.96227825,23
1819,3,8,0.036172107,0.9638279,23
1819,4,16,0.0361147,0.9638853,23
1819,5,1,0.0348643,0.9651357,23
1820,1,9,0.038093343,0.9619067,23
1820,2,2,0.03759231,0.9624077,23
1820,3,8,0.036148544,0.96385145,23
1820,4,16,0.03612076,0.9638792,23
1820,5,1,0.03483307,0.9651669,23
1821,1,9,0.03846761,0.9615324,23
1821,2,2,0.037649944,0.9623501,23
1821,3,8,0.03631894,0.96368104,23
1821,4,16,0.035835158,0.96416485,23
1821,5,29,0.03465399,0.965346,23
1822,1,9,0.03804957,0.9619504,23
1822,2,2,0.037402425,0.96259755,23
1822,3,8,0.036217112,0.9637829,23
1822,4,16,0.036149472,0.9638505,23
1822,5,29,0.035055824,0.9649442,23
1823,1,9,0.03827788,0.96172214,23
1823,2,2,0.0375231,0.9624769,23
1823,3,8,0.036231067,0.96376896,23
1823,4,16,0.036082778,0.9639172,23
1823,5,29,0.034781516,0.9652185,23
1824,1,9,0.038488906,0.9615111,23
1824,2,2,0.037732303,0.9622677,23
1824,3,8,0.036336236,0.96366376,23
1824,4,16,0.03573935,0.96426064,23
1824,5,1,0.034680665,0.96531934,23
1825,1,9,0.038104154,0.9618958,23
1825,2,2,0.03764067,0.9623593,23
1825,3,8,0.03633478,0.96366525,23
1825,4,16,0.036071286,0.9639287,23
1825,5,1,0.034981582,0.9650184,23
1826,1,9,0.03840127,0.96159875,23
1826,2,2,0.03762345,0.96237653,23
1826,3,8,0.036415,0.963585,23
1826,4,16,0.035739124,0.9642609,23
1826,5,1,0.034787636,0.96521235,23
1827,1,9,0.03801024,0.96198976,23
1827,2,2,0.03753825,0.96246177,23
1827,3,16,0.036400262,0.96359974,23
1827,4,8,0.036115263,0.9638847,23
1827,5,29,0.03481064,0.96518934,23
1828,1,9,0.038296822,0.9617032,23
1828,2,2,0.037474204,0.9625258,23
1828,3,8,0.036387507,0.9636125,23
1828,4,16,0.03606283,0.96393716,23
1828,5,29,0.034882102,0.9651179,23
1829,1,9,0.038317125,0.96168286,23
1829,2,2,0.037573166,0.96242684,23
1829,3,8,0.03630619,0.9636938,23
1829,4,16,0.03588985,0.96411014,23
1829,5,1,0.034868505,0.9651315,23
1830,1,9,0.038040522,0.9619595,23
1830,2,2,0.037905943,0.96209407,23
1830,3,8,0.036193088,0.9638069,23
1830,4,16,0.036018115,0.96398187,23
1830,5,1,0.034961186,0.96503884,23
1831,1,9,0.038243193,0.9617568,23
1831,2,2,0.03756406,0.96243596,23
1831,3,16,0.036218762,0.96378124,23
1831,4,8,0.03612046,0.9638795,23
1831,5,29,0.03468576,0.96531427,23
1832,1,9,0.038292825,0.9617072,23
1832,2,2,0.03779308,0.9622069,23
1832,3,8,0.036128923,0.96387106,23
1832,4,16,0.03595295,0.9640471,23
1832,5,29,0.034691405,0.9653086,23
1833,1,9,0.038340725,0.96165925,23
1833,2,2,0.03775939,0.96224064,23
1833,3,8,0.03617473,0.9638253,23
1833,4,16,0.035873853,0.96412617,23
1833,5,1,0.034680784,0.9653192,23
1834,1,9,0.038174856,0.96182513,23
1834,2,2,0.037751712,0.96224827,23
1834,3,8,0.036249287,0.9637507,23
1834,4,16,0.03595796,0.96404207,23
1834,5,29,0.034915682,0.9650843,23
1835,1,9,0.03827369,0.9617263,23
1835,2,2,0.03740208,0.9625979,23
1835,3,16,0.036172718,0.96382725,23
1835,4,8,0.03610941,0.9638906,23
1835,5,29,0.034787983,0.965212,23
1836,1,9,0.038291983,0.961708,23
1836,2,2,0.037638098,0.96236193,23
1836,3,8,0.036375217,0.9636248,23
1836,4,16,0.035945162,0.9640548,23
1836,5,29,0.034798015,0.965202,23
1837,1,9,0.038297318,0.9617027,23
1837,2,2,0.03751311,0.96248686,23
1837,3,8,0.036148336,0.9638517,23
1837,4,16,0.03611763,0.9638824,23
1837,5,1,0.034700103,0.9652999,23
1838,1,9,0.038289372,0.96171063,23
1838,2,2,0.03786737,0.96213263,23
1838,3,8,0.036305305,0.9636947,23
1838,4,16,0.03584943,0.96415055,23
1838,5,1,0.034939542,0.9650605,23
1839,1,9,0.038141504,0.9618585,23
1839,2,2,0.037612777,0.9623872,23
1839,3,8,0.036286395,0.9637136,23
1839,4,16,0.03599358,0.9640064,23
1839,5,1,0.03490196,0.965098,23
1840,1,9,0.03820888,0.9617911,23
1840,2,2,0.03747275,0.9625273,23
1840,3,8,0.036201097,0.9637989,23
1840,4,16,0.03617395,0.96382606,23
1840,5,29,0.034851335,0.9651487,23
1841,1,9,0.0381657,0.9618343,23
1841,2,2,0.037409734,0.9625903,23
1841,3,8,0.03627705,0.96372294,23
1841,4,16,0.036156323,0.9638437,23
1841,5,29,0.034911912,0.96508807,23
1842,1,9,0.038119838,0.96188015,23
1842,2,2,0.037438966,0.962561,23
1842,3,16,0.036312073,0.9636879,23
1842,4,8,0.036225952,0.963774,23
1842,5,29,0.03478326,0.96521676,23
1843,1,9,0.038325336,0.9616747,23
1843,2,2,0.03754863,0.96245134,23
1843,3,8,0.03628078,0.96371925,23
1843,4,16,0.036086805,0.9639132,23
1843,5,1,0.034824338,0.9651757,23
1844,1,9,0.038268898,0.9617311,23
1844,2,2,0.03746243,0.9625376,23
1844,3,8,0.036209833,0.9637902,23
1844,4,16,0.036061764,0.96393824,23
1844,5,29,0.034745142,0.96525484,23
1845,1,9,0.038339127,0.96166086,23
1845,2,2,0.03773732,0.9622627,23
1845,3,8,0.036191713,0.9638083,23
1845,4,16,0.035953403,0.9640466,23
1845,5,1,0.034883585,0.96511644,23
1846,1,9,0.038138058,0.96186197,23
1846,2,2,0.037580945,0.96241903,23
1846,3,8,0.036341045,0.9636589,23
1846,4,16,0.036096808,0.9639032,23
1846,5,29,0.034950383,0.9650496,23
1847,1,9,0.038257383,0.96174264,23
1847,2,2,0.03731509,0.9626849,23
1847,3,8,0.036266807,0.9637332,23
1847,4,16,0.036036678,0.9639633,23
1847,5,29,0.034849316,0.9651507,23
1848,1,9,0.038210746,0.96178925,23
1848,2,2,0.03779396,0.96220607,23
1848,3,8,0.036290336,0.96370965,23
1848,4,16,0.03593865,0.9640614,23
1848,5,1,0.034757316,0.9652427,23
1849,1,9,0.038285594,0.9617144,23
1849,2,2,0.037851684,0.9621483,23
1849,3,8,0.03629591,0.9637041,23
1849,4,16,0.03583112,0.9641689,23
1849,5,1,0.034906674,0.9650933,23
1850,1,9,0.038197245,0.9618028,23
1850,2,2,0.0378063,0.9621937,23
1850,3,8,0.036144506,0.9638555,23
1850,4,16,0.035854325,0.96414566,23
1850,5,29,0.03472032,0.9652797,23
1851,1,9,0.03804795,0.96195203,23
1851,2,2,0.037324857,0.96267515,23
1851,3,16,0.036834247,0.96316576,23
1851,4,8,0.035930157,0.96406984,23
1851,5,29,0.03483461,0.9651654,23
1852,1,9,0.0381173,0.9618827,23
1852,2,2,0.037597403,0.9624026,23
1852,3,8,0.036291167,0.9637088,23
1852,4,16,0.036040835,0.96395916,23
1852,5,29,0.034794383,0.9652056,23
1853,1,9,0.038277753,0.96172225,23
1853,2,2,0.03768177,0.96231824,23
1853,3,8,0.036337327,0.9636627,23
1853,4,16,0.036028173,0.96397185,23
1853,5,1,0.034700807,0.9652992,23
1854,1,9,0.038122743,0.9618772,23
1854,2,2,0.037574302,0.9624257,23
1854,3,8,0.036207445,0.96379256,23
1854,4,16,0.036186982,0.963813,23
1854,5,29,0.034787577,0.9652124,23
1855,1,9,0.03832123,0.96167874,23
1855,2,2,0.037604406,0.9623956,23
1855,3,8,0.036106776,0.96389323,23
1855,4,16,0.036093313,0.9639067,23
1855,5,1,0.034592062,0.96540797,23
1856,1,9,0.038352598,0.9616474,23
1856,2,2,0.03773113,0.9622689,23
1856,3,8,0.03624486,0.96375513,23
1856,4,16,0.03592577,0.96407425,23
1856,5,1,0.034845892,0.9651541,23
1857,1,9,0.0382291,0.9617709,23
1857,2,2,0.03742607,0.96257395,23
1857,3,16,0.036290698,0.9637093,23
1857,4,8,0.036023356,0.9639766,23
1857,5,29,0.03481089,0.9651891,23
1858,1,9,0.038032863,0.9619671,23
1858,2,2,0.0376282,0.9623718,23
1858,3,8,0.036239125,0.96376085,23
1858,4,16,0.03613133,0.9638687,23
1858,5,29,0.03478481,0.9652152,23
1859,1,9,0.038195577,0.96180445,23
1859,2,2,0.037365936,0.9626341,23
1859,3,8,0.036285542,0.9637145,23
1859,4,16,0.036259074,0.96374094,23
1859,5,29,0.034907613,0.96509236,23
1860,1,9,0.03827197,0.96172804,23
1860,2,2,0.037417237,0.96258277,23
1860,3,8,0.036209177,0.96379083,23
1860,4,16,0.03618043,0.96381956,23
1860,5,29,0.034723543,0.9652765,23
1861,1,9,0.038229957,0.96177006,23
1861,2,2,0.037379537,0.96262044,23
1861,3,16,0.03616607,0.9638339,23
1861,4,8,0.036126435,0.96387357,23
1861,5,29,0.034831576,0.9651684,23
1862,1,9,0.03814532,0.9618547,23
1862,2,2,0.03793416,0.9620658,23
1862,3,8,0.036313612,0.9636864,23
1862,4,16,0.035887375,0.96411264,23
1862,5,1,0.03472503,0.965275,23
1863,1,9,0.03813949,0.96186054,23
1863,2,2,0.03758254,0.9624175,23
1863,3,8,0.03624845,0.96375155,23
1863,4,16,0.035979185,0.9640208,23
1863,5,1,0.03499238,0.9650076,23
1864,1,9,0.038421296,0.9615787,23
1864,2,2,0.037257686,0.9627423,23
1864,3,8,0.036305632,0.9636944,23
1864,4,16,0.035976537,0.9640235,23
1864,5,1,0.0347718,0.9652282,23
1865,1,9,0.03816689,0.9618331,23
1865,2,2,0.03777851,0.9622215,23
1865,3,8,0.03610167,0.9638983,23
1865,4,16,0.03597996,0.96402,23
1865,5,1,0.03472964,0.96527034,23
1866,1,9,0.03809413,0.9619059,23
1866,2,2,0.03750411,0.96249586,23
1866,3,8,0.036409557,0.96359044,23
1866,4,16,0.036190525,0.9638095,23
1866,5,29,0.034858838,0.9651412,23
1867,1,9,0.03855916,0.96144086,23
1867,2,2,0.037449125,0.9625509,23
1867,3,16,0.036112126,0.9638879,23
1867,4,8,0.036099963,0.9639,23
1867,5,29,0.034780566,0.96521944,23
1868,1,9,0.038095586,0.9619044,23
1868,2,2,0.037356365,0.9626436,23
1868,3,16,0.03633684,0.96366316,23
1868,4,8,0.03627859,0.9637214,23
1868,5,29,0.03500292,0.96499705,23
1869,1,9,0.038166493,0.9618335,23
1869,2,2,0.037736345,0.96226364,23
1869,3,8,0.036291484,0.9637085,23
1869,4,16,0.03609455,0.96390545,23
1869,5,29,0.034833606,0.9651664,23
1870,1,9,0.038466748,0.96153325,23
1870,2,2,0.037604194,0.9623958,23
1870,3,8,0.036382727,0.96361727,23
1870,4,16,0.035886,0.964114,23
1870,5,1,0.034706436,0.9652936,23
1871,1,9,0.038204774,0.9617952,23
1871,2,2,0.037687764,0.9623122,23
1871,3,8,0.036294736,0.96370524,23
1871,4,16,0.03605378,0.9639462,23
1871,5,1,0.03476829,0.9652317,23
1872,1,9,0.038177375,0.9618226,23
1872,2,2,0.03757659,0.9624234,23
1872,3,8,0.03633117,0.9636688,23
1872,4,16,0.03597377,0.9640262,23
1872,5,29,0.034802426,0.96519756,23
1873,1,9,0.03820429,0.9617957,23
1873,2,2,0.037904274,0.96209574,23
1873,3,8,0.036254577,0.9637454,23
1873,4,16,0.03598328,0.96401674,23
1873,5,29,0.034681473,0.9653185,23
1874,1,9,0.038162727,0.9618373,23
1874,2,2,0.037708905,0.9622911,23
1874,3,8,0.036282983,0.96371704,23
1874,4,16,0.035928424,0.9640716,23
1874,5,1,0.034950394,0.9650496,23
1875,1,9,0.03841698,0.961583,23
1875,2,2,0.037763044,0.96223694,23
1875,3,8,0.036246743,0.9637533,23
1875,4,16,0.035948463,0.96405154,23
1875,5,29,0.034666047,0.96533394,23
1876,1,9,0.038111296,0.96188873,23
1876,2,2,0.03770337,0.9622966,23
1876,3,8,0.036377613,0.9636224,23
1876,4,16,0.035980508,0.9640195,23
1876,5,29,0.034771875,0.96522814,23
1877,1,9,0.038407493,0.9615925,23
1877,2,2,0.03790415,0.96209586,23
1877,3,8,0.035994127,0.9640059,23
1877,4,16,0.035848502,0.9641515,23
1877,5,1,0.03462544,0.9653746,23
1878,1,9,0.03848157,0.9615184,23
1878,2,2,0.037606396,0.9623936,23
1878,3,8,0.03618332,0.9638167,23
1878,4,16,0.035991892,0.9640081,23
1878,5,29,0.03477287,0.9652271,23
1879,1,9,0.038547657,0.96145236,23
1879,2,2,0.037438724,0.96256125,23
1879,3,8,0.03618126,0.9638187,23
1879,4,16,0.036091305,0.9639087,23
1879,5,29,0.034746043,0.96525395,23
1880,1,9,0.03812086,0.96187913,23
1880,2,2,0.037336815,0.9626632,23
1880,3,16,0.036445882,0.96355414,23
1880,4,8,0.03631072,0.96368927,23
1880,5,29,0.0349513,0.9650487,23
1881,1,9,0.038005926,0.96199405,23
1881,2,2,0.03732949,0.9626705,23
1881,3,16,0.036769796,0.9632302,23
1881,4,8,0.03616041,0.9638396,23
1881,5,29,0.034959417,0.96504056,23
1882,1,9,0.038337078,0.96166295,23
1882,2,2,0.037935358,0.9620646,23
1882,3,8,0.036362905,0.9636371,23
1882,4,16,0.035736136,0.96426386,23
1882,5,1,0.0349109,0.9650891,23
1883,1,9,0.038125664,0.96187437,23
1883,2,2,0.037566658,0.96243334,23
1883,3,8,0.036243673,0.9637563,23
1883,4,16,0.036160465,0.96383953,23
1883,5,29,0.03478622,0.9652138,23
1884,1,9,0.03816967,0.9618303,23
1884,2,2,0.037459917,0.9625401,23
1884,3,16,0.036328536,0.96367145,23
1884,4,8,0.036095444,0.96390456,23
1884,5,29,0.03479542,0.9652046,23
1885,1,9,0.03810119,0.9618988,23
1885,2,2,0.03725642,0.9627436,23
1885,3,16,0.036558207,0.9634418,23
1885,4,8,0.03614644,0.96385354,23
1885,5,29,0.034919035,0.965081,23
1886,1,9,0.03803138,0.9619686,23
1886,2,2,0.037503906,0.9624961,23
1886,3,16,0.036422092,0.9635779,23
1886,4,8,0.03617244,0.96382755,23
1886,5,29,0.034768857,0.9652311,23
1887,1,9,0.038062055,0.96193796,23
1887,2,2,0.03741184,0.9625882,23
1887,3,16,0.03669212,0.96330786,23
1887,4,8,0.03604439,0.96395564,23
1887,5,29,0.035234787,0.9647652,23
1888,1,9,0.038439352,0.96156067,23
1888,2,2,0.03793235,0.96206766,23
1888,3,8,0.035928924,0.9640711,23
1888,4,16,0.035889465,0.96411055,23
1888,5,18,0.034650948,0.9653491,23
1889,1,9,0.03817713,0.96182287,23
1889,2,2,0.037407223,0.9625928,23
1889,3,8,0.036458418,0.96354157,23
1889,4,16,0.03612735,0.9638727,23
1889,5,29,0.034880552,0.9651194,23
1890,1,9,0.038151946,0.9618481,23
1890,2,2,0.03766127,0.96233875,23
1890,3,8,0.036324073,0.9636759,23
1890,4,16,0.035975035,0.96402496,23
1890,5,1,0.034759942,0.96524006,23
1891,1,9,0.038139258,0.9618607,23
1891,2,2,0.03744641,0.9625536,23
1891,3,8,0.036275912,0.9637241,23
1891,4,16,0.03607362,0.9639264,23
1891,5,1,0.034812596,0.96518743,23
1892,1,9,0.038196277,0.96180373,23
1892,2,2,0.03785439,0.9621456,23
1892,3,8,0.03631942,0.96368057,23
1892,4,16,0.03604651,0.9639535,23
1892,5,29,0.034752525,0.96524745,23
1893,1,9,0.03807804,0.96192193,23
1893,2,2,0.037458587,0.9625414,23
1893,3,8,0.036242656,0.96375734,23
1893,4,16,0.03611091,0.96388906,23
1893,5,1,0.03501367,0.9649863,23
1894,1,9,0.038008112,0.9619919,23
1894,2,2,0.03771414,0.9622859,23
1894,3,8,0.036368657,0.96363133,23
1894,4,16,0.03609117,0.96390885,23
1894,5,29,0.034808807,0.9651912,23
1895,1,9,0.038414646,0.96158534,23
1895,2,2,0.03766084,0.96233916,23
1895,3,8,0.036301073,0.9636989,23
1895,4,16,0.0357794,0.9642206,23
1895,5,29,0.034644034,0.965356,23
1896,1,9,0.03822985,0.9617702,23
1896,2,2,0.037642986,0.96235704,23
1896,3,8,0.036363747,0.9636363,23
1896,4,16,0.03598047,0.96401954,23
1896,5,29,0.0348957,0.9651043,23
1897,1,9,0.038149074,0.96185094,23
1897,2,2,0.037239116,0.96276087,23
1897,3,16,0.0363597,0.9636403,23
1897,4,8,0.036316548,0.9636834,23
1897,5,29,0.03488676,0.9651132,23
1898,1,9,0.038629282,0.9613707,23
1898,2,2,0.037717454,0.96228254,23
1898,3,8,0.036176007,0.963824,23
1898,4,16,0.035952374,0.9640476,23
1898,5,29,0.03457276,0.9654272,23
1899,1,9,0.038154162,0.9618458,23
1899,2,2,0.037458494,0.9625415,23
1899,3,16,0.036211245,0.96378875,23
1899,4,8,0.036133353,0.96386665,23
1899,5,29,0.034863587,0.9651364,23
1900,1,9,0.03803402,0.961966,23
1900,2,2,0.037671536,0.96232843,23
1900,3,16,0.036216374,0.9637836,23
1900,4,8,0.036199704,0.9638003,23
1900,5,1,0.034938343,0.96506166,23
1901,1,9,0.03815681,0.9618432,23
1901,2,2,0.03758823,0.96241176,23
1901,3,8,0.036272645,0.96372736,23
1901,4,16,0.036160506,0.9638395,23
1901,5,29,0.034739662,0.9652603,23
1902,1,9,0.0382101,0.9617899,23
1902,2,2,0.037631135,0.96236885,23
1902,3,8,0.036191188,0.96380883,23
1902,4,16,0.03610395,0.96389604,23
1902,5,29,0.034682844,0.96531713,23
1903,1,9,0.038438037,0.961562,23
1903,2,2,0.037476677,0.96252334,23
1903,3,8,0.036196742,0.96380323,23
1903,4,16,0.036075357,0.96392465,23
1903,5,29,0.034923535,0.96507645,23
1904,1,9,0.038293157,0.9617068,23
1904,2,2,0.037753377,0.9622466,23
1904,3,16,0.036195748,0.96380424,23
1904,4,8,0.035917383,0.9640826,23
1904,5,29,0.034709,0.965291,23
1905,1,9,0.038120434,0.96187955,23
1905,2,2,0.037532926,0.9624671,23
1905,3,16,0.036229447,0.96377057,23
1905,4,8,0.03617963,0.9638204,23
1905,5,29,0.034782834,0.9652172,23
1906,1,9,0.038308125,0.96169186,23
1906,2,2,0.037592553,0.96240747,23
1906,3,8,0.036398213,0.96360177,23
1906,4,16,0.036020044,0.96397996,23
1906,5,29,0.03470037,0.9652996,23
1907,1,9,0.03837966,0.96162033,23
1907,2,2,0.037632134,0.9623679,23
1907,3,8,0.03635608,0.9636439,23
1907,4,16,0.03576293,0.9642371,23
1907,5,1,0.034908306,0.9650917,23
1908,1,9,0.038343254,0.96165675,23
1908,2,2,0.037869748,0.96213025,23
1908,3,8,0.036297817,0.9637022,23
1908,4,16,0.03594753,0.96405244,23
1908,5,1,0.03473341,0.9652666,23
1909,1,9,0.038275596,0.9617244,23
1909,2,2,0.037577957,0.962422,23
1909,3,8,0.036296632,0.9637034,23
1909,4,16,0.03600621,0.9639938,23
1909,5,1,0.03479874,0.96520126,23
1910,1,9,0.03816545,0.96183455,23
1910,2,2,0.03741087,0.96258914,23
1910,3,8,0.036327433,0.9636726,23
1910,4,16,0.036032952,0.963967,23
1910,5,1,0.03478807,0.9652119,23
1911,1,9,0.03827665,0.9617233,23
1911,2,2,0.037720148,0.96227986,23
1911,3,8,0.036293875,0.96370614,23
1911,4,16,0.03607595,0.96392405,23
1911,5,29,0.034774262,0.96522576,23
1912,1,9,0.038250223,0.9617498,23
1912,2,2,0.037436355,0.96256363,23
1912,3,8,0.036221065,0.9637789,23
1912,4,16,0.036188684,0.96381134,23
1912,5,1,0.03476711,0.9652329,23
1913,1,9,0.037903488,0.9620965,23
1913,2,2,0.03738333,0.9626167,23
1913,3,16,0.036370818,0.9636292,23
1913,4,8,0.03634177,0.9636582,23
1913,5,29,0.03522688,0.9647731,23
1914,1,9,0.03796784,0.96203214,23
1914,2,2,0.03773501,0.962265,23
1914,3,8,0.03637964,0.96362036,23
1914,4,16,0.03608521,0.9639148,23
1914,5,29,0.035033543,0.9649665,23
1915,1,9,0.038199235,0.96180075,23
1915,2,2,0.03767341,0.9623266,23
1915,3,8,0.036289603,0.9637104,23
1915,4,16,0.035998315,0.96400166,23
1915,5,1,0.03482352,0.96517646,23
1916,1,9,0.038029294,0.9619707,23
1916,2,2,0.037901033,0.96209896,23
1916,3,8,0.036292043,0.963708,23
1916,4,16,0.035985373,0.96401465,23
1916,5,29,0.034946997,0.965053,23
1917,1,9,0.038306832,0.96169317,23
1917,2,2,0.03776656,0.9622334,23
1917,3,8,0.03624144,0.9637586,23
1917,4,16,0.03598027,0.9640197,23
1917,5,29,0.034680527,0.96531945,23
1918,1,9,0.0381192,0.9618808,23
1918,2,2,0.037783172,0.96221685,23
1918,3,8,0.036345556,0.96365446,23
1918,4,16,0.03599402,0.964006,23
1918,5,29,0.034814592,0.9651854,23
1919,1,9,0.037938364,0.96206164,23
1919,2,2,0.037627548,0.9623724,23
1919,3,8,0.036324423,0.96367556,23
1919,4,16,0.035998005,0.964002,23
1919,5,29,0.034918047,0.96508193,23
1920,1,9,0.03835021,0.9616498,23
1920,2,2,0.03791545,0.96208453,23
1920,3,8,0.036166176,0.9638338,23
1920,4,16,0.035836965,0.96416306,23
1920,5,1,0.034825586,0.96517444,23
1921,1,9,0.038382385,0.9616176,23
1921,2,2,0.037847765,0.96215224,23
1921,3,8,0.036164515,0.9638355,23
1921,4,16,0.036073025,0.963927,23
1921,5,1,0.03475777,0.9652422,23
1922,1,9,0.038044214,0.9619558,23
1922,2,2,0.03758533,0.9624147,23
1922,3,8,0.03634422,0.96365577,23
1922,4,16,0.036011208,0.9639888,23
1922,5,29,0.034819797,0.9651802,23
1923,1,9,0.038320508,0.9616795,23
1923,2,2,0.03783117,0.9621688,23
1923,3,8,0.036107242,0.96389276,23
1923,4,16,0.03584932,0.96415067,23
1923,5,1,0.03467297,0.965327,23
1924,1,9,0.038275357,0.96172464,23
1924,2,2,0.03732468,0.96267533,23
1924,3,16,0.036347102,0.9636529,23
1924,4,8,0.036135923,0.9638641,23
1924,5,29,0.034790188,0.96520984,23
1925,1,9,0.03824148,0.9617585,23
1925,2,2,0.037844148,0.9621559,23
1925,3,8,0.036272585,0.9637274,23
1925,4,16,0.03577085,0.96422917,23
1925,5,1,0.0349123,0.9650877,23
1926,1,9,0.03836858,0.9616314,23
1926,2,2,0.037613194,0.9623868,23
1926,3,8,0.036245186,0.96375483,23
1926,4,16,0.035917133,0.96408284,23
1926,5,1,0.03466246,0.9653375,23
1927,1,9,0.038246036,0.96175396,23
1927,2,2,0.03778227,0.96221775,23
1927,3,8,0.03600585,0.96399415,23
1927,4,16,0.035934877,0.96406513,23
1927,5,1,0.034708507,0.9652915,23
1928,1,9,0.03844195,0.96155804,23
1928,2,2,0.037403993,0.962596,23
1928,3,8,0.03624638,0.96375364,23
1928,4,16,0.036164027,0.96383595,23
1928,5,29,0.034859117,0.9651409,23
1929,1,9,0.038145185,0.9618548,23
1929,2,2,0.03738318,0.9626168,23
1929,3,8,0.036427427,0.96357256,23
1929,4,16,0.03603524,0.96396476,23
1929,5,29,0.03490104,0.965099,23
1930,1,9,0.03821168,0.9617883,23
1930,2,2,0.03732096,0.962679,23
1930,3,16,0.036316212,0.9636838,23
1930,4,8,0.036191955,0.96380806,23
1930,5,29,0.034800902,0.9651991,23
1931,1,9,0.038162604,0.9618374,23
1931,2,2,0.03759826,0.96240175,23
1931,3,16,0.036226958,0.963773,23
1931,4,8,0.03620415,0.96379584,23
1931,5,29,0.034647305,0.9653527,23
1932,1,9,0.038126126,0.9618739,23
1932,2,2,0.037662975,0.962337,23
1932,3,8,0.036141396,0.9638586,23
1932,4,16,0.03601707,0.96398294,23
1932,5,29,0.03484779,0.9651522,23
1933,1,9,0.038179703,0.9618203,23
1933,2,2,0.037406784,0.9625932,23
1933,3,8,0.036288474,0.9637115,23
1933,4,16,0.03614591,0.9638541,23
1933,5,29,0.034951277,0.96504873,23
1934,1,9,0.038137775,0.9618622,23
1934,2,2,0.03754013,0.96245986,23
1934,3,8,0.036255524,0.96374446,23
1934,4,16,0.036042936,0.9639571,23
1934,5,29,0.034992255,0.9650077,23
1935,1,9,0.038216513,0.96178347,23
1935,2,2,0.037628997,0.962371,23
1935,3,8,0.03637658,0.9636234,23
1935,4,16,0.035960533,0.96403944,23
1935,5,1,0.034935154,0.9650648,23
1936,1,9,0.03824816,0.9617518,23
1936,2,2,0.037580233,0.96241975,23
1936,3,8,0.036188282,0.9638117,23
1936,4,16,0.03609675,0.96390325,23
1936,5,29,0.03470642,0.9652936,23
1937,1,9,0.038108137,0.9618919,23
1937,2,2,0.037639476,0.9623605,23
1937,3,8,0.03620343,0.96379656,23
1937,4,16,0.036026157,0.9639738,23
1937,5,1,0.034857783,0.9651422,23
1938,1,9,0.038157765,0.96184224,23
1938,2,2,0.0377898,0.9622102,23
1938,3,8,0.03619217,0.9638078,23
1938,4,16,0.036031608,0.9639684,23
1938,5,1,0.034855325,0.9651447,23
1939,1,9,0.03794849,0.9620515,23
1939,2,2,0.037340503,0.9626595,23
1939,3,8,0.03633677,0.9636632,23
1939,4,16,0.036309607,0.9636904,23
1939,5,29,0.03502944,0.9649706,23
1940,1,9,0.03833365,0.96166635,23
1940,2,2,0.03774821,0.9622518,23
1940,3,8,0.03617794,0.96382207,23
1940,4,16,0.03600333,0.96399665,23
1940,5,29,0.034589782,0.96541023,23
1941,1,9,0.038578454,0.96142155,23
1941,2,2,0.037685413,0.9623146,23
1941,3,8,0.036149714,0.96385026,23
1941,4,16,0.03591686,0.96408314,23
1941,5,1,0.034591198,0.9654088,23
1942,1,9,0.03800591,0.9619941,23
1942,2,2,0.03731423,0.96268576,23
1942,3,16,0.036387905,0.9636121,23
1942,4,8,0.036077965,0.963922,23
1942,5,29,0.03478542,0.9652146,23
1943,1,9,0.038325142,0.96167487,23
1943,2,2,0.03763287,0.9623671,23
1943,3,8,0.036339343,0.96366066,23
1943,4,16,0.03588903,0.964111,23
1943,5,29,0.034676854,0.96532315,23
1944,1,9,0.03818659,0.9618134,23
1944,2,2,0.037804924,0.9621951,23
1944,3,16,0.036094267,0.96390575,23
1944,4,8,0.035898346,0.9641017,23
1944,5,29,0.034690816,0.9653092,23
1945,1,9,0.038070377,0.9619296,23
1945,2,2,0.037441056,0.9625589,23
1945,3,8,0.036326267,0.9636737,23
1945,4,16,0.036215205,0.9637848,23
1945,5,29,0.034816176,0.96518385,23
1946,1,9,0.038188245,0.9618118,23
1946,2,2,0.037768066,0.96223193,23
1946,3,8,0.036345087,0.96365494,23
1946,4,16,0.03594684,0.96405315,23
1946,5,1,0.03481232,0.96518767,23
1947,1,9,0.03809596,0.96190405,23
1947,2,2,0.0378644,0.9621356,23
1947,3,8,0.036191188,0.96380883,23
1947,4,16,0.036098614,0.9639014,23
1947,5,29,0.03465418,0.9653458,23
1948,1,9,0.038090136,0.9619099,23
1948,2,2,0.037824858,0.96217513,23
1948,3,8,0.036233112,0.9637669,23
1948,4,16,0.03590081,0.96409917,23
1948,5,29,0.03501793,0.9649821,23
1949,1,9,0.03819511,0.96180487,23
1949,2,2,0.03778246,0.96221757,23
1949,3,8,0.036147263,0.96385276,23
1949,4,16,0.03597607,0.96402395,23
1949,5,1,0.034653097,0.96534693,23
1950,1,9,0.0383269,0.9616731,23
1950,2,2,0.037642065,0.96235794,23
1950,3,8,0.03620651,0.9637935,23
1950,4,16,0.03604666,0.9639533,23
1950,5,29,0.034676477,0.9653235,23
1951,1,9,0.03820892,0.9617911,23
1951,2,2,0.037780628,0.96221936,23
1951,3,8,0.036353726,0.9636463,23
1951,4,16,0.035917353,0.96408266,23
1951,5,29,0.034878448,0.96512157,23
1952,1,9,0.037981804,0.9620182,23
1952,2,2,0.037794475,0.9622055,23
1952,3,8,0.03616974,0.96383023,23
1952,4,16,0.03615294,0.96384704,23
1952,5,29,0.034948185,0.96505183,23
1953,1,9,0.038167045,0.96183294,23
1953,2,2,0.037304528,0.9626955,23
1953,3,16,0.03630186,0.96369815,23
1953,4,8,0.036281295,0.9637187,23
1953,5,29,0.034962032,0.96503794,23
1954,1,9,0.03800336,0.9619966,23
1954,2,2,0.037532013,0.96246797,23
1954,3,16,0.03650629,0.9634937,23
1954,4,8,0.036129758,0.9638702,23
1954,5,29,0.034839302,0.9651607,23
1955,1,9,0.03837541,0.96162456,23
1955,2,2,0.037443947,0.96255606,23
1955,3,8,0.03625422,0.9637458,23
1955,4,16,0.036056835,0.9639432,23
1955,5,29,0.03467143,0.9653286,23
1956,1,9,0.038310528,0.9616895,23
1956,2,2,0.03777121,0.9622288,23
1956,3,8,0.036160387,0.9638396,23
1956,4,16,0.035985418,0.9640146,23
1956,5,29,0.03465749,0.9653425,23
1957,1,9,0.038129054,0.96187097,23
1957,2,2,0.037604313,0.96239567,23
1957,3,16,0.036237802,0.9637622,23
1957,4,8,0.0362079,0.9637921,23
1957,5,29,0.034947377,0.9650526,23
1958,1,9,0.038214445,0.96178555,23
1958,2,2,0.03740107,0.9625989,23
1958,3,8,0.03641565,0.96358436,23
1958,4,16,0.03614993,0.9638501,23
1958,5,29,0.034747843,0.96525216,23
1959,1,9,0.03828853,0.96171147,23
1959,2,2,0.037965514,0.96203446,23
1959,3,8,0.036213655,0.96378636,23
1959,4,16,0.035755947,0.96424407,23
1959,5,1,0.03472289,0.96527714,23
1960,1,9,0.038290773,0.9617092,23
1960,2,2,0.03788506,0.96211493,23
1960,3,8,0.036042187,0.9639578,23
1960,4,16,0.035866663,0.9641333,23
1960,5,29,0.0347864,0.9652136,23
1961,1,9,0.038516887,0.9614831,23
1961,2,2,0.037594073,0.9624059,23
1961,3,8,0.036397465,0.96360254,23
1961,4,16,0.03590079,0.9640992,23
1961,5,1,0.034679044,0.96532094,23
1962,1,9,0.038137186,0.9618628,23
1962,2,2,0.037630305,0.9623697,23
1962,3,8,0.036223013,0.963777,23
1962,4,16,0.036061887,0.9639381,23
1962,5,1,0.034788836,0.96521115,23
1963,1,9,0.0383618,0.9616382,23
1963,2,2,0.037620243,0.96237975,23
1963,3,8,0.036159933,0.96384007,23
1963,4,16,0.0361184,0.9638816,23
1963,5,29,0.03480714,0.96519285,23
1964,1,9,0.03847056,0.96152943,23
1964,2,2,0.03741598,0.962584,23
1964,3,16,0.036170315,0.9638297,23
1964,4,8,0.035921402,0.9640786,23
1964,5,29,0.034677487,0.9653225,23
1965,1,9,0.0381569,0.9618431,23
1965,2,2,0.037543263,0.96245676,23
1965,3,8,0.03620123,0.96379876,23
1965,4,16,0.036147997,0.963852,23
1965,5,1,0.034734588,0.9652654,23
1966,1,9,0.038009673,0.96199036,23
1966,2,2,0.037394818,0.9626052,23
1966,3,16,0.03651369,0.9634863,23
1966,4,8,0.036211118,0.96378887,23
1966,5,29,0.034841944,0.96515805,23
1967,1,9,0.03789617,0.96210384,23
1967,2,2,0.037438422,0.9625616,23
1967,3,16,0.03649782,0.96350217,23
1967,4,8,0.036258362,0.96374166,23
1967,5,29,0.035094928,0.9649051,23
1968,1,9,0.038469348,0.9615306,23
1968,2,2,0.037556227,0.96244377,23
1968,3,8,0.03618933,0.9638107,23
1968,4,16,0.036059376,0.9639406,23
1968,5,1,0.03465565,0.96534437,23
1969,1,9,0.038227692,0.9617723,23
1969,2,2,0.037726063,0.96227396,23
1969,3,8,0.036383044,0.96361697,23
1969,4,16,0.035860665,0.96413934,23
1969,5,1,0.03483374,0.9651663,23
1970,1,9,0.03837662,0.9616234,23
1970,2,2,0.03724725,0.96275276,23
1970,3,16,0.03647814,0.96352184,23
1970,4,8,0.036072683,0.9639273,23
1970,5,29,0.034876667,0.96512336,23
1971,1,9,0.03814386,0.9618561,23
1971,2,2,0.037353978,0.962646,23
1971,3,16,0.036297057,0.9637029,23
1971,4,8,0.036102712,0.9638973,23
1971,5,29,0.034798976,0.965201,23
1972,1,9,0.038157135,0.9618429,23
1972,2,2,0.037639618,0.9623604,23
1972,3,16,0.036204584,0.9637954,23
1972,4,8,0.036130365,0.96386963,23
1972,5,29,0.03475022,0.9652498,23
1973,1,9,0.03801436,0.96198565,23
1973,2,2,0.037664566,0.9623354,23
1973,3,8,0.03623028,0.96376973,23
1973,4,16,0.036175106,0.96382487,23
1973,5,29,0.034896962,0.96510303,23
1974,1,9,0.038061526,0.9619385,23
1974,2,2,0.03770865,0.96229136,23
1974,3,16,0.036187075,0.96381295,23
1974,4,8,0.03613792,0.96386206,23
1974,5,29,0.034783144,0.9652169,23
1975,1,9,0.038104028,0.96189594,23
1975,2,2,0.038058475,0.96194154,23
1975,3,8,0.036360662,0.9636393,23
1975,4,16,0.035737164,0.96426284,23
1975,5,1,0.035072226,0.9649278,23
1976,1,9,0.038428783,0.9615712,23
1976,2,2,0.03779444,0.9622055,23
1976,3,8,0.036286656,0.96371335,23
1976,4,16,0.035929155,0.96407086,23
1976,5,29,0.034595236,0.96540475,23
1977,1,9,0.03810219,0.9618978,23
1977,2,2,0.037511207,0.9624888,23
1977,3,8,0.03648161,0.9635184,23
1977,4,16,0.036065783,0.96393424,23
1977,5,29,0.034929696,0.9650703,23
1978,1,9,0.038080227,0.9619198,23
1978,2,2,0.037627738,0.96237224,23
1978,3,16,0.03618317,0.9638168,23
1978,4,8,0.036046337,0.9639537,23
1978,5,29,0.03482809,0.96517193,23
1979,1,9,0.03819262,0.96180737,23
1979,2,2,0.037773106,0.96222687,23
1979,3,8,0.03619066,0.9638094,23
1979,4,16,0.03599429,0.9640057,23
1979,5,29,0.03476717,0.96523285,23
1980,1,9,0.038196594,0.96180344,23
1980,2,2,0.03797939,0.96202064,23
1980,3,8,0.03617861,0.9638214,23
1980,4,16,0.035862908,0.9641371,23
1980,5,29,0.03469479,0.9653052,23
1981,1,9,0.038302116,0.9616979,23
1981,2,2,0.03760949,0.9623905,23
1981,3,16,0.036071755,0.9639282,23
1981,4,8,0.03605091,0.9639491,23
1981,5,1,0.03474825,0.96525174,23
1982,1,9,0.038278084,0.9617219,23
1982,2,2,0.03750762,0.9624924,23
1982,3,16,0.03614734,0.96385264,23
1982,4,8,0.036021095,0.9639789,23
1982,5,29,0.034731757,0.96526825,23
1983,1,9,0.038363464,0.96163654,23
1983,2,2,0.03768031,0.9623197,23
1983,3,8,0.03621217,0.96378785,23
1983,4,16,0.035834942,0.96416503,23
1983,5,1,0.034667686,0.9653323,23
1984,1,9,0.03819585,0.96180415,23
1984,2,2,0.037790075,0.96220994,23
1984,3,8,0.03634651,0.9636535,23
1984,4,16,0.035964955,0.96403503,23
1984,5,1,0.03472563,0.9652744,23
1985,1,9,0.03845113,0.96154886,23
1985,2,2,0.037798937,0.96220106,23
1985,3,8,0.036231693,0.9637683,23
1985,4,16,0.035927515,0.96407247,23
1985,5,1,0.03474531,0.96525466,23
1986,1,9,0.038328364,0.96167165,23
1986,2,2,0.037705857,0.96229416,23
1986,3,8,0.036278073,0.96372193,23
1986,4,16,0.036061764,0.96393824,23
1986,5,29,0.034763712,0.9652363,23
1987,1,9,0.03820514,0.96179485,23
1987,2,2,0.03732428,0.9626757,23
1987,3,16,0.036442664,0.96355736,23
1987,4,8,0.036195036,0.96380496,23
1987,5,29,0.03479997,0.9652,23
1988,1,9,0.038118437,0.9618816,23
1988,2,2,0.03800077,0.96199924,23
1988,3,8,0.03638708,0.9636129,23
1988,4,16,0.035630282,0.9643697,23
1988,5,1,0.035251953,0.964748,23
1989,1,9,0.038240496,0.9617595,23
1989,2,2,0.03759822,0.9624018,23
1989,3,8,0.036250684,0.9637493,23
1989,4,16,0.035955183,0.9640448,23
1989,5,1,0.03500363,0.9649964,23
1990,1,9,0.038373753,0.96162623,23
1990,2,2,0.038069755,0.9619303,23
1990,3,8,0.036044046,0.96395594,23
1990,4,16,0.035661314,0.96433866,23
1990,5,1,0.034903664,0.96509635,23
1991,1,9,0.038117867,0.9618821,23
1991,2,2,0.0373402,0.9626598,23
1991,3,16,0.036495425,0.96350455,23
1991,4,8,0.036222678,0.9637773,23
1991,5,29,0.03483752,0.96516246,23
1992,1,9,0.038392603,0.9616074,23
1992,2,2,0.03776509,0.9622349,23
1992,3,8,0.036106076,0.96389395,23
1992,4,16,0.035860892,0.9641391,23
1992,5,29,0.034614325,0.9653857,23
1993,1,9,0.038161915,0.96183807,23
1993,2,2,0.03761836,0.96238166,23
1993,3,8,0.036240723,0.9637593,23
1993,4,16,0.03614954,0.96385044,23
1993,5,1,0.035060924,0.96493906,23
1994,1,9,0.03826097,0.961739,23
1994,2,2,0.037912972,0.96208704,23
1994,3,8,0.03612273,0.96387726,23
1994,4,16,0.035950035,0.96404994,23
1994,5,1,0.03457051,0.9654295,23
1995,1,9,0.03835774,0.96164227,23
1995,2,2,0.037958227,0.9620418,23
1995,3,8,0.03616877,0.96383125,23
1995,4,16,0.03574787,0.9642521,23
1995,5,1,0.034762364,0.9652376,23
1996,1,9,0.03803678,0.96196324,23
1996,2,2,0.03746503,0.96253496,23
1996,3,16,0.03637455,0.96362543,23
1996,4,8,0.03612529,0.9638747,23
1996,5,29,0.034837674,0.96516234,23
1997,1,9,0.038018838,0.9619812,23
1997,2,2,0.037513983,0.962486,23
1997,3,16,0.03628991,0.96371007,23
1997,4,8,0.036235128,0.96376485,23
1997,5,29,0.034971483,0.9650285,23
1998,1,9,0.03854168,0.9614583,23
1998,2,2,0.03745535,0.9625447,23
1998,3,8,0.036212258,0.96378773,23
1998,4,16,0.0360889,0.9639111,23
1998,5,1,0.034661204,0.9653388,23
1999,1,9,0.03858535,0.96141464,23
1999,2,2,0.037516285,0.9624837,23
1999,3,8,0.036101006,0.963899,23
1999,4,16,0.035885025,0.96411496,23
1999,5,29,0.034621563,0.96537846,23
2000,1,9,0.038077176,0.9619228,23
2000,2,2,0.0375678,0.9624322,23
2000,3,16,0.0361988,0.9638012,23
2000,4,8,0.03613872,0.9638613,23
2000,5,29,0.034923997,0.965076,23
2001,1,9,0.038363907,0.96163607,23
2001,2,2,0.03759647,0.96240354,23
2001,3,8,0.03624397,0.963756,23
2001,4,16,0.036022276,0.9639777,23
2001,5,1,0.034654662,0.9653453,23
2002,1,9,0.038140442,0.9618596,23
2002,2,2,0.037582844,0.9624171,23
2002,3,8,0.03638342,0.9636166,23
2002,4,16,0.03598852,0.9640115,23
2002,5,29,0.03481844,0.9651816,23
2003,1,9,0.0380912,0.9619088,23
2003,2,2,0.037396837,0.96260315,23
2003,3,16,0.036378052,0.963622,23
2003,4,8,0.036241822,0.9637582,23
2003,5,29,0.034854367,0.96514565,23
2004,1,9,0.03831249,0.9616875,23
2004,2,2,0.03751774,0.9624823,23
2004,3,16,0.036131162,0.96386886,23
2004,4,8,0.03612639,0.9638736,23
2004,5,29,0.034700513,0.9652995,23
2005,1,2,0.03813196,0.96186805,23
2005,2,9,0.038108442,0.96189153,23
2005,3,8,0.036133517,0.9638665,23
2005,4,16,0.035799548,0.96420044,23
2005,5,1,0.034920163,0.96507984,23
2006,1,9,0.037885964,0.96211404,23
2006,2,2,0.037559953,0.9624401,23
2006,3,16,0.036377992,0.96362203,23
2006,4,8,0.036046986,0.963953,23
2006,5,29,0.03479959,0.9652004,23
2007,1,9,0.037863817,0.9621362,23
2007,2,2,0.03761825,0.9623817,23
2007,3,16,0.036414318,0.9635857,23
2007,4,8,0.03603258,0.96396744,23
2007,5,29,0.034789495,0.9652105,23
2008,1,9,0.038256984,0.961743,23
2008,2,2,0.038012452,0.96198756,23
2008,3,8,0.03616881,0.9638312,23
2008,4,16,0.03583327,0.96416676,23
2008,5,1,0.03477864,0.96522135,23
2009,1,9,0.0379481,0.96205187,23
2009,2,2,0.03770511,0.9622949,23
2009,3,8,0.036113337,0.9638867,23
2009,4,16,0.036058236,0.96394175,23
2009,5,29,0.03491653,0.9650835,23
2010,1,9,0.038273945,0.96172607,23
2010,2,2,0.03756821,0.9624318,23
2010,3,8,0.036217038,0.96378297,23
2010,4,16,0.03592921,0.9640708,23
2010,5,29,0.03477255,0.9652274,23
2011,1,9,0.03804774,0.96195227,23
2011,2,2,0.0378613,0.9621387,23
2011,3,8,0.036391065,0.9636089,23
2011,4,16,0.03591039,0.96408963,23
2011,5,29,0.034828007,0.965172,23
2012,1,9,0.038117655,0.96188235,23
2012,2,2,0.037620634,0.96237934,23
2012,3,8,0.03628219,0.9637178,23
2012,4,16,0.036075667,0.96392435,23
2012,5,29,0.03491256,0.9650874,23
2013,1,9,0.038109127,0.9618909,23
2013,2,2,0.037733734,0.96226627,23
2013,3,8,0.03618796,0.96381205,23
2013,4,16,0.03606368,0.9639363,23
2013,5,29,0.034817234,0.9651828,23
2014,1,9,0.038025185,0.9619748,23
2014,2,2,0.03727861,0.9627214,23
2014,3,16,0.036544334,0.9634557,23
2014,4,8,0.036120526,0.96387947,23
2014,5,29,0.034957677,0.96504235,23
2015,1,9,0.038059626,0.96194035,23
2015,2,2,0.037513636,0.9624864,23
2015,3,16,0.036371205,0.96362877,23
2015,4,8,0.03607041,0.9639296,23
2015,5,29,0.034855813,0.96514416,23
2016,1,9,0.03776671,0.9622333,23
2016,2,2,0.03763869,0.96236134,23
2016,3,8,0.036221955,0.963778,23
2016,4,16,0.036197983,0.96380204,23
2016,5,29,0.035210047,0.9647899,23
2017,1,9,0.03812926,0.96187073,23
2017,2,2,0.037815504,0.9621845,23
2017,3,8,0.036280826,0.9637192,23
2017,4,16,0.036077783,0.9639222,23
2017,5,1,0.035039924,0.9649601,23
2018,1,9,0.038008783,0.9619912,23
2018,2,2,0.037924245,0.96207577,23
2018,3,8,0.036485545,0.96351445,23
2018,4,16,0.03593074,0.96406925,23
2018,5,29,0.034878943,0.96512103,23
2019,1,9,0.03806028,0.9619397,23
2019,2,2,0.037774254,0.96222574,23
2019,3,8,0.036287785,0.9637122,23
2019,4,16,0.03606565,0.96393436,23
2019,5,29,0.03481157,0.96518844,23
2020,1,9,0.0382101,0.9617899,23
2020,2,2,0.037687764,0.9623122,23
2020,3,16,0.03612838,0.9638716,23
2020,4,8,0.036127497,0.9638725,23
2020,5,29,0.034680266,0.96531975,23
2021,1,9,0.038273938,0.96172607,23
2021,2,2,0.03789008,0.9621099,23
2021,3,8,0.036186848,0.9638131,23
2021,4,16,0.0357579,0.9642421,23
2021,5,1,0.03493202,0.965068,23
2022,1,9,0.03822978,0.96177024,23
2022,2,2,0.037454557,0.96254545,23
2022,3,8,0.036295034,0.96370494,23
2022,4,16,0.03614843,0.9638516,23
2022,5,29,0.034764834,0.9652352,23
2023,1,9,0.038014725,0.9619853,23
2023,2,2,0.037717327,0.96228266,23
2023,3,16,0.036107123,0.9638929,23
2023,4,8,0.036076173,0.9639238,23
2023,5,29,0.034852304,0.9651477,23
2024,1,9,0.03811883,0.96188116,23
2024,2,2,0.03763036,0.9623696,23
2024,3,8,0.036221728,0.96377826,23
2024,4,16,0.03619746,0.9638025,23
2024,5,29,0.03477519,0.9652248,23
2025,1,9,0.038180817,0.9618192,23
2025,2,2,0.037269894,0.9627301,23
2025,3,16,0.03626648,0.9637335,23
2025,4,8,0.0362076,0.9637924,23
2025,5,29,0.03478487,0.96521515,23
2026,1,9,0.038240496,0.9617595,23
2026,2,2,0.037729584,0.96227044,23
2026,3,8,0.036134455,0.9638655,23
2026,4,16,0.036073416,0.96392655,23
2026,5,1,0.03483382,0.9651662,23
2027,1,9,0.03828165,0.9617183,23
2027,2,2,0.03773292,0.9622671,23
2027,3,8,0.03638102,0.963619,23
2027,4,16,0.03599326,0.9640067,23
2027,5,29,0.034761786,0.9652382,23
2028,1,9,0.038306717,0.9616933,23
2028,2,2,0.03760572,0.9623943,23
2028,3,8,0.036478356,0.96352166,23
2028,4,16,0.035809476,0.96419054,23
2028,5,1,0.035010528,0.9649895,23
2029,1,9,0.03806743,0.96193254,23
2029,2,2,0.037735008,0.962265,23
2029,3,8,0.036363516,0.96363646,23
2029,4,16,0.036126934,0.9638731,23
2029,5,29,0.03491846,0.9650815,23
2030,1,9,0.038277436,0.96172255,23
2030,2,2,0.037262123,0.96273786,23
2030,3,8,0.036272313,0.9637277,23
2030,4,16,0.036260996,0.963739,23
2030,5,29,0.034785673,0.9652143,23
2031,1,9,0.038054116,0.9619459,23
2031,2,2,0.037366092,0.9626339,23
2031,3,16,0.03660562,0.9633944,23
2031,4,8,0.036139607,0.9638604,23
2031,5,29,0.034903947,0.96509606,23
2032,1,9,0.038201116,0.9617989,23
2032,2,2,0.037374094,0.9626259,23
2032,3,8,0.036290076,0.96370995,23
2032,4,16,0.036022373,0.96397763,23
2032,5,1,0.034813087,0.9651869,23
2033,1,9,0.038005903,0.9619941,23
2033,2,2,0.03747873,0.96252126,23
2033,3,16,0.036300793,0.9636992,23
2033,4,8,0.03623494,0.9637651,23
2033,5,29,0.03491693,0.96508306,23
2034,1,9,0.038550798,0.9614492,23
2034,2,2,0.03764988,0.96235013,23
2034,3,8,0.03620957,0.9637904,23
2034,4,16,0.03581119,0.9641888,23
2034,5,1,0.03463599,0.965364,23
2035,1,9,0.038333014,0.961667,23
2035,2,2,0.037401836,0.96259815,23
2035,3,16,0.036419883,0.96358013,23
2035,4,8,0.036023464,0.96397656,23
2035,5,29,0.03501127,0.9649887,23
2036,1,9,0.038073722,0.9619263,23
2036,2,2,0.037636478,0.96236354,23
2036,3,8,0.036214095,0.9637859,23
2036,4,16,0.036139518,0.9638605,23
2036,5,29,0.034918346,0.96508163,23
2037,1,9,0.038325336,0.9616747,23
2037,2,2,0.03781185,0.9621881,23
2037,3,8,0.0361576,0.9638424,23
2037,4,16,0.035927184,0.9640728,23
2037,5,1,0.03476968,0.96523035,23
2038,1,9,0.03816793,0.96183205,23
2038,2,2,0.037677027,0.96232295,23
2038,3,16,0.036174517,0.96382546,23
2038,4,8,0.036126006,0.963874,23
2038,5,29,0.034768686,0.9652313,23
2039,1,9,0.038370933,0.9616291,23
2039,2,2,0.037580445,0.96241957,23
2039,3,8,0.036323186,0.9636768,23
2039,4,16,0.035933122,0.96406686,23
2039,5,1,0.034806088,0.9651939,23
2040,1,9,0.038195815,0.9618042,23
2040,2,2,0.03786129,0.9621387,23
2040,3,8,0.03609447,0.9639055,23
2040,4,16,0.036065076,0.9639349,23
2040,5,29,0.034656506,0.9653435,23
2041,1,9,0.038325492,0.9616745,23
2041,2,2,0.037589803,0.9624102,23
2041,3,8,0.036279786,0.9637202,23
2041,4,16,0.03600102,0.963999,23
2041,5,1,0.03486405,0.96513593,23
2042,1,9,0.038220882,0.9617791,23
2042,2,2,0.037822098,0.9621779,23
2042,3,8,0.036240052,0.96375996,23
2042,4,16,0.03598818,0.9640118,23
2042,5,29,0.034830097,0.9651699,23
2043,1,9,0.03836811,0.9616319,23
2043,2,2,0.037730124,0.9622699,23
2043,3,8,0.036099125,0.96390086,23
2043,4,16,0.035924893,0.9640751,23
2043,5,29,0.034704115,0.9652959,23
2044,1,9,0.037961777,0.9620382,23
2044,2,2,0.037499778,0.9625002,23
2044,3,8,0.036341056,0.9636589,23
2044,4,16,0.036238443,0.96376157,23
2044,5,29,0.034945965,0.96505404,23
2045,1,9,0.038092535,0.96190745,23
2045,2,2,0.03767482,0.96232516,23
2045,3,8,0.036286972,0.96371305,23
2045,4,16,0.036015682,0.9639843,23
2045,5,1,0.034796607,0.9652034,23
2046,1,9,0.03824087,0.96175915,23
2046,2,2,0.037531484,0.9624685,23
2046,3,8,0.036178745,0.96382123,23
2046,4,16,0.036072414,0.96392757,23
2046,5,1,0.034753412,0.96524656,23
2047,1,9,0.038344286,0.96165574,23
2047,2,2,0.037603684,0.9623963,23
2047,3,8,0.036121253,0.96387875,23
2047,4,16,0.036073025,0.963927,23
2047,5,29,0.034616806,0.9653832,23
2048,1,9,0.038136877,0.9618631,23
2048,2,2,0.03779532,0.9622047,23
2048,3,8,0.036230735,0.96376926,23
2048,4,16,0.0359905,0.9640095,23
2048,5,1,0.034877777,0.9651222,23
2049,1,9,0.038272627,0.9617274,23
2049,2,2,0.03761187,0.96238816,23
2049,3,16,0.036255695,0.9637443,23
2049,4,8,0.036119826,0.9638802,23
2049,5,29,0.034789495,0.9652105,23
2050,1,9,0.03817275,0.9618273,23
2050,2,2,0.037866782,0.9621332,23
2050,3,8,0.036340304,0.9636597,23
2050,4,16,0.035991177,0.9640088,23
2050,5,29,0.034786094,0.9652139,23
2051,1,9,0.03853701,0.961463,23
2051,2,2,0.037639182,0.9623608,23
2051,3,8,0.036096178,0.96390384,23
2051,4,16,0.03606927,0.9639307,23
2051,5,18,0.034574997,0.965425,23
2052,1,9,0.03841403,0.961586,23
2052,2,2,0.037741378,0.96225864,23
2052,3,8,0.036006495,0.9639935,23
2052,4,16,0.03590492,0.96409506,23
2052,5,29,0.03459491,0.9654051,23
2053,1,9,0.038383693,0.9616163,23
2053,2,2,0.0373928,0.9626072,23
2053,3,16,0.036226436,0.96377355,23
2053,4,8,0.036158636,0.9638414,23
2053,5,29,0.034728583,0.9652714,23
2054,1,9,0.03792981,0.96207017,23
2054,2,2,0.037450068,0.9625499,23
2054,3,8,0.036428235,0.9635718,23
2054,4,16,0.036365718,0.96363425,23
2054,5,29,0.035230212,0.9647698,23
2055,1,9,0.038025755,0.96197426,23
2055,2,2,0.037572034,0.962428,23
2055,3,8,0.03646968,0.9635303,23
2055,4,16,0.036073294,0.96392673,23
2055,5,29,0.03492576,0.96507424,23
2056,1,9,0.038265433,0.9617346,23
2056,2,2,0.037648942,0.9623511,23
2056,3,8,0.036197323,0.9638027,23
2056,4,16,0.03603213,0.96396786,23
2056,5,1,0.03479349,0.9652065,23
2057,1,9,0.037980296,0.9620197,23
2057,2,2,0.037393916,0.9626061,23
2057,3,16,0.036407255,0.96359277,23
2057,4,8,0.036310922,0.9636891,23
2057,5,29,0.034947384,0.9650526,23
2058,1,9,0.037942626,0.96205735,23
2058,2,2,0.037738297,0.9622617,23
2058,3,8,0.03629562,0.9637044,23
2058,4,16,0.036162063,0.9638379,23
2058,5,1,0.03497497,0.965025,23
2059,1,9,0.038299464,0.96170056,23
2059,2,2,0.03775476,0.9622452,23
2059,3,8,0.03626215,0.96373785,23
2059,4,16,0.03602223,0.96397775,23
2059,5,1,0.03466568,0.9653343,23
2060,1,9,0.038248576,0.9617514,23
2060,2,2,0.037673153,0.9623268,23
2060,3,8,0.03618675,0.96381325,23
2060,4,16,0.036159895,0.9638401,23
2060,5,29,0.034973625,0.9650264,23
2061,1,9,0.0382013,0.9617987,23
2061,2,2,0.037713934,0.96228606,23
2061,3,8,0.036284607,0.9637154,23
2061,4,16,0.03603236,0.9639676,23
2061,5,29,0.034830056,0.96516997,23
2062,1,9,0.03806021,0.9619398,23
2062,2,2,0.037760343,0.9622397,23
2062,3,8,0.036361434,0.96363854,23
2062,4,16,0.03594254,0.96405745,23
2062,5,29,0.03499595,0.965004,23
2063,1,9,0.038310092,0.9616899,23
2063,2,2,0.037430227,0.9625698,23
2063,3,8,0.036336426,0.9636636,23
2063,4,16,0.036088165,0.96391183,23
2063,5,29,0.034772564,0.9652274,23
2064,1,9,0.03821997,0.96178,23
2064,2,2,0.03781924,0.96218073,23
2064,3,8,0.036316346,0.96368366,23
2064,4,16,0.03568317,0.96431684,23
2064,5,1,0.035218824,0.96478117,23
2065,1,9,0.037848473,0.9621515,23
2065,2,2,0.037563425,0.96243656,23
2065,3,16,0.036433864,0.9635661,23
2065,4,8,0.036201525,0.96379846,23
2065,5,29,0.03498077,0.9650192,23
2066,1,9,0.038350135,0.9616499,23
2066,2,2,0.037715487,0.9622845,23
2066,3,8,0.036320005,0.96367997,23
2066,4,16,0.035953615,0.96404636,23
2066,5,1,0.03482766,0.96517235,23
2067,1,9,0.038176253,0.96182376,23
2067,2,2,0.037307873,0.96269214,23
2067,3,8,0.036404625,0.9635954,23
2067,4,16,0.036294643,0.96370536,23
2067,5,29,0.034852747,0.96514726,23
2068,1,9,0.037885968,0.96211404,23
2068,2,2,0.037460547,0.96253943,23
2068,3,16,0.036558356,0.96344167,23
2068,4,8,0.03605166,0.96394837,23
2068,5,29,0.034849837,0.9651502,23
2069,1,9,0.0383026,0.9616974,23
2069,2,2,0.03742405,0.962576,23
2069,3,8,0.036190845,0.96380913,23
2069,4,16,0.036017187,0.9639828,23
2069,5,1,0.034694463,0.96530557,23
2070,1,9,0.038622793,0.9613772,23
2070,2,2,0.037642427,0.9623576,23
2070,3,16,0.036049146,0.9639509,23
2070,4,8,0.035912283,0.9640877,23
2070,5,29,0.034626357,0.96537364,23
2071,1,9,0.037911825,0.96208817,23
2071,2,2,0.03756476,0.96243525,23
2071,3,8,0.036328007,0.963672,23
2071,4,16,0.036283493,0.9637165,23
2071,5,29,0.03496664,0.96503335,23
2072,1,9,0.03819342,0.9618066,23
2072,2,2,0.037204906,0.9627951,23
2072,3,16,0.036542576,0.9634574,23
2072,4,8,0.036036335,0.9639637,23
2072,5,29,0.034809943,0.96519005,23
2073,1,9,0.038045146,0.96195483,23
2073,2,2,0.03764897,0.962351,23
2073,3,8,0.03626155,0.96373844,23
2073,4,16,0.03594628,0.96405375,23
2073,5,29,0.035289116,0.9647109,23
2074,1,9,0.03813953,0.9618605,23
2074,2,2,0.037989713,0.96201026,23
2074,3,8,0.036240764,0.96375924,23
2074,4,16,0.035732523,0.9642675,23
2074,5,1,0.03486141,0.9651386,23
2075,1,9,0.03808211,0.9619179,23
2075,2,2,0.037556812,0.9624432,23
2075,3,16,0.036231916,0.96376806,23
2075,4,8,0.0361354,0.9638646,23
2075,5,29,0.03475229,0.9652477,23
2076,1,9,0.038007133,0.96199286,23
2076,2,2,0.037296467,0.9627035,23
2076,3,8,0.036362622,0.96363735,23
2076,4,16,0.03627186,0.96372813,23
2076,5,29,0.034884293,0.9651157,23
2077,1,9,0.03850151,0.9614985,23
2077,2,2,0.037799,0.962201,23
2077,3,8,0.03618418,0.9638158,23
2077,4,16,0.03589593,0.96410406,23
2077,5,1,0.03459676,0.96540326,23
2078,1,9,0.03821484,0.96178514,23
2078,2,2,0.037511636,0.96248835,23
2078,3,16,0.03620141,0.9637986,23
2078,4,8,0.03620114,0.9637989,23
2078,5,29,0.0347538,0.9652462,23
2079,1,9,0.038076565,0.9619234,23
2079,2,2,0.037290037,0.96270996,23
2079,3,16,0.036515657,0.96348435,23
2079,4,8,0.036318313,0.9636817,23
2079,5,29,0.03517993,0.9648201,23
2080,1,9,0.038100198,0.9618998,23
2080,2,2,0.03735183,0.96264815,23
2080,3,8,0.03633442,0.9636656,23
2080,4,16,0.036141727,0.96385825,23
2080,5,29,0.03494792,0.96505207,23
2081,1,9,0.038392425,0.9616076,23
2081,2,2,0.03752917,0.9624708,23
2081,3,8,0.036241278,0.9637587,23
2081,4,16,0.03592384,0.96407616,23
2081,5,1,0.03476821,0.9652318,23
2082,1,9,0.0382232,0.9617768,23
2082,2,2,0.03740908,0.96259093,23
2082,3,8,0.03626287,0.96373713,23
2082,4,16,0.03623445,0.96376556,23
2082,5,29,0.034936275,0.96506375,23
2083,1,9,0.038413126,0.9615869,23
2083,2,2,0.03757958,0.9624204,23
2083,3,8,0.036448833,0.96355116,23
2083,4,16,0.035943627,0.9640564,23
2083,5,29,0.03471483,0.9652852,23
2084,1,9,0.03825569,0.9617443,23
2084,2,2,0.038013846,0.9619862,23
2084,3,8,0.036318287,0.9636817,23
2084,4,16,0.03570815,0.9642919,23
2084,5,1,0.034873314,0.9651267,23
2085,1,9,0.038197126,0.9618029,23
2085,2,2,0.037463047,0.96253693,23
2085,3,8,0.036244176,0.96375585,23
2085,4,16,0.036131904,0.9638681,23
2085,5,1,0.034756534,0.96524346,23
2086,1,9,0.03794243,0.9620576,23
2086,2,2,0.037307322,0.9626927,23
2086,3,16,0.03651197,0.96348804,23
2086,4,8,0.036286402,0.9637136,23
2086,5,29,0.035113662,0.9648863,23
2087,1,9,0.03849751,0.9615025,23
2087,2,2,0.037628762,0.96237123,23
2087,3,8,0.03624909,0.9637509,23
2087,4,16,0.035914734,0.9640853,23
2087,5,29,0.034692805,0.9653072,23
2088,1,9,0.03821254,0.96178746,23
2088,2,2,0.037425756,0.96257424,23
2088,3,8,0.036226947,0.9637731,23
2088,4,16,0.03614005,0.96386,23
2088,5,1,0.034869835,0.96513015,23
2089,1,9,0.037986755,0.96201324,23
2089,2,2,0.0374983,0.9625017,23
2089,3,8,0.036295235,0.96370476,23
2089,4,16,0.036251627,0.9637484,23
2089,5,29,0.035221584,0.9647784,23
2090,1,9,0.038556967,0.961443,23
2090,2,2,0.037619773,0.96238023,23
2090,3,8,0.036252685,0.9637473,23
2090,4,16,0.035906386,0.9640936,23
2090,5,1,0.034680407,0.9653196,23
2091,1,9,0.03821648,0.9617835,23
2091,2,2,0.03753938,0.96246064,23
2091,3,8,0.03624876,0.96375126,23
2091,4,16,0.036054414,0.96394557,23
2091,5,1,0.034860913,0.9651391,23
2092,1,9,0.03826895,0.9617311,23
2092,2,2,0.037914217,0.9620858,23
2092,3,8,0.03623181,0.9637682,23
2092,4,16,0.035739813,0.96426016,23
2092,5,1,0.03482944,0.96517056,23
2093,1,9,0.03810218,0.96189785,23
2093,2,2,0.037284054,0.9627159,23
2093,3,8,0.03652208,0.9634779,23
2093,4,16,0.036150716,0.9638493,23
2093,5,29,0.034951802,0.9650482,23
2094,1,9,0.038245115,0.96175486,23
2094,2,2,0.037738666,0.9622613,23
2094,3,8,0.036051285,0.9639487,23
2094,4,16,0.03604988,0.9639501,23
2094,5,29,0.034789525,0.9652105,23
2095,1,9,0.03819578,0.9618042,23
2095,2,2,0.037566394,0.9624336,23
2095,3,8,0.036227055,0.96377295,23
2095,4,16,0.03603875,0.96396124,23
2095,5,29,0.03476335,0.96523666,23
2096,1,9,0.03820287,0.9617971,23
2096,2,2,0.037436265,0.96256375,23
2096,3,16,0.03620906,0.96379095,23
2096,4,8,0.03610817,0.9638918,23
2096,5,29,0.03501487,0.96498513,23
2097,1,9,0.038284756,0.9617152,23
2097,2,2,0.037392292,0.9626077,23
2097,3,8,0.036302164,0.96369785,23
2097,4,16,0.036021736,0.9639783,23
2097,5,29,0.034909677,0.96509033,23
2098,1,9,0.038308885,0.96169114,23
2098,2,2,0.037627,0.962373,23
2098,3,16,0.03623224,0.96376777,23
2098,4,8,0.03594821,0.9640518,23
2098,5,29,0.0346678,0.9653322,23
2099,1,9,0.038474843,0.96152514,23
2099,2,2,0.03759357,0.96240646,23
2099,3,8,0.036309414,0.9636906,23
2099,4,16,0.035922516,0.9640775,23
2099,5,1,0.03466955,0.9653305,23
2100,1,9,0.03838124,0.9616188,23
2100,2,2,0.037975933,0.9620241,23
2100,3,8,0.03621892,0.96378106,23
2100,4,16,0.035740156,0.96425986,23
2100,5,1,0.034884155,0.96511585,23
2101,1,9,0.038030945,0.9619691,23
2101,2,2,0.037383653,0.9626163,23
2101,3,16,0.036397163,0.96360284,23
2101,4,8,0.036327478,0.9636725,23
2101,5,29,0.035269536,0.96473044,23
2102,1,9,0.03818562,0.9618144,23
2102,2,2,0.037225123,0.9627749,23
2102,3,16,0.036372762,0.9636272,23
2102,4,8,0.036345832,0.96365416,23
2102,5,29,0.034848448,0.96515155,23
2103,1,9,0.03820492,0.9617951,23
2103,2,2,0.03728227,0.9627177,23
2103,3,16,0.03651929,0.9634807,23
2103,4,8,0.03611117,0.9638888,23
2103,5,29,0.034901146,0.96509886,23
2104,1,9,0.038168956,0.96183103,23
2104,2,2,0.037538484,0.96246153,23
2104,3,16,0.03621605,0.963784,23
2104,4,8,0.03619002,0.96380997,23
2104,5,29,0.034745924,0.96525407,23
2105,1,9,0.038213734,0.96178627,23
2105,2,2,0.03776769,0.9622323,23
2105,3,8,0.036421485,0.9635785,23
2105,4,16,0.035861738,0.96413827,23
2105,5,1,0.034962796,0.9650372,23
2106,1,9,0.037922427,0.96207756,23
2106,2,2,0.037740577,0.9622594,23
2106,3,8,0.036232594,0.9637674,23
2106,4,16,0.036227547,0.9637725,23
2106,5,29,0.034888048,0.965112,23
2107,1,9,0.038449135,0.9615509,23
2107,2,2,0.03781871,0.96218127,23
2107,3,8,0.036285017,0.96371496,23
2107,4,16,0.035796903,0.9642031,23
2107,5,1,0.03470787,0.96529216,23
2108,1,9,0.03831544,0.9616846,23
2108,2,2,0.03754246,0.96245754,23
2108,3,8,0.036223363,0.96377665,23
2108,4,16,0.036019143,0.96398085,23
2108,5,29,0.034734298,0.9652657,23
2109,1,9,0.038293567,0.96170646,23
2109,2,2,0.037517037,0.962483,23
2109,3,16,0.03622968,0.96377033,23
2109,4,8,0.036014058,0.9639859,23
2109,5,29,0.034801833,0.96519816,23
2110,1,9,0.038275287,0.9617247,23
2110,2,2,0.03773203,0.962268,23
2110,3,8,0.036250014,0.96375,23
2110,4,16,0.036046267,0.96395373,23
2110,5,29,0.03473435,0.96526563,23
2111,1,9,0.038175173,0.96182483,23
2111,2,2,0.037509605,0.9624904,23
2111,3,8,0.03650777,0.9634922,23
2111,4,16,0.03596646,0.96403354,23
2111,5,29,0.034938063,0.96506196,23
2112,1,9,0.03811774,0.96188223,23
2112,2,2,0.037483048,0.96251696,23
2112,3,8,0.03622942,0.96377057,23
2112,4,16,0.03612872,0.9638713,23
2112,5,1,0.034823094,0.9651769,23
2113,1,9,0.038210843,0.96178913,23
2113,2,2,0.03759496,0.962405,23
2113,3,8,0.036255784,0.9637442,23
2113,4,16,0.035937726,0.9640623,23
2113,5,29,0.03469529,0.96530473,23
2114,1,9,0.038145673,0.96185434,23
2114,2,2,0.03744169,0.9625583,23
2114,3,16,0.036212303,0.9637877,23
2114,4,8,0.036125302,0.9638747,23
2114,5,29,0.0347702,0.9652298,23
2115,1,9,0.038227677,0.9617723,23
2115,2,2,0.037605204,0.9623948,23
2115,3,16,0.036100008,0.96389997,23
2115,4,8,0.036093622,0.9639064,23
2115,5,29,0.034675688,0.9653243,23
2116,1,9,0.03862502,0.961375,23
2116,2,2,0.038130764,0.96186924,23
2116,3,8,0.036008652,0.96399134,23
2116,4,16,0.035721287,0.9642787,23
2116,5,1,0.034628168,0.96537185,23
2117,1,9,0.038327243,0.9616728,23
2117,2,2,0.037800647,0.96219933,23
2117,3,8,0.036346566,0.96365345,23
2117,4,16,0.035896566,0.96410346,23
2117,5,29,0.03466064,0.96533936,23
2118,1,9,0.038301717,0.9616983,23
2118,2,2,0.037491098,0.9625089,23
2118,3,8,0.03633272,0.9636673,23
2118,4,16,0.035913493,0.96408653,23
2118,5,1,0.035086527,0.9649135,23
2119,1,9,0.038038053,0.9619619,23
2119,2,2,0.037866198,0.9621338,23
2119,3,8,0.036300424,0.9636996,23
2119,4,16,0.036048606,0.9639514,23
2119,5,1,0.03478903,0.965211,23
2120,1,9,0.038293403,0.9617066,23
2120,2,2,0.03750943,0.96249056,23
2120,3,8,0.036208786,0.9637912,23
2120,4,16,0.036068264,0.96393174,23
2120,5,1,0.03472101,0.965279,23
2121,1,9,0.038375616,0.9616244,23
2121,2,2,0.037810713,0.9621893,23
2121,3,8,0.0362314,0.9637686,23
2121,4,16,0.035791464,0.96420854,23
2121,5,1,0.03482655,0.9651734,23
2122,1,9,0.038332712,0.9616673,23
2122,2,2,0.03751435,0.9624857,23
2122,3,16,0.036156807,0.96384317,23
2122,4,8,0.036143254,0.96385676,23
2122,5,29,0.034797747,0.9652023,23
2123,1,9,0.0380667,0.9619333,23
2123,2,2,0.037823338,0.9621767,23
2123,3,8,0.03648598,0.96351403,23
2123,4,16,0.03585126,0.96414876,23
2123,5,1,0.03505331,0.9649467,23
2124,1,9,0.03806524,0.96193475,23
2124,2,2,0.037426587,0.9625734,23
2124,3,16,0.03645285,0.96354717,23
2124,4,8,0.036099304,0.9639007,23
2124,5,29,0.034793984,0.965206,23
2125,1,9,0.038316336,0.9616837,23
2125,2,2,0.03776077,0.9622392,23
2125,3,8,0.03621089,0.9637891,23
2125,4,16,0.03585105,0.96414894,23
2125,5,1,0.03477204,0.96522796,23
2126,1,9,0.03816449,0.9618355,23
2126,2,2,0.037671566,0.96232843,23
2126,3,8,0.03618437,0.9638156,23
2126,4,16,0.036178403,0.9638216,23
2126,5,29,0.034772445,0.96522754,23
2127,1,9,0.038207047,0.96179295,23
2127,2,2,0.0372842,0.9627158,23
2127,3,8,0.036386304,0.9636137,23
2127,4,16,0.036276113,0.9637239,23
2127,5,29,0.034811147,0.96518886,23
2128,1,9,0.03815843,0.9618416,23
2128,2,2,0.03773455,0.96226543,23
2128,3,8,0.03614044,0.96385956,23
2128,4,16,0.036047097,0.9639529,23
2128,5,29,0.034743875,0.9652561,23
2129,1,9,0.038008973,0.961991,23
2129,2,2,0.03754799,0.962452,23
2129,3,16,0.036230005,0.96377,23
2129,4,8,0.036152434,0.9638476,23
2129,5,29,0.034796443,0.9652036,23
2130,1,9,0.038303267,0.96169674,23
2130,2,2,0.03766312,0.9623369,23
2130,3,8,0.03629416,0.96370584,23
2130,4,16,0.03598669,0.96401334,23
2130,5,1,0.03484187,0.9651581,23
2131,1,9,0.037978247,0.96202177,23
2131,2,2,0.03753078,0.9624692,23
2131,3,16,0.03637696,0.96362305,23
2131,4,8,0.03623073,0.96376926,23
2131,5,29,0.03491637,0.9650836,23
2132,1,9,0.038114656,0.96188533,23
2132,2,2,0.037677664,0.96232235,23
2132,3,8,0.036102466,0.9638975,23
2132,4,16,0.036047235,0.9639528,23
2132,5,1,0.03466292,0.9653371,23
2133,1,9,0.03806675,0.96193326,23
2133,2,2,0.03760985,0.9623901,23
2133,3,16,0.03631491,0.9636851,23
2133,4,8,0.036188934,0.96381104,23
2133,5,29,0.034782384,0.9652176,23
2134,1,9,0.038451668,0.9615483,23
2134,2,2,0.03765647,0.9623435,23
2134,3,16,0.036154676,0.9638453,23
2134,4,8,0.03583203,0.96416795,23
2134,5,29,0.034685936,0.9653141,23
2135,1,9,0.038396366,0.96160364,23
2135,2,2,0.037646517,0.96235347,23
2135,3,8,0.03617904,0.96382093,23
2135,4,16,0.03595937,0.96404064,23
2135,5,29,0.03466783,0.96533215,23
2136,1,9,0.0381478,0.9618522,23
2136,2,2,0.037935384,0.9620646,23
2136,3,8,0.036355138,0.96364486,23
2136,4,16,0.035815123,0.9641849,23
2136,5,1,0.035162646,0.9648374,23
2137,1,9,0.03804991,0.96195006,23
2137,2,2,0.037533782,0.96246624,23
2137,3,16,0.036225665,0.9637743,23
2137,4,8,0.03620967,0.96379036,23
2137,5,29,0.034786515,0.9652135,23
2138,1,9,0.03814251,0.9618575,23
2138,2,2,0.038000945,0.96199906,23
2138,3,8,0.036202796,0.9637972,23
2138,4,16,0.03592463,0.9640754,23
2138,5,1,0.034805525,0.96519446,23
2139,1,9,0.03834018,0.9616598,23
2139,2,2,0.037504576,0.96249545,23
2139,3,8,0.03650802,0.963492,23
2139,4,16,0.03592062,0.9640794,23
2139,5,1,0.034940984,0.96505904,23
2140,1,9,0.038176447,0.9618236,23
2140,2,2,0.037813462,0.9621865,23
2140,3,16,0.0361192,0.9638808,23
2140,4,8,0.03608044,0.9639196,23
2140,5,29,0.03490661,0.9650934,23
2141,1,9,0.038010724,0.9619893,23
2141,2,2,0.037388034,0.962612,23
2141,3,8,0.036153406,0.96384656,23
2141,4,16,0.03608546,0.9639145,23
2141,5,1,0.034899358,0.96510065,23
2142,1,9,0.03834107,0.96165895,23
2142,2,2,0.037634373,0.9623656,23
2142,3,8,0.036296517,0.9637035,23
2142,4,16,0.035927508,0.96407247,23
2142,5,29,0.03463886,0.9653611,23
2143,1,9,0.0382175,0.9617825,23
2143,2,2,0.037496883,0.96250314,23
2143,3,16,0.036158223,0.9638418,23
2143,4,8,0.036142036,0.96385795,23
2143,5,29,0.034760516,0.96523947,23
2144,1,9,0.038104326,0.9618957,23
2144,2,2,0.037723076,0.96227694,23
2144,3,16,0.03628792,0.9637121,23
2144,4,8,0.03606923,0.9639308,23
2144,5,29,0.03496352,0.9650365,23
2145,1,9,0.03796013,0.9620399,23
2145,2,2,0.037493132,0.9625069,23
2145,3,16,0.036339857,0.9636601,23
2145,4,8,0.03617037,0.96382964,23
2145,5,29,0.034861263,0.96513873,23
2146,1,9,0.038330488,0.9616695,23
2146,2,2,0.037858482,0.9621415,23
2146,3,8,0.03627313,0.9637269,23
2146,4,16,0.035746593,0.9642534,23
2146,5,1,0.03487352,0.96512645,23
2147,1,9,0.03805653,0.96194345,23
2147,2,2,0.037338197,0.9626618,23
2147,3,16,0.036370832,0.9636292,23
2147,4,8,0.03617225,0.9638277,23
2147,5,29,0.03490684,0.96509314,23
2148,1,9,0.03858173,0.9614183,23
2148,2,2,0.037592392,0.9624076,23
2148,3,8,0.035949618,0.9640504,23
2148,4,16,0.035921257,0.9640787,23
2148,5,1,0.03469095,0.965309,23
2149,1,9,0.03788416,0.9621158,23
2149,2,2,0.03750634,0.96249366,23
2149,3,16,0.036452517,0.96354747,23
2149,4,8,0.036294144,0.96370584,23
2149,5,29,0.03505795,0.96494204,23
2150,1,9,0.038379356,0.9616206,23
2150,2,2,0.037836257,0.96216375,23
2150,3,8,0.03610539,0.9638946,23
2150,4,16,0.035993114,0.9640069,23
2150,5,29,0.034571845,0.9654282,23
2151,1,9,0.038210664,0.9617893,23
2151,2,2,0.037687875,0.9623121,23
2151,3,16,0.036168147,0.96383184,23
2151,4,8,0.03611414,0.96388584,23
2151,5,29,0.034764703,0.9652353,23
2152,1,9,0.03837386,0.9616261,23
2152,2,2,0.03757901,0.962421,23
2152,3,8,0.036372583,0.9636274,23
2152,4,16,0.035885394,0.9641146,23
2152,5,1,0.034661423,0.9653386,23
2153,1,9,0.038070865,0.96192914,23
2153,2,2,0.037392143,0.96260786,23
2153,3,8,0.036530778,0.9634692,23
2153,4,16,0.03606165,0.96393836,23
2153,5,29,0.034976266,0.96502376,23
2154,1,9,0.03801649,0.9619835,23
2154,2,2,0.037319347,0.96268064,23
2154,3,16,0.036464565,0.9635354,23
2154,4,8,0.03628502,0.96371496,23
2154,5,29,0.034810886,0.9651891,23
2155,1,9,0.03844085,0.9615592,23
2155,2,2,0.037571173,0.9624288,23
2155,3,8,0.036153175,0.9638468,23
2155,4,16,0.035866152,0.96413386,23
2155,5,1,0.035031363,0.9649686,23
2156,1,9,0.03858364,0.96141636,23
2156,2,2,0.03757012,0.9624299,23
2156,3,8,0.03609762,0.96390235,23
2156,4,16,0.036054313,0.9639457,23
2156,5,29,0.034740817,0.9652592,23
2157,1,9,0.03812618,0.9618738,23
2157,2,2,0.037272274,0.9627277,23
2157,3,16,0.03642817,0.96357185,23
2157,4,8,0.03615801,0.963842,23
2157,5,29,0.034930807,0.9650692,23
2158,1,9,0.038156047,0.96184397,23
2158,2,2,0.0376196,0.9623804,23
2158,3,8,0.036226753,0.96377325,23
2158,4,16,0.03613363,0.96386635,23
2158,5,29,0.034788266,0.96521175,23
2159,1,9,0.038408253,0.9615917,23
2159,2,2,0.037734456,0.96226555,23
2159,3,8,0.036326908,0.9636731,23
2159,4,16,0.035945777,0.9640542,23
2159,5,1,0.034674987,0.965325,23
2160,1,9,0.038522296,0.9614777,23
2160,2,2,0.037069764,0.96293026,23
2160,3,16,0.03627974,0.96372026,23
2160,4,8,0.03619685,0.9638032,23
2160,5,29,0.03479168,0.9652083,23
2161,1,9,0.038371164,0.96162885,23
2161,2,2,0.037678186,0.9623218,23
2161,3,8,0.036036473,0.9639635,23
2161,4,16,0.035906672,0.9640933,23
2161,5,29,0.0346496,0.9653504,23
2162,1,9,0.03850553,0.96149445,23
2162,2,2,0.037780035,0.96221995,23
2162,3,8,0.036144413,0.96385556,23
2162,4,16,0.0358145,0.9641855,23
2162,5,1,0.03484033,0.96515965,23
2163,1,9,0.03842461,0.9615754,23
2163,2,2,0.03777062,0.9622294,23
2163,3,8,0.036377132,0.96362287,23
2163,4,16,0.035717808,0.9642822,23
2163,5,1,0.03485977,0.9651402,23
2164,1,9,0.038058918,0.96194106,23
2164,2,2,0.03742123,0.9625788,23
2164,3,8,0.03634697,0.963653,23
2164,4,16,0.036204264,0.9637957,23
2164,5,29,0.034903437,0.9650966,23
2165,1,9,0.03798433,0.9620157,23
2165,2,2,0.037462812,0.96253717,23
2165,3,16,0.036392335,0.96360767,23
2165,4,8,0.03628606,0.96371394,23
2165,5,29,0.034993596,0.9650064,23
2166,1,9,0.03821451,0.9617855,23
2166,2,2,0.037522532,0.96247745,23
2166,3,16,0.03621195,0.96378803,23
2166,4,8,0.03604412,0.9639559,23
2166,5,29,0.03472661,0.9652734,23
2167,1,9,0.038354453,0.96164554,23
2167,2,2,0.037798796,0.9622012,23
2167,3,8,0.036401324,0.96359867,23
2167,4,16,0.035877094,0.9641229,23
2167,5,1,0.03474238,0.96525764,23
2168,1,9,0.03850478,0.9614952,23
2168,2,2,0.037661795,0.9623382,23
2168,3,8,0.036204774,0.96379524,23
2168,4,16,0.036016602,0.9639834,23
2168,5,29,0.034603152,0.9653968,23
2169,1,9,0.037987944,0.96201205,23
2169,2,2,0.037615396,0.9623846,23
2169,3,8,0.036204066,0.96379596,23
2169,4,16,0.036127638,0.9638724,23
2169,5,1,0.034786366,0.96521366,23
2170,1,9,0.03836048,0.9616395,23
2170,2,2,0.037640523,0.9623595,23
2170,3,8,0.03634721,0.9636528,23
2170,4,16,0.03571367,0.9642863,23
2170,5,1,0.03486873,0.9651313,23
2171,1,9,0.03832829,0.9616717,23
2171,2,2,0.037547812,0.9624522,23
2171,3,8,0.03627991,0.9637201,23
2171,4,16,0.03604445,0.9639555,23
2171,5,1,0.034669753,0.96533024,23
2172,1,9,0.03807935,0.9619206,23
2172,2,2,0.037702367,0.9622976,23
2172,3,8,0.036239587,0.96376044,23
2172,4,16,0.03608966,0.96391034,23
2172,5,29,0.03477946,0.9652206,23
2173,1,9,0.038344376,0.9616556,23
2173,2,2,0.037267264,0.96273273,23
2173,3,16,0.03632146,0.96367854,23
2173,4,8,0.036227465,0.96377254,23
2173,5,29,0.034857437,0.96514255,23
2174,1,9,0.038110986,0.961889,23
2174,2,2,0.037852585,0.9621474,23
2174,3,16,0.036084753,0.9639152,23
2174,4,8,0.036052603,0.9639474,23
2174,5,29,0.034766648,0.9652333,23
2175,1,9,0.037871994,0.962128,23
2175,2,2,0.03760833,0.9623917,23
2175,3,8,0.036427654,0.9635723,23
2175,4,16,0.035960916,0.9640391,23
2175,5,29,0.035220973,0.964779,23
2176,1,9,0.03839956,0.9616004,23
2176,2,2,0.037692748,0.9623073,23
2176,3,8,0.03630796,0.96369207,23
2176,4,16,0.03592108,0.9640789,23
2176,5,1,0.034655936,0.9653441,23
2177,1,9,0.038408134,0.96159184,23
2177,2,2,0.038064867,0.96193516,23
2177,3,8,0.036059994,0.96394,23
2177,4,16,0.035718318,0.9642817,23
2177,5,1,0.034754373,0.9652456,23
2178,1,9,0.038269617,0.96173036,23
2178,2,2,0.037692823,0.96230716,23
2178,3,8,0.036280207,0.9637198,23
2178,4,16,0.035833895,0.9641661,23
2178,5,29,0.034647673,0.9653523,23
2179,1,9,0.037920967,0.96207905,23
2179,2,2,0.037658583,0.9623414,23
2179,3,8,0.0363636,0.9636364,23
2179,4,16,0.036057103,0.9639429,23
2179,5,1,0.034813616,0.96518636,23
2180,1,9,0.038449064,0.96155095,23
2180,2,2,0.037423357,0.9625766,23
2180,3,8,0.036248308,0.9637517,23
2180,4,16,0.03614912,0.96385086,23
2180,5,1,0.034604542,0.96539545,23
2181,1,9,0.037976056,0.962024,23
2181,2,2,0.037568536,0.9624315,23
2181,3,16,0.03625534,0.96374464,23
2181,4,8,0.036109764,0.96389025,23
2181,5,29,0.034817036,0.96518296,23
2182,1,9,0.03813163,0.96186835,23
2182,2,2,0.0376571,0.9623429,23
2182,3,8,0.036169536,0.9638305,23
2182,4,16,0.036126137,0.96387386,23
2182,5,29,0.034728173,0.96527183,23
2183,1,9,0.03799785,0.96200216,23
2183,2,2,0.037287973,0.96271205,23
2183,3,16,0.03649423,0.96350574,23
2183,4,8,0.036015373,0.9639846,23
2183,5,29,0.034850776,0.9651492,23
2184,1,9,0.038455494,0.9615445,23
2184,2,2,0.037487518,0.9625125,23
2184,3,8,0.03616874,0.96383125,23
2184,4,16,0.03609687,0.9639031,23
2184,5,29,0.034665186,0.96533483,23
2185,1,9,0.03805987,0.9619401,23
2185,2,2,0.03773648,0.9622635,23
2185,3,8,0.03638538,0.96361464,23
2185,4,16,0.036096312,0.96390367,23
2185,5,29,0.034834072,0.9651659,23
2186,1,9,0.038287465,0.96171254,23
2186,2,2,0.03761736,0.9623826,23
2186,3,8,0.036257073,0.9637429,23
2186,4,16,0.03613513,0.96386486,23
2186,5,29,0.034786973,0.965213,23
2187,1,9,0.038171362,0.96182865,23
2187,2,2,0.03752783,0.9624722,23
2187,3,8,0.03618938,0.9638106,23
2187,4,16,0.036181822,0.9638182,23
2187,5,29,0.034778006,0.965222,23
2188,1,9,0.038158383,0.96184164,23
2188,2,2,0.037314642,0.96268535,23
2188,3,16,0.036305007,0.963695,23
2188,4,8,0.03609878,0.9639012,23
2188,5,29,0.034843266,0.96515673,23
2189,1,9,0.03810526,0.96189475,23
2189,2,2,0.037668493,0.96233153,23
2189,3,8,0.036346573,0.96365345,23
2189,4,16,0.03613,0.96387,23
2189,5,29,0.035012633,0.9649874,23
2190,1,9,0.03830226,0.96169776,23
2190,2,2,0.03762605,0.962374,23
2190,3,8,0.03620806,0.96379197,23
2190,4,16,0.036119003,0.963881,23
2190,5,29,0.034740124,0.96525985,23
2191,1,9,0.038268514,0.9617315,23
2191,2,2,0.03798298,0.962017,23
2191,3,8,0.036167197,0.9638328,23
2191,4,16,0.03595779,0.9640422,23
2191,5,29,0.03478754,0.96521246,23
2192,1,9,0.038252577,0.9617474,23
2192,2,2,0.037282098,0.9627179,23
2192,3,16,0.036326,0.963674,23
2192,4,8,0.03620253,0.96379745,23
2192,5,29,0.03490323,0.9650968,23
2193,1,9,0.038462505,0.9615375,23
2193,2,2,0.037555512,0.9624445,23
2193,3,8,0.036293976,0.963706,23
2193,4,16,0.035830095,0.9641699,23
2193,5,1,0.034752164,0.9652478,23
2194,1,9,0.03859431,0.9614057,23
2194,2,2,0.037578367,0.96242166,23
2194,3,8,0.03604905,0.96395093,23
2194,4,16,0.03599682,0.9640032,23
2194,5,18,0.034671415,0.9653286,23
2195,1,9,0.038307674,0.96169233,23
2195,2,2,0.037711587,0.96228844,23
2195,3,8,0.03642461,0.96357536,23
2195,4,16,0.035993855,0.9640061,23
2195,5,1,0.034764964,0.96523505,23
2196,1,9,0.038229607,0.9617704,23
2196,2,2,0.037832495,0.9621675,23
2196,3,8,0.036211435,0.96378857,23
2196,4,16,0.03601393,0.96398604,23
2196,5,1,0.034736082,0.9652639,23
2197,1,9,0.037934672,0.96206534,23
2197,2,2,0.037865557,0.9621344,23
2197,3,8,0.03634021,0.96365976,23
2197,4,16,0.03598299,0.96401703,23
2197,5,29,0.035106357,0.96489364,23
2198,1,9,0.038468193,0.9615318,23
2198,2,2,0.03790959,0.96209043,23
2198,3,8,0.036010828,0.9639892,23
2198,4,16,0.035951912,0.9640481,23
2198,5,29,0.034484666,0.9655153,23
2199,1,9,0.038250595,0.96174943,23
2199,2,2,0.037711613,0.9622884,23
2199,3,8,0.036231384,0.9637686,23
2199,4,16,0.036064684,0.9639353,23
2199,5,1,0.034722608,0.9652774,23
2200,1,9,0.03838503,0.96161497,23
2200,2,2,0.037735764,0.96226424,23
2200,3,8,0.036325254,0.9636747,23
2200,4,16,0.035838515,0.9641615,23
2200,5,1,0.03469381,0.96530616,23
2201,1,9,0.03825757,0.9617424,23
2201,2,2,0.037617564,0.96238244,23
2201,3,8,0.036362864,0.9636371,23
2201,4,16,0.035944484,0.96405554,23
2201,5,1,0.034728732,0.9652713,23
2202,1,9,0.038698643,0.9613013,23
2202,2,2,0.037761398,0.9622386,23
2202,3,8,0.035990898,0.9640091,23
2202,4,16,0.035887115,0.9641129,23
2202,5,18,0.03480936,0.96519065,23
2203,1,9,0.03850225,0.9614977,23
2203,2,2,0.037699685,0.9623003,23
2203,3,8,0.03619403,0.963806,23
2203,4,16,0.036013216,0.96398675,23
2203,5,29,0.03460249,0.96539754,23
2204,1,9,0.037831225,0.96216875,23
2204,2,2,0.037593745,0.9624063,23
2204,3,8,0.03625786,0.96374214,23
2204,4,16,0.036158774,0.9638412,23
2204,5,29,0.035073344,0.96492666,23
2205,1,9,0.038143527,0.9618565,23
2205,2,2,0.03737394,0.96262604,23
2205,3,16,0.036263324,0.96373665,23
2205,4,8,0.03611519,0.96388483,23
2205,5,1,0.03469557,0.96530443,23
2206,1,9,0.038276155,0.96172386,23
2206,2,2,0.037852917,0.96214706,23
2206,3,8,0.036078908,0.96392107,23
2206,4,16,0.035956074,0.9640439,23
2206,5,1,0.034569304,0.9654307,23
2207,1,9,0.038638797,0.9613612,23
2207,2,2,0.037612755,0.96238726,23
2207,3,16,0.03605646,0.96394354,23
2207,4,8,0.03579116,0.96420884,23
2207,5,18,0.034781218,0.9652188,23
2208,1,9,0.03807134,0.96192867,23
2208,2,2,0.03801103,0.961989,23
2208,3,8,0.03639765,0.96360236,23
2208,4,16,0.035749167,0.9642508,23
2208,5,1,0.035023097,0.9649769,23
2209,1,9,0.038093116,0.9619069,23
2209,2,2,0.037387393,0.9626126,23
2209,3,8,0.03653299,0.963467,23
2209,4,16,0.03609727,0.9639027,23
2209,5,29,0.03500876,0.9649912,23
2210,1,9,0.03845902,0.961541,23
2210,2,2,0.03775135,0.9622486,23
2210,3,8,0.036272842,0.9637272,23
2210,4,16,0.03585077,0.96414924,23
2210,5,1,0.03465851,0.9653415,23
2211,1,9,0.038223483,0.9617765,23
2211,2,2,0.03744452,0.96255547,23
2211,3,16,0.036179435,0.9638206,23
2211,4,8,0.036069613,0.96393037,23
2211,5,29,0.03477464,0.96522534,23
2212,1,9,0.038122363,0.96187764,23
2212,2,2,0.037375752,0.96262425,23
2212,3,16,0.036330428,0.9636696,23
2212,4,8,0.036269125,0.9637309,23
2212,5,29,0.034956463,0.96504354,23
2213,1,9,0.03812122,0.9618788,23
2213,2,2,0.037695546,0.9623045,23
2213,3,16,0.03618305,0.96381694,23
2213,4,8,0.035967555,0.9640325,23
2213,5,1,0.034662172,0.9653378,23
2214,1,9,0.03814883,0.9618512,23
2214,2,2,0.037605416,0.9623946,23
2214,3,8,0.03624382,0.9637562,23
2214,4,16,0.036120582,0.9638794,23
2214,5,29,0.034686606,0.9653134,23
2215,1,9,0.03816893,0.9618311,23
2215,2,2,0.037660185,0.9623398,23
2215,3,8,0.036464944,0.9635351,23
2215,4,16,0.035844713,0.9641553,23
2215,5,1,0.034942996,0.965057,23
2216,1,9,0.03800061,0.9619994,23
2216,2,2,0.0377209,0.9622791,23
2216,3,8,0.036118977,0.963881,23
2216,4,16,0.036105677,0.9638943,23
2216,5,29,0.035100725,0.9648993,23
2217,1,9,0.03807366,0.96192634,23
2217,2,2,0.037653375,0.9623466,23
2217,3,8,0.036390174,0.9636098,23
2217,4,16,0.0361185,0.9638815,23
2217,5,29,0.03486844,0.9651316,23
2218,1,9,0.0381135,0.9618865,23
2218,2,2,0.037299953,0.96270007,23
2218,3,16,0.036301024,0.963699,23
2218,4,8,0.036189806,0.9638102,23
2218,5,29,0.034968674,0.9650313,23
2219,1,9,0.03849329,0.9615067,23
2219,2,2,0.037993316,0.9620067,23
2219,3,8,0.036116187,0.9638838,23
2219,4,16,0.03575132,0.96424866,23
2219,5,1,0.03457577,0.96542424,23
2220,1,9,0.038446106,0.9615539,23
2220,2,2,0.03760488,0.96239513,23
2220,3,8,0.036284607,0.9637154,23
2220,4,16,0.036095943,0.9639041,23
2220,5,1,0.034636512,0.9653635,23
2221,1,9,0.038471483,0.96152854,23
2221,2,2,0.03750225,0.9624978,23
2221,3,8,0.03620638,0.96379364,23
2221,4,16,0.03612458,0.9638754,23
2221,5,29,0.034799088,0.9652009,23
2222,1,9,0.038141355,0.96185863,23
2222,2,2,0.03759727,0.9624027,23
2222,3,8,0.036376216,0.96362376,23
2222,4,16,0.036112126,0.9638879,23
2222,5,29,0.03477855,0.96522146,23
2223,1,9,0.038142283,0.96185774,23
2223,2,2,0.0374612,0.9625388,23
2223,3,8,0.03633731,0.9636627,23
2223,4,16,0.036188286,0.9638117,23
2223,5,29,0.034846783,0.9651532,23
2224,1,9,0.037963413,0.9620366,23
2224,2,2,0.03745331,0.9625467,23
2224,3,16,0.036296982,0.96370304,23
2224,4,8,0.036233902,0.9637661,23
2224,5,29,0.03484725,0.96515274,23
2225,1,9,0.038137596,0.9618624,23
2225,2,2,0.037819363,0.9621806,23
2225,3,8,0.036503546,0.96349645,23
2225,4,16,0.035870165,0.9641298,23
2225,5,1,0.03484694,0.96515304,23
2226,1,9,0.038137425,0.96186256,23
2226,2,2,0.037352517,0.9626475,23
2226,3,8,0.03634311,0.9636569,23
2226,4,16,0.0362263,0.9637737,23
2226,5,29,0.034833852,0.96516615,23
2227,1,9,0.038129736,0.96187025,23
2227,2,2,0.037893485,0.9621065,23
2227,3,8,0.036232665,0.96376735,23
2227,4,16,0.035922628,0.96407735,23
2227,5,1,0.034672726,0.96532726,23
2228,1,9,0.038419697,0.9615803,23
2228,2,2,0.03737906,0.9626209,23
2228,3,8,0.036128677,0.9638713,23
2228,4,16,0.036071118,0.9639289,23
2228,5,29,0.034751654,0.96524835,23
2229,1,9,0.038079485,0.9619205,23
2229,2,2,0.037327934,0.96267205,23
2229,3,16,0.03625203,0.963748,23
2229,4,8,0.036081687,0.9639183,23
2229,5,29,0.034803554,0.96519643,23
2230,1,9,0.038018115,0.9619819,23
2230,2,2,0.03760007,0.96239996,23
2230,3,16,0.036367152,0.9636328,23
2230,4,8,0.036291074,0.96370894,23
2230,5,29,0.03471728,0.96528274,23
2231,1,9,0.03851692,0.96148306,23
2231,2,2,0.03789484,0.96210515,23
2231,3,8,0.036095932,0.9639041,23
2231,4,16,0.035799183,0.9642008,23
2231,5,1,0.034668714,0.9653313,23
2232,1,9,0.038003843,0.96199614,23
2232,2,2,0.03743398,0.962566,23
2232,3,8,0.036465745,0.96353424,23
2232,4,16,0.036166094,0.9638339,23
2232,5,29,0.034909762,0.9650902,23
2233,1,9,0.038092535,0.96190745,23
2233,2,2,0.03763003,0.96237,23
2233,3,16,0.03624817,0.96375185,23
2233,4,8,0.036075242,0.96392477,23
2233,5,29,0.03494186,0.96505815,23
2234,1,9,0.0382631,0.9617369,23
2234,2,2,0.03813636,0.96186364,23
2234,3,8,0.036230803,0.9637692,23
2234,4,16,0.035659757,0.96434027,23
2234,5,1,0.03476778,0.9652322,23
2235,1,9,0.038273036,0.96172696,23
2235,2,2,0.03752116,0.9624788,23
2235,3,8,0.036198538,0.96380144,23
2235,4,16,0.036116313,0.9638837,23
2235,5,29,0.03468733,0.96531266,23
2236,1,9,0.038000703,0.9619993,23
2236,2,2,0.037404608,0.9625954,23
2236,3,16,0.036441315,0.9635587,23
2236,4,8,0.0362329,0.9637671,23
2236,5,29,0.03501813,0.96498185,23
2237,1,9,0.038133226,0.9618668,23
2237,2,2,0.037504327,0.9624957,23
2237,3,8,0.03621133,0.9637887,23
2237,4,16,0.036191642,0.96380836,23
2237,5,1,0.034737773,0.96526223,23
2238,1,9,0.038639527,0.96136045,23
2238,2,2,0.03763515,0.96236485,23
2238,3,8,0.036109317,0.9638907,23
2238,4,16,0.03604582,0.9639542,23
2238,5,29,0.034609567,0.96539044,23
2239,1,9,0.038439147,0.96156085,23
2239,2,2,0.037520893,0.9624791,23
2239,3,8,0.036241397,0.9637586,23
2239,4,16,0.03605037,0.9639496,23
2239,5,1,0.034759227,0.9652408,23
2240,1,9,0.038499635,0.96150035,23
2240,2,2,0.03722621,0.9627738,23
2240,3,8,0.03642355,0.96357644,23
2240,4,16,0.035912957,0.96408707,23
2240,5,1,0.034762472,0.9652375,23
2241,1,9,0.038070343,0.9619297,23
2241,2,2,0.03762639,0.9623736,23
2241,3,8,0.036232237,0.96376777,23
2241,4,16,0.03616128,0.9638387,23
2241,5,1,0.034759544,0.9652405,23
2242,1,9,0.03820237,0.96179765,23
2242,2,2,0.03752218,0.9624778,23
2242,3,8,0.036291864,0.96370816,23
2242,4,16,0.036135558,0.96386445,23
2242,5,29,0.034838818,0.9651612,23
2243,1,9,0.038033642,0.96196634,23
2243,2,2,0.037611052,0.96238893,23
2243,3,16,0.03630248,0.9636975,23
2243,4,8,0.03607698,0.96392304,23
2243,5,29,0.034901455,0.96509856,23
2244,1,9,0.038470462,0.96152955,23
2244,2,2,0.037818648,0.9621813,23
2244,3,8,0.03637164,0.96362835,23
2244,4,16,0.03576512,0.9642349,23
2244,5,1,0.03492496,0.965075,23
2245,1,9,0.038325448,0.9616746,23
2245,2,2,0.03753872,0.9624613,23
2245,3,8,0.036203492,0.9637965,23
2245,4,16,0.03612065,0.96387935,23
2245,5,29,0.034681007,0.965319,23
2246,1,9,0.038286198,0.9617138,23
2246,2,2,0.037440278,0.9625597,23
2246,3,16,0.0362762,0.9637238,23
2246,4,8,0.036178976,0.96382105,23
2246,5,29,0.03494404,0.96505594,23
2247,1,9,0.038016047,0.961984,23
2247,2,2,0.03753418,0.9624658,23
2247,3,8,0.036390368,0.96360964,23
2247,4,16,0.036142226,0.96385777,23
2247,5,29,0.03496265,0.96503735,23
2248,1,9,0.037981454,0.96201855,23
2248,2,2,0.037476342,0.96252364,23
2248,3,8,0.036301892,0.9636981,23
2248,4,16,0.036140114,0.9638599,23
2248,5,29,0.03491622,0.9650838,23
2249,1,9,0.038164366,0.9618356,23
2249,2,2,0.03761045,0.9623895,23
2249,3,8,0.03633716,0.96366286,23
2249,4,16,0.036056075,0.9639439,23
2249,5,1,0.034956105,0.9650439,23
2250,1,9,0.038334373,0.96166563,23
2250,2,2,0.0375539,0.9624461,23
2250,3,8,0.03611613,0.9638839,23
2250,4,16,0.036013838,0.96398616,23
2250,5,29,0.034790277,0.9652097,23
2251,1,9,0.03833471,0.9616653,23
2251,2,2,0.03769626,0.96230376,23
2251,3,8,0.036161054,0.96383893,23
2251,4,16,0.035877153,0.96412283,23
2251,5,1,0.034766104,0.9652339,23
2252,1,9,0.03803308,0.96196693,23
2252,2,2,0.03773497,0.962265,23
2252,3,8,0.036183596,0.9638164,23
2252,4,16,0.036145832,0.9638542,23
2252,5,1,0.03479441,0.9652056,23
2253,1,9,0.038148973,0.961851,23
2253,2,2,0.037327036,0.96267295,23
2253,3,16,0.036256272,0.96374375,23
2253,4,8,0.036247507,0.9637525,23
2253,5,29,0.03479684,0.96520317,23
2254,1,9,0.03801569,0.96198434,23
2254,2,2,0.037752092,0.9622479,23
2254,3,8,0.03650504,0.96349496,23
2254,4,16,0.036004007,0.963996,23
2254,5,29,0.035051163,0.96494883,23
2255,1,9,0.03822024,0.9617798,23
2255,2,2,0.03779462,0.9622054,23
2255,3,8,0.036217958,0.9637821,23
2255,4,16,0.03593379,0.9640662,23
2255,5,29,0.034722853,0.96527714,23
2256,1,9,0.03830709,0.9616929,23
2256,2,2,0.037742596,0.9622574,23
2256,3,8,0.036286812,0.96371317,23
2256,4,16,0.035963785,0.9640362,23
2256,5,1,0.034875423,0.9651246,23
2257,1,9,0.038515918,0.9614841,23
2257,2,2,0.03778872,0.96221125,23
2257,3,8,0.03613108,0.9638689,23
2257,4,16,0.035875764,0.96412426,23
2257,5,1,0.03470092,0.96529907,23
2258,1,9,0.038365915,0.9616341,23
2258,2,2,0.037929744,0.9620702,23
2258,3,8,0.036458984,0.96354103,23
2258,4,16,0.03551824,0.9644818,23
2258,5,1,0.034948256,0.9650518,23
2259,1,9,0.03802241,0.9619776,23
2259,2,2,0.037331186,0.96266884,23
2259,3,16,0.036419798,0.9635802,23
2259,4,8,0.036326263,0.9636737,23
2259,5,29,0.034937654,0.9650623,23
2260,1,9,0.03831152,0.96168846,23
2260,2,2,0.03757018,0.9624298,23
2260,3,16,0.036123805,0.9638762,23
2260,4,8,0.03606969,0.9639303,23
2260,5,1,0.03474572,0.9652543,23
2261,1,9,0.038203374,0.96179664,23
2261,2,2,0.037562687,0.96243733,23
2261,3,8,0.03634562,0.9636544,23
2261,4,16,0.035994273,0.9640057,23
2261,5,29,0.034808572,0.9651914,23
2262,1,9,0.038211577,0.9617884,23
2262,2,2,0.037669744,0.9623303,23
2262,3,8,0.036228377,0.96377164,23
2262,4,16,0.035952535,0.9640475,23
2262,5,29,0.034743633,0.9652564,23
2263,1,9,0.038331006,0.96166897,23
2263,2,2,0.037779696,0.9622203,23
2263,3,16,0.0360637,0.9639363,23
2263,4,8,0.036032747,0.96396726,23
2263,5,29,0.034604255,0.96539575,23
2264,1,9,0.038216278,0.9617837,23
2264,2,2,0.03768882,0.96231115,23
2264,3,8,0.036238585,0.9637614,23
2264,4,16,0.03602553,0.9639745,23
2264,5,1,0.03490339,0.9650966,23
2265,1,9,0.038250126,0.96174985,23
2265,2,2,0.037377905,0.9626221,23
2265,3,16,0.036222953,0.96377707,23
2265,4,8,0.03610519,0.9638948,23
2265,5,29,0.034783565,0.96521646,23
2266,1,9,0.038278367,0.96172166,23
2266,2,2,0.037775487,0.9622245,23
2266,3,8,0.03623828,0.96376175,23
2266,4,16,0.035927553,0.96407247,23
2266,5,1,0.034732662,0.96526736,23
2267,1,9,0.03837167,0.9616283,23
2267,2,2,0.03762882,0.9623712,23
2267,3,8,0.036306914,0.9636931,23
2267,4,16,0.035921074,0.9640789,23
2267,5,29,0.034704823,0.9652952,23
2268,1,9,0.03846161,0.9615384,23
2268,2,2,0.037369363,0.9626306,23
2268,3,8,0.036324948,0.963675,23
2268,4,16,0.0360003,0.9639997,23
2268,5,1,0.03474395,0.96525604,23
2269,1,9,0.038107138,0.96189284,23
2269,2,2,0.037468705,0.96253127,23
2269,3,16,0.036268663,0.96373135,23
2269,4,8,0.03626803,0.96373194,23
2269,5,29,0.0349706,0.9650294,23
2270,1,9,0.038325503,0.9616745,23
2270,2,2,0.037641086,0.9623589,23
2270,3,8,0.036247954,0.96375203,23
2270,4,16,0.035935834,0.9640642,23
2270,5,1,0.03478219,0.9652178,23
2271,1,9,0.03834524,0.9616548,23
2271,2,2,0.037371635,0.96262836,23
2271,3,8,0.03626276,0.96373725,23
2271,4,16,0.036122642,0.9638774,23
2271,5,1,0.03477438,0.96522564,23
2272,1,9,0.038379304,0.9616207,23
2272,2,2,0.037805896,0.9621941,23
2272,3,8,0.036071707,0.9639283,23
2272,4,16,0.035840362,0.9641596,23
2272,5,1,0.034866624,0.96513337,23
2273,1,9,0.038045004,0.961955,23
2273,2,2,0.03738322,0.9626168,23
2273,3,16,0.036578,0.963422,23
2273,4,8,0.03601726,0.96398276,23
2273,5,29,0.034790818,0.9652092,23
2274,1,9,0.038380343,0.9616197,23
2274,2,2,0.037665714,0.9623343,23
2274,3,8,0.036201596,0.9637984,23
2274,4,16,0.03599625,0.96400374,23
2274,5,29,0.034743004,0.965257,23
2275,1,9,0.0380742,0.9619258,23
2275,2,2,0.037921406,0.9620786,23
2275,3,8,0.036337193,0.9636628,23
2275,4,16,0.03595984,0.96404016,23
2275,5,1,0.034979355,0.96502066,23
2276,1,9,0.03835531,0.9616447,23
2276,2,2,0.03736085,0.96263915,23
2276,3,16,0.036253452,0.96374655,23
2276,4,8,0.036112957,0.96388704,23
2276,5,29,0.034793314,0.9652067,23
2277,1,9,0.038196456,0.96180356,23
2277,2,2,0.0376336,0.9623664,23
2277,3,8,0.03628916,0.96371084,23
2277,4,16,0.036033515,0.9639665,23
2277,5,29,0.0347584,0.9652416,23
2278,1,9,0.038073655,0.96192634,23
2278,2,2,0.03768383,0.96231616,23
2278,3,8,0.036320757,0.96367925,23
2278,4,16,0.035994757,0.96400523,23
2278,5,1,0.035048813,0.96495116,23
2279,1,9,0.038487703,0.9615123,23
2279,2,2,0.03774682,0.96225315,23
2279,3,8,0.036298886,0.9637011,23
2279,4,16,0.0358343,0.9641657,23
2279,5,1,0.03486507,0.9651349,23
2280,1,9,0.03824767,0.96175236,23
2280,2,2,0.037522536,0.96247745,23
2280,3,8,0.036256623,0.9637434,23
2280,4,16,0.036084812,0.96391517,23
2280,5,1,0.03475927,0.9652407,23
2281,1,9,0.03832581,0.9616742,23
2281,2,2,0.037825916,0.96217406,23
2281,3,8,0.03634446,0.96365553,23
2281,4,16,0.035752233,0.96424776,23
2281,5,1,0.03484339,0.9651566,23
2282,1,9,0.03831442,0.9616856,23
2282,2,2,0.03764048,0.96235955,23
2282,3,8,0.036154274,0.96384573,23
2282,4,16,0.036081124,0.96391886,23
2282,5,1,0.034646686,0.9653533,23
2283,1,9,0.037990578,0.96200943,23
2283,2,2,0.03739258,0.96260744,23
2283,3,16,0.03640113,0.96359885,23
2283,4,8,0.036183905,0.9638161,23
2283,5,29,0.034861844,0.96513814,23
2284,1,9,0.03804325,0.96195674,23
2284,2,2,0.037366264,0.9626337,23
2284,3,8,0.03630643,0.96369356,23
2284,4,16,0.036268644,0.96373135,23
2284,5,29,0.034889534,0.9651105,23
2285,1,9,0.038277894,0.96172214,23
2285,2,2,0.037609562,0.9623904,23
2285,3,8,0.03622848,0.9637715,23
2285,4,16,0.03612422,0.9638758,23
2285,5,29,0.03501345,0.96498656,23
2286,1,9,0.038368456,0.96163154,23
2286,2,2,0.037765156,0.96223485,23
2286,3,8,0.036256302,0.9637437,23
2286,4,16,0.035985854,0.9640142,23
2286,5,1,0.034818277,0.9651817,23
2287,1,9,0.038514774,0.9614852,23
2287,2,2,0.037531037,0.962469,23
2287,3,16,0.036099102,0.9639009,23
2287,4,8,0.03601554,0.9639845,23
2287,5,29,0.034632076,0.9653679,23
2288,1,9,0.038051028,0.961949,23
2288,2,2,0.03743215,0.96256787,23
2288,3,8,0.036318656,0.96368134,23
2288,4,16,0.036248107,0.9637519,23
2288,5,29,0.034973245,0.96502674,23
2289,1,9,0.037953414,0.96204656,23
2289,2,2,0.037746634,0.9622534,23
2289,3,8,0.03643089,0.9635691,23
2289,4,16,0.035885956,0.96411407,23
2289,5,1,0.034787636,0.96521235,23
2290,1,9,0.03811831,0.9618817,23
2290,2,2,0.037372556,0.9626275,23
2290,3,16,0.036290646,0.96370935,23
2290,4,8,0.036232717,0.9637673,23
2290,5,29,0.034856003,0.965144,23
2291,1,9,0.038191408,0.96180856,23
2291,2,2,0.03736073,0.9626393,23
2291,3,8,0.036318295,0.9636817,23
2291,4,16,0.03613913,0.96386087,23
2291,5,29,0.034906987,0.965093,23
2292,1,9,0.038298752,0.9617013,23
2292,2,2,0.037489574,0.9625104,23
2292,3,16,0.03619409,0.9638059,23
2292,4,8,0.03602904,0.96397096,23
2292,5,29,0.03493446,0.96506554,23
2293,1,9,0.038281694,0.9617183,23
2293,2,2,0.037350558,0.96264946,23
2293,3,16,0.036316894,0.9636831,23
2293,4,8,0.036119737,0.96388024,23
2293,5,29,0.034961738,0.96503824,23
2294,1,9,0.038227707,0.9617723,23
2294,2,2,0.037379064,0.9626209,23
2294,3,16,0.036272366,0.96372765,23
2294,4,8,0.03621041,0.9637896,23
2294,5,29,0.034837212,0.9651628,23
2295,1,9,0.03820166,0.9617983,23
2295,2,2,0.037543353,0.96245664,23
2295,3,16,0.036168158,0.96383184,23
2295,4,8,0.036161907,0.9638381,23
2295,5,29,0.034848955,0.9651511,23
2296,1,9,0.038077433,0.9619226,23
2296,2,2,0.0374905,0.9625095,23
2296,3,16,0.036245726,0.9637543,23
2296,4,8,0.036030926,0.96396905,23
2296,5,1,0.03479862,0.9652014,23
2297,1,9,0.038329404,0.9616706,23
2297,2,2,0.037551716,0.9624483,23
2297,3,8,0.03634537,0.96365464,23
2297,4,16,0.0360128,0.96398723,23
2297,5,29,0.034762546,0.96523744,23
2298,1,9,0.038256235,0.9617438,23
2298,2,2,0.037395436,0.9626046,23
2298,3,16,0.036339894,0.9636601,23
2298,4,8,0.036096282,0.9639037,23
2298,5,29,0.03504005,0.96496,23
2299,1,9,0.038047954,0.96195203,23
2299,2,2,0.03772336,0.96227664,23
2299,3,8,0.036458213,0.9635418,23
2299,4,16,0.035861686,0.9641383,23
2299,5,29,0.034844548,0.9651555,23
2300,1,9,0.0382991,0.9617009,23
2300,2,2,0.03769505,0.96230495,23
2300,3,8,0.036251422,0.9637486,23
2300,4,16,0.036033507,0.9639665,23
2300,5,29,0.034760386,0.96523964,23
2301,1,9,0.038031645,0.96196836,23
2301,2,2,0.037369423,0.96263057,23
2301,3,16,0.036379613,0.96362036,23
2301,4,8,0.036127098,0.9638729,23
2301,5,29,0.03476806,0.96523196,23
2302,1,9,0.03850082,0.96149915,23
2302,2,2,0.037801854,0.96219814,23
2302,3,8,0.036208466,0.96379155,23
2302,4,16,0.035798002,0.964202,23
2302,5,1,0.034670122,0.9653299,23
2303,1,9,0.03822286,0.96177715,23
2303,2,2,0.03745026,0.96254975,23
2303,3,8,0.03647058,0.9635294,23
2303,4,16,0.036091827,0.9639082,23
2303,5,1,0.03474866,0.9652513,23
2304,1,9,0.038280133,0.9617199,23
2304,2,2,0.037965517,0.96203446,23
2304,3,8,0.035989877,0.9640101,23
2304,4,16,0.035845466,0.96415454,23
2304,5,29,0.034575142,0.96542484,23
2305,1,9,0.03813709,0.9618629,23
2305,2,2,0.037808303,0.9621917,23
2305,3,8,0.036310278,0.96368974,23
2305,4,16,0.035938047,0.964062,23
2305,5,29,0.03482354,0.96517646,23
2306,1,9,0.03817622,0.96182376,23
2306,2,2,0.037506435,0.96249354,23
2306,3,8,0.03644947,0.9635505,23
2306,4,16,0.03591013,0.9640899,23
2306,5,1,0.03480999,0.96519,23
2307,1,9,0.038080916,0.96191907,23
2307,2,2,0.037558988,0.962441,23
2307,3,16,0.03608368,0.9639163,23
2307,4,8,0.036076434,0.9639236,23
2307,5,29,0.034789946,0.9652101,23
2308,1,9,0.038004547,0.9619955,23
2308,2,2,0.037430998,0.962569,23
2308,3,16,0.036380764,0.96361923,23
2308,4,8,0.03626455,0.96373546,23
2308,5,29,0.03492491,0.9650751,23
2309,1,9,0.038338274,0.9616617,23
2309,2,2,0.03765774,0.96234226,23
2309,3,8,0.036445905,0.9635541,23
2309,4,16,0.035794668,0.9642053,23
2309,5,1,0.034765586,0.9652344,23
2310,1,9,0.038069353,0.96193063,23
2310,2,2,0.037424482,0.9625755,23
2310,3,16,0.03652663,0.9634734,23
2310,4,8,0.036055792,0.9639442,23
2310,5,29,0.034774426,0.9652256,23
2311,1,9,0.038212046,0.96178794,23
2311,2,2,0.037757166,0.96224284,23
2311,3,8,0.036214735,0.9637853,23
2311,4,16,0.035910077,0.96408993,23
2311,5,1,0.034889888,0.9651101,23
2312,1,9,0.038348835,0.96165115,23
2312,2,2,0.03718699,0.962813,23
2312,3,8,0.03640877,0.9635912,23
2312,4,16,0.036213186,0.96378684,23
2312,5,29,0.034893952,0.96510607,23
2313,1,9,0.03848674,0.9615133,23
2313,2,2,0.037713114,0.9622869,23
2313,3,8,0.036299314,0.9637007,23
2313,4,16,0.03585858,0.9641414,23
2313,5,29,0.034637697,0.9653623,23
2314,1,9,0.038230445,0.9617696,23
2314,2,2,0.037573986,0.962426,23
2314,3,8,0.03634374,0.96365625,23
2314,4,16,0.036111914,0.9638881,23
2314,5,1,0.034799725,0.9652003,23
2315,1,9,0.03867838,0.9613216,23
2315,2,2,0.03736879,0.9626312,23
2315,3,16,0.03606909,0.9639309,23
2315,4,8,0.036064453,0.96393555,23
2315,5,18,0.03487058,0.96512944,23
2316,1,9,0.03799634,0.96200365,23
2316,2,2,0.03746056,0.96253943,23
2316,3,8,0.03631002,0.96369,23
2316,4,16,0.03621221,0.9637878,23
2316,5,29,0.0350016,0.9649984,23
2317,1,9,0.03824298,0.961757,23
2317,2,2,0.037703898,0.9622961,23
2317,3,8,0.036081906,0.9639181,23
2317,4,16,0.035917312,0.9640827,23
2317,5,29,0.034700718,0.9652993,23
2318,1,9,0.038290083,0.9617099,23
2318,2,2,0.037295643,0.96270436,23
2318,3,16,0.036355667,0.9636443,23
2318,4,8,0.03616291,0.9638371,23
2318,5,29,0.03486209,0.9651379,23
2319,1,9,0.03809579,0.9619042,23
2319,2,2,0.03765626,0.96234375,23
2319,3,8,0.036390167,0.9636098,23
2319,4,16,0.036037788,0.9639622,23
2319,5,1,0.03486411,0.9651359,23
2320,1,9,0.037917264,0.96208274,23
2320,2,2,0.037390064,0.96260995,23
2320,3,8,0.036497775,0.9635022,23
2320,4,16,0.035962403,0.9640376,23
2320,5,29,0.03512815,0.9648718,23
2321,1,9,0.038296968,0.96170306,23
2321,2,2,0.03767528,0.96232474,23
2321,3,16,0.036035042,0.96396494,23
2321,4,8,0.036009114,0.96399087,23
2321,5,29,0.034608174,0.9653918,23
2322,1,9,0.038260985,0.961739,23
2322,2,2,0.037800442,0.96219957,23
2322,3,8,0.036304776,0.9636952,23
2322,4,16,0.035918105,0.9640819,23
2322,5,29,0.034809638,0.96519035,23
2323,1,9,0.03850428,0.9614957,23
2323,2,2,0.037668258,0.9623318,23
2323,3,8,0.036390156,0.9636098,23
2323,4,16,0.035774592,0.9642254,23
2323,5,1,0.03479418,0.9652058,23
2324,1,9,0.038201593,0.9617984,23
2324,2,2,0.03738858,0.96261144,23
2324,3,16,0.03627181,0.9637282,23
2324,4,8,0.036234703,0.9637653,23
2324,5,29,0.034797937,0.9652021,23
2325,1,9,0.038110763,0.96188927,23
2325,2,2,0.037327275,0.9626727,23
2325,3,8,0.036430497,0.9635695,23
2325,4,16,0.03603461,0.9639654,23
2325,5,29,0.034965888,0.9650341,23
2326,1,9,0.038068455,0.9619315,23
2326,2,2,0.037455134,0.96254486,23
2326,3,8,0.03624998,0.96375,23
2326,4,16,0.036214165,0.9637858,23
2326,5,29,0.034838337,0.9651617,23
2327,1,9,0.038164683,0.9618353,23
2327,2,2,0.037751447,0.96224856,23
2327,3,16,0.03616524,0.96383476,23
2327,4,8,0.036164995,0.963835,23
2327,5,29,0.034649834,0.96535015,23
2328,1,9,0.038163744,0.9618363,23
2328,2,2,0.0374403,0.9625597,23
2328,3,16,0.036253978,0.963746,23
2328,4,8,0.036230806,0.9637692,23
2328,5,1,0.034744065,0.9652559,23
2329,1,9,0.03810988,0.9618901,23
2329,2,2,0.037723187,0.9622768,23
2329,3,8,0.036312453,0.96368754,23
2329,4,16,0.03593245,0.9640676,23
2329,5,1,0.03472003,0.96528,23
2330,1,9,0.038120378,0.9618796,23
2330,2,2,0.03776851,0.9622315,23
2330,3,8,0.0361235,0.9638765,23
2330,4,16,0.036108356,0.9638916,23
2330,5,29,0.034986116,0.96501386,23
2331,1,9,0.038415287,0.9615847,23
2331,2,2,0.037867494,0.9621325,23
2331,3,8,0.03609832,0.9639017,23
2331,4,16,0.03598807,0.9640119,23
2331,5,1,0.034604352,0.9653956,23
2332,1,9,0.038078543,0.96192145,23
2332,2,2,0.037412174,0.96258783,23
2332,3,8,0.036474504,0.9635255,23
2332,4,16,0.036189497,0.9638105,23
2332,5,29,0.035132308,0.9648677,23
2333,1,9,0.038297564,0.96170247,23
2333,2,2,0.037518676,0.9624813,23
2333,3,8,0.036185753,0.96381426,23
2333,4,16,0.036164504,0.9638355,23
2333,5,1,0.034705088,0.9652949,23
2334,1,9,0.038041297,0.9619587,23
2334,2,2,0.037391525,0.96260846,23
2334,3,16,0.036306296,0.9636937,23
2334,4,8,0.03621437,0.96378565,23
2334,5,1,0.03477191,0.9652281,23
2335,1,9,0.038092628,0.9619074,23
2335,2,2,0.0378933,0.9621067,23
2335,3,8,0.03628877,0.9637112,23
2335,4,16,0.035871025,0.964129,23
2335,5,1,0.035063326,0.9649367,23
2336,1,9,0.038360573,0.9616394,23
2336,2,2,0.03761062,0.96238935,23
2336,3,8,0.03621028,0.9637897,23
2336,4,16,0.035879474,0.9641205,23
2336,5,1,0.034797292,0.9652027,23
2337,1,9,0.038163893,0.9618361,23
2337,2,2,0.037418503,0.9625815,23
2337,3,8,0.036444593,0.9635554,23
2337,4,16,0.036235135,0.96376485,23
2337,5,29,0.034907904,0.9650921,23
2338,1,9,0.03823418,0.9617658,23
2338,2,2,0.037263647,0.96273637,23
2338,3,8,0.036487836,0.9635122,23
2338,4,16,0.03629199,0.963708,23
2338,5,29,0.03491348,0.9650865,23
2339,1,9,0.038180675,0.96181935,23
2339,2,2,0.037951052,0.96204895,23
2339,3,8,0.036450557,0.96354944,23
2339,4,16,0.035890866,0.9641091,23
2339,5,1,0.03487178,0.96512824,23
2340,1,9,0.038217794,0.9617822,23
2340,2,2,0.03734078,0.96265924,23
2340,3,16,0.036458906,0.9635411,23
2340,4,8,0.036182757,0.96381724,23
2340,5,29,0.034814898,0.9651851,23
2341,1,9,0.037976578,0.96202344,23
2341,2,2,0.03740578,0.9625942,23
2341,3,8,0.036303576,0.9636964,23
2341,4,16,0.036295325,0.9637047,23
2341,5,29,0.034936167,0.9650638,23
2342,1,9,0.038255163,0.96174484,23
2342,2,2,0.037409734,0.9625903,23
2342,3,8,0.036311164,0.96368885,23
2342,4,16,0.03593319,0.9640668,23
2342,5,29,0.034835253,0.9651647,23
2343,1,9,0.038486265,0.96151376,23
2343,2,2,0.037747115,0.96225286,23
2343,3,8,0.03626157,0.96373844,23
2343,4,16,0.035867915,0.9641321,23
2343,5,1,0.034593478,0.96540654,23
2344,1,9,0.038316447,0.9616836,23
2344,2,2,0.037869733,0.96213025,23
2344,3,8,0.036186866,0.9638131,23
2344,4,16,0.0357416,0.9642584,23
2344,5,1,0.03468915,0.9653109,23
2345,1,9,0.038145002,0.961855,23
2345,2,2,0.037555773,0.96244425,23
2345,3,16,0.036252208,0.9637478,23
2345,4,8,0.036234453,0.96376556,23
2345,5,1,0.03494465,0.96505535,23
2346,1,9,0.03823797,0.961762,23
2346,2,2,0.03785935,0.9621407,23
2346,3,8,0.036337398,0.9636626,23
2346,4,16,0.035824664,0.96417534,23
2346,5,1,0.03478342,0.9652166,23
2347,1,9,0.03805801,0.961942,23
2347,2,2,0.03750345,0.9624965,23
2347,3,16,0.036262717,0.9637373,23
2347,4,8,0.036157764,0.9638422,23
2347,5,29,0.03485148,0.9651485,23
2348,1,9,0.038310517,0.9616895,23
2348,2,2,0.037795633,0.96220434,23
2348,3,8,0.036338016,0.96366197,23
2348,4,16,0.036034457,0.96396554,23
2348,5,29,0.03469508,0.9653049,23
2349,1,9,0.038054265,0.9619457,23
2349,2,2,0.037328605,0.9626714,23
2349,3,16,0.036344957,0.96365505,23
2349,4,8,0.03608158,0.96391845,23
2349,5,29,0.03494779,0.9650522,23
2350,1,9,0.038309462,0.96169055,23
2350,2,2,0.03763248,0.96236753,23
2350,3,8,0.036225967,0.963774,23
2350,4,16,0.036129575,0.9638704,23
2350,5,29,0.034656316,0.9653437,23
2351,1,9,0.038375046,0.961625,23
2351,2,2,0.037683446,0.9623166,23
2351,3,8,0.036375035,0.96362495,23
2351,4,16,0.035915677,0.9640843,23
2351,5,1,0.03483138,0.9651686,23
2352,1,9,0.038118806,0.9618812,23
2352,2,2,0.03748422,0.9625158,23
2352,3,8,0.036286324,0.96371365,23
2352,4,16,0.03617928,0.9638207,23
2352,5,29,0.03480815,0.96519184,23
2353,1,9,0.038049147,0.96195084,23
2353,2,2,0.037777144,0.9622229,23
2353,3,8,0.036437333,0.96356267,23
2353,4,16,0.035865683,0.96413434,23
2353,5,1,0.03491858,0.9650814,23
2354,1,9,0.03851031,0.9614897,23
2354,2,2,0.037873887,0.96212614,23
2354,3,8,0.036183238,0.96381676,23
2354,4,16,0.035739545,0.96426046,23
2354,5,1,0.03494701,0.96505296,23
2355,1,9,0.03819742,0.9618026,23
2355,2,2,0.037502572,0.9624974,23
2355,3,8,0.03628436,0.9637156,23
2355,4,16,0.036104072,0.9638959,23
2355,5,1,0.034758337,0.9652417,23
2356,1,9,0.038077712,0.9619223,23
2356,2,2,0.037390452,0.9626095,23
2356,3,16,0.03627635,0.96372366,23
2356,4,8,0.036195837,0.9638042,23
2356,5,29,0.034936003,0.965064,23
2357,1,9,0.0383706,0.9616294,23
2357,2,2,0.03791637,0.96208364,23
2357,3,8,0.03628691,0.9637131,23
2357,4,16,0.035993412,0.9640066,23
2357,5,29,0.03473936,0.9652606,23
2358,1,9,0.038204864,0.96179515,23
2358,2,2,0.03783861,0.96216136,23
2358,3,8,0.036230978,0.963769,23
2358,4,16,0.035916775,0.9640832,23
2358,5,1,0.034930985,0.965069,23
2359,1,9,0.037938632,0.96206135,23
2359,2,2,0.037378326,0.9626217,23
2359,3,8,0.036477778,0.9635222,23
2359,4,16,0.03628635,0.96371365,23
2359,5,29,0.035026643,0.96497333,23
2360,1,9,0.038326457,0.96167356,23
2360,2,2,0.037613727,0.96238625,23
2360,3,8,0.036194354,0.9638057,23
2360,4,16,0.03609332,0.9639067,23
2360,5,29,0.034801032,0.965199,23
2361,1,9,0.038233966,0.961766,23
2361,2,2,0.03769236,0.96230763,23
2361,3,16,0.036203448,0.96379656,23
2361,4,8,0.03603268,0.9639673,23
2361,5,29,0.034826886,0.9651731,23
2362,1,9,0.038406547,0.96159345,23
2362,2,2,0.03756011,0.9624399,23
2362,3,8,0.036231775,0.96376824,23
2362,4,16,0.036016293,0.9639837,23
2362,5,29,0.034658022,0.965342,23
2363,1,9,0.038184065,0.96181595,23
2363,2,2,0.037491433,0.96250856,23
2363,3,8,0.036327552,0.96367246,23
2363,4,16,0.03596004,0.96404,23
2363,5,1,0.034995258,0.96500474,23
2364,1,9,0.038665768,0.9613342,23
2364,2,2,0.037879974,0.96212006,23
2364,3,16,0.03594996,0.96405005,23
2364,4,8,0.035890672,0.9641093,23
2364,5,18,0.03479162,0.9652084,23
2365,1,9,0.038063895,0.9619361,23
2365,2,2,0.037544154,0.96245587,23
2365,3,8,0.036496915,0.96350306,23
2365,4,16,0.036251783,0.9637482,23
2365,5,29,0.03499348,0.96500653,23
2366,1,9,0.038578756,0.96142125,23
2366,2,2,0.037747975,0.962252,23
2366,3,8,0.03617687,0.96382314,23
2366,4,16,0.035751563,0.9642484,23
2366,5,1,0.03473878,0.9652612,23
2367,1,9,0.038634684,0.96136534,23
2367,2,2,0.037442476,0.96255755,23
2367,3,16,0.036307547,0.9636924,23
2367,4,8,0.035853684,0.9641463,23
2367,5,29,0.03471926,0.9652808,23
2368,1,9,0.03816747,0.9618325,23
2368,2,2,0.037257582,0.96274245,23
2368,3,16,0.03637714,0.96362287,23
2368,4,8,0.036268268,0.9637317,23
2368,5,29,0.034983188,0.96501684,23
2369,1,9,0.03813474,0.96186525,23
2369,2,2,0.03750478,0.9624952,23
2369,3,16,0.03621833,0.96378165,23
2369,4,8,0.036205493,0.9637945,23
2369,5,29,0.034745455,0.96525455,23
2370,1,9,0.03849732,0.9615027,23
2370,2,2,0.037923604,0.9620764,23
2370,3,8,0.036140166,0.96385986,23
2370,4,16,0.035761368,0.96423864,23
2370,5,1,0.03464219,0.9653578,23
2371,1,9,0.038371492,0.9616285,23
2371,2,2,0.03812138,0.9618786,23
2371,3,8,0.036123607,0.96387637,23
2371,4,16,0.035650786,0.9643492,23
2371,5,1,0.03480976,0.96519023,23
2372,1,9,0.037982527,0.9620175,23
2372,2,2,0.03750698,0.962493,23
2372,3,16,0.0363015,0.9636985,23
2372,4,8,0.03602143,0.9639786,23
2372,5,29,0.034920376,0.9650796,23
2373,1,9,0.038172368,0.96182764,23
2373,2,2,0.037507404,0.9624926,23
2373,3,16,0.036475692,0.9635243,23
2373,4,8,0.036038514,0.9639615,23
2373,5,29,0.034951314,0.9650487,23
2374,1,9,0.038328875,0.9616711,23
2374,2,2,0.037548874,0.9624511,23
2374,3,16,0.036209356,0.96379066,23
2374,4,8,0.03612841,0.9638716,23
2374,5,29,0.034773238,0.96522677,23
2375,1,9,0.03810659,0.96189344,23
2375,2,2,0.037765034,0.962235,23
2375,3,8,0.036333837,0.96366614,23
2375,4,16,0.03592213,0.9640779,23
2375,5,29,0.034947116,0.9650529,23
2376,1,9,0.0382376,0.9617624,23
2376,2,2,0.037936363,0.9620636,23
2376,3,8,0.036401868,0.96359813,23
2376,4,16,0.03593937,0.9640606,23
2376,5,1,0.034795817,0.9652042,23
2377,1,9,0.037960745,0.96203923,23
2377,2,2,0.037601646,0.96239835,23
2377,3,8,0.03647973,0.9635203,23
2377,4,16,0.03596358,0.9640364,23
2377,5,29,0.03503027,0.96496975,23
2378,1,9,0.03806745,0.96193254,23
2378,2,2,0.03751966,0.96248037,23
2378,3,16,0.036327202,0.9636728,23
2378,4,8,0.036204178,0.96379584,23
2378,5,29,0.03480825,0.9651917,23
2379,1,9,0.038392067,0.96160793,23
2379,2,2,0.037788335,0.96221167,23
2379,3,8,0.036052898,0.9639471,23
2379,4,16,0.035792075,0.96420795,23
2379,5,1,0.03471859,0.9652814,23
2380,1,9,0.03798945,0.96201056,23
2380,2,2,0.03740802,0.962592,23
2380,3,16,0.03642786,0.96357214,23
2380,4,8,0.036388274,0.9636117,23
2380,5,29,0.035230547,0.9647695,23
2381,1,9,0.0383651,0.9616349,23
2381,2,2,0.037666723,0.96233326,23
2381,3,16,0.036020547,0.9639795,23
2381,4,8,0.035983853,0.96401614,23
2381,5,29,0.034761623,0.9652384,23
2382,1,9,0.038151175,0.96184886,23
2382,2,2,0.03766314,0.96233684,23
2382,3,8,0.036399044,0.96360093,23
2382,4,16,0.036125902,0.9638741,23
2382,5,1,0.034877576,0.9651224,23
2383,1,9,0.038309895,0.9616901,23
2383,2,2,0.037320703,0.96267927,23
2383,3,8,0.036467448,0.96353257,23
2383,4,16,0.03611613,0.9638839,23
2383,5,29,0.034835562,0.9651644,23
2384,1,2,0.03810444,0.9618956,23
2384,2,9,0.03806242,0.9619376,23
2384,3,8,0.036113944,0.9638861,23
2384,4,16,0.0359108,0.9640892,23
2384,5,1,0.03497972,0.9650203,23
2385,1,9,0.03829507,0.9617049,23
2385,2,2,0.03787694,0.96212304,23
2385,3,8,0.036251336,0.9637487,23
2385,4,16,0.035685793,0.9643142,23
2385,5,1,0.035054393,0.9649456,23
2386,1,9,0.03835179,0.9616482,23
2386,2,2,0.037489098,0.9625109,23
2386,3,16,0.036362965,0.96363705,23
2386,4,8,0.035949048,0.96405095,23
2386,5,29,0.03473987,0.96526015,23
2387,1,9,0.038018096,0.9619819,23
2387,2,2,0.037594378,0.9624056,23
2387,3,8,0.036453344,0.96354663,23
2387,4,16,0.03609916,0.96390086,23
2387,5,1,0.034858737,0.96514124,23
2388,1,9,0.0382336,0.9617664,23
2388,2,2,0.03747137,0.96252865,23
2388,3,8,0.036375925,0.96362406,23
2388,4,16,0.036182802,0.9638172,23
2388,5,29,0.03487353,0.96512645,23
2389,1,9,0.038357183,0.9616428,23
2389,2,2,0.03793202,0.96206796,23
2389,3,8,0.03624067,0.9637593,23
2389,4,16,0.0358683,0.9641317,23
2389,5,1,0.03468512,0.96531487,23
2390,1,9,0.038062934,0.96193707,23
2390,2,2,0.03733031,0.9626697,23
2390,3,16,0.03650996,0.96349,23
2390,4,8,0.03629785,0.96370214,23
2390,5,29,0.034965694,0.9650343,23
2391,1,9,0.038465485,0.9615345,23
2391,2,2,0.03732403,0.962676,23
2391,3,16,0.036232043,0.96376795,23
2391,4,8,0.036197037,0.96380293,23
2391,5,29,0.034715082,0.96528494,23
2392,1,9,0.038115174,0.96188486,23
2392,2,2,0.037273463,0.96272653,23
2392,3,16,0.036507767,0.9634922,23
2392,4,8,0.036085777,0.9639142,23
2392,5,29,0.034807943,0.9651921,23
2393,1,9,0.03804471,0.9619553,23
2393,2,2,0.0379092,0.9620908,23
2393,3,8,0.036240958,0.96375906,23
2393,4,16,0.036025636,0.96397436,23
2393,5,29,0.034861077,0.9651389,23
2394,1,9,0.03828732,0.96171266,23
2394,2,2,0.037747547,0.96225244,23
2394,3,8,0.036190648,0.9638094,23
2394,4,16,0.036016535,0.9639835,23
2394,5,1,0.034736432,0.96526355,23
2395,1,9,0.038111202,0.9618888,23
2395,2,2,0.037467666,0.96253234,23
2395,3,16,0.03628864,0.9637114,23
2395,4,8,0.036076136,0.9639239,23
2395,5,29,0.034924977,0.965075,23
2396,1,9,0.038352843,0.96164715,23
2396,2,2,0.03747137,0.96252865,23
2396,3,16,0.03617939,0.96382064,23
2396,4,8,0.036086187,0.9639138,23
2396,5,29,0.034688246,0.96531177,23
2397,1,9,0.038439464,0.96156055,23
2397,2,2,0.03708789,0.9629121,23
2397,3,8,0.036368117,0.96363187,23
2397,4,16,0.036100764,0.96389925,23
2397,5,29,0.034848012,0.96515197,23
2398,1,9,0.038184304,0.9618157,23
2398,2,2,0.037788853,0.96221113,23
2398,3,8,0.036178425,0.9638216,23
2398,4,16,0.036045473,0.9639545,23
2398,5,29,0.034741182,0.96525884,23
2399,1,9,0.03791651,0.96208346,23
2399,2,2,0.03754954,0.96245044,23
2399,3,16,0.03648728,0.9635127,23
2399,4,8,0.036169607,0.9638304,23
2399,5,29,0.03483848,0.9651615,23
2400,1,9,0.038350344,0.96164966,23
2400,2,2,0.03779781,0.9622022,23
2400,3,8,0.036304273,0.9636957,23
2400,4,16,0.036024004,0.963976,23
2400,5,29,0.034729384,0.96527064,23
2401,1,9,0.03808842,0.96191156,23
2401,2,2,0.037872694,0.9621273,23
2401,3,8,0.03627278,0.96372724,23
2401,4,16,0.036011495,0.9639885,23
2401,5,29,0.03478769,0.9652123,23
2402,1,9,0.03811296,0.96188706,23
2402,2,2,0.03726554,0.96273446,23
2402,3,8,0.03632644,0.9636736,23
2402,4,16,0.036190603,0.9638094,23
2402,5,1,0.03496685,0.9650332,23
2403,1,9,0.03804376,0.96195626,23
2403,2,2,0.03751145,0.96248853,23
2403,3,8,0.036306217,0.9636938,23
2403,4,16,0.036175903,0.9638241,23
2403,5,29,0.03502285,0.96497715,23
2404,1,9,0.038403656,0.96159637,23
2404,2,2,0.037410196,0.9625898,23
2404,3,8,0.036318682,0.96368134,23
2404,4,16,0.0359792,0.9640208,23
2404,5,29,0.034767676,0.9652323,23
2405,1,9,0.038291886,0.9617081,23
2405,2,2,0.037840873,0.96215916,23
2405,3,8,0.03616488,0.9638351,23
2405,4,16,0.035999715,0.9640003,23
2405,5,29,0.03466256,0.96533746,23
2406,1,9,0.038248133,0.9617519,23
2406,2,2,0.037870545,0.9621295,23
2406,3,8,0.036161758,0.9638382,23
2406,4,16,0.036047123,0.9639529,23
2406,5,29,0.03477252,0.9652275,23
2407,1,9,0.038303245,0.96169674,23
2407,2,2,0.03792218,0.9620778,23
2407,3,8,0.036153376,0.9638466,23
2407,4,16,0.035797242,0.96420276,23
2407,5,1,0.034718998,0.965281,23
2408,1,9,0.038166355,0.96183366,23
2408,2,2,0.037761394,0.9622386,23
2408,3,16,0.03612364,0.96387637,23
2408,4,8,0.03599692,0.9640031,23
2408,5,29,0.034725823,0.96527416,23
2409,1,9,0.038400613,0.9615994,23
2409,2,2,0.037346,0.962654,23
2409,3,8,0.036334842,0.9636651,23
2409,4,16,0.036191665,0.96380836,23
2409,5,29,0.03477229,0.9652277,23
2410,1,9,0.038220353,0.96177965,23
2410,2,2,0.037628554,0.96237147,23
2410,3,8,0.03638391,0.9636161,23
2410,4,16,0.035975482,0.96402454,23
2410,5,29,0.034797244,0.96520275,23
2411,1,9,0.038078472,0.9619215,23
2411,2,2,0.037651878,0.9623481,23
2411,3,8,0.036273684,0.96372634,23
2411,4,16,0.036074083,0.9639259,23
2411,5,29,0.034939233,0.9650608,23
2412,1,9,0.03815112,0.96184886,23
2412,2,2,0.03778274,0.9622173,23
2412,3,8,0.036242142,0.9637579,23
2412,4,16,0.036040016,0.96396,23
2412,5,29,0.03479781,0.9652022,23
2413,1,9,0.038179357,0.96182066,23
2413,2,2,0.037255406,0.9627446,23
2413,3,16,0.036336966,0.96366304,23
2413,4,8,0.036109805,0.9638902,23
2413,5,29,0.03485036,0.96514964,23
2414,1,9,0.03855069,0.9614493,23
2414,2,2,0.03762246,0.96237755,23
2414,3,8,0.036160205,0.96383977,23
2414,4,16,0.0358967,0.9641033,23
2414,5,29,0.03462029,0.9653797,23
2415,1,9,0.037945002,0.96205497,23
2415,2,2,0.037546176,0.96245384,23
2415,3,8,0.036412247,0.96358776,23
2415,4,16,0.036230076,0.9637699,23
2415,5,29,0.03521286,0.9647871,23
2416,1,9,0.038580924,0.9614191,23
2416,2,2,0.037732564,0.96226746,23
2416,3,8,0.03609709,0.9639029,23
2416,4,16,0.03588268,0.9641173,23
2416,5,1,0.03472667,0.9652733,23
2417,1,9,0.0383215,0.9616785,23
2417,2,2,0.03751895,0.962481,23
2417,3,8,0.03629599,0.963704,23
2417,4,16,0.036111977,0.96388805,23
2417,5,1,0.03472068,0.96527934,23
2418,1,9,0.038463667,0.96153635,23
2418,2,2,0.03745829,0.9625417,23
2418,3,8,0.036210384,0.96378964,23
2418,4,16,0.035913687,0.9640863,23
2418,5,29,0.034713775,0.96528625,23
2419,1,9,0.037907023,0.962093,23
2419,2,2,0.037595842,0.96240413,23
2419,3,16,0.036392547,0.96360743,23
2419,4,8,0.03612462,0.96387535,23
2419,5,1,0.03481274,0.96518725,23
2420,1,9,0.038127013,0.961873,23
2420,2,2,0.037572637,0.9624274,23
2420,3,8,0.036369976,0.96363,23
2420,4,16,0.03598426,0.9640157,23
2420,5,29,0.034923308,0.9650767,23
2421,1,9,0.038186435,0.96181357,23
2421,2,2,0.03779684,0.96220315,23
2421,3,8,0.036301248,0.96369874,23
2421,4,16,0.03587013,0.96412987,23
2421,5,1,0.03481766,0.96518236,23
2422,1,9,0.038096238,0.96190375,23
2422,2,2,0.037890796,0.9621092,23
2422,3,8,0.036367282,0.9636327,23
2422,4,16,0.03581818,0.96418184,23
2422,5,1,0.03504249,0.96495754,23
2423,1,9,0.038086046,0.96191394,23
2423,2,2,0.03731443,0.9626856,23
2423,3,16,0.036384936,0.96361506,23
2423,4,8,0.036339227,0.9636608,23
2423,5,29,0.034940097,0.9650599,23
2424,1,9,0.03829254,0.9617075,23
2424,2,2,0.037331514,0.9626685,23
2424,3,8,0.03627253,0.9637275,23
2424,4,16,0.0362525,0.9637475,23
2424,5,29,0.034883,0.965117,23
2425,1,9,0.03840158,0.9615984,23
2425,2,2,0.03739645,0.96260357,23
2425,3,8,0.036267884,0.9637321,23
2425,4,16,0.035963222,0.96403676,23
2425,5,1,0.03485174,0.96514827,23
2426,1,9,0.038239338,0.96176064,23
2426,2,2,0.037454747,0.9625453,23
2426,3,8,0.03637666,0.96362334,23
2426,4,16,0.036069915,0.9639301,23
2426,5,29,0.03472572,0.9652743,23
2427,1,9,0.038045794,0.96195424,23
2427,2,2,0.037761442,0.96223855,23
2427,3,8,0.036227465,0.96377254,23
2427,4,16,0.036125153,0.9638748,23
2427,5,29,0.034808084,0.9651919,23
2428,1,9,0.038051806,0.9619482,23
2428,2,2,0.03774802,0.96225196,23
2428,3,8,0.036263302,0.9637367,23
2428,4,16,0.036016803,0.9639832,23
2428,5,29,0.03481514,0.96518487,23
2429,1,9,0.03803918,0.9619608,23
2429,2,2,0.037846837,0.96215314,23
2429,3,8,0.03624207,0.96375793,23
2429,4,16,0.03583432,0.9641657,23
2429,5,29,0.034877133,0.9651229,23
2430,1,9,0.03804314,0.96195686,23
2430,2,2,0.037315447,0.9626846,23
2430,3,16,0.036343582,0.9636564,23
2430,4,8,0.03614435,0.9638556,23
2430,5,29,0.03486049,0.9651395,23
2431,1,9,0.03813364,0.9618664,23
2431,2,2,0.03760048,0.96239954,23
2431,3,8,0.036512967,0.963487,23
2431,4,16,0.036017638,0.96398234,23
2431,5,29,0.03485078,0.9651492,23
2432,1,9,0.03810392,0.96189606,23
2432,2,2,0.037415855,0.96258414,23
2432,3,16,0.036285266,0.9637147,23
2432,4,8,0.036229063,0.9637709,23
2432,5,29,0.03483349,0.9651665,23
2433,1,9,0.03803162,0.96196836,23
2433,2,2,0.037675098,0.9623249,23
2433,3,8,0.036496863,0.9635031,23
2433,4,16,0.03595989,0.9640401,23
2433,5,29,0.034850787,0.9651492,23
2434,1,9,0.038191825,0.9618082,23
2434,2,2,0.03763969,0.9623603,23
2434,3,8,0.036336076,0.96366394,23
2434,4,16,0.036104407,0.9638956,23
2434,5,29,0.034741994,0.965258,23
2435,1,9,0.03786309,0.9621369,23
2435,2,2,0.037503917,0.9624961,23
2435,3,8,0.036333244,0.96366674,23
2435,4,16,0.0362632,0.9637368,23
2435,5,29,0.03484537,0.96515465,23
2436,1,9,0.03852433,0.9614757,23
2436,2,2,0.037255634,0.96274436,23
2436,3,16,0.03629334,0.9637067,23
2436,4,8,0.036196854,0.9638032,23
2436,5,29,0.0348084,0.9651916,23
2437,1,9,0.038300607,0.96169937,23
2437,2,2,0.03785207,0.96214795,23
2437,3,8,0.036171515,0.9638285,23
2437,4,16,0.036011077,0.9639889,23
2437,5,29,0.034595508,0.9654045,23
2438,1,9,0.038412098,0.9615879,23
2438,2,2,0.03754249,0.96245754,23
2438,3,8,0.036403082,0.96359694,23
2438,4,16,0.036095925,0.9639041,23
2438,5,29,0.034741946,0.96525806,23
2439,1,9,0.038407467,0.96159256,23
2439,2,2,0.037827622,0.9621724,23
2439,3,8,0.036247507,0.9637525,23
2439,4,16,0.03601887,0.96398115,23
2439,5,1,0.034714732,0.96528524,23
2440,1,9,0.038138214,0.9618618,23
2440,2,2,0.03779997,0.96220005,23
2440,3,8,0.03616893,0.96383107,23
2440,4,16,0.035959717,0.9640403,23
2440,5,29,0.034899686,0.9651003,23
2441,1,9,0.03820417,0.9617958,23
2441,2,2,0.037928045,0.96207196,23
2441,3,8,0.036154673,0.9638453,23
2441,4,16,0.035878565,0.96412146,23
2441,5,29,0.034796014,0.965204,23
2442,1,9,0.038135633,0.96186435,23
2442,2,2,0.03769254,0.96230745,23
2442,3,8,0.03641299,0.963587,23
2442,4,16,0.03588313,0.9641169,23
2442,5,29,0.03483415,0.96516585,23
2443,1,9,0.03813901,0.961861,23
2443,2,2,0.037395038,0.96260494,23
2443,3,16,0.036271676,0.9637283,23
2443,4,8,0.036265176,0.9637348,23
2443,5,29,0.034913793,0.9650862,23
2444,1,9,0.038045242,0.9619548,23
2444,2,2,0.03785605,0.96214396,23
2444,3,16,0.03606305,0.9639369,23
2444,4,8,0.03604791,0.96395206,23
2444,5,1,0.03487174,0.96512824,23
2445,1,9,0.038130835,0.9618692,23
2445,2,2,0.03737892,0.9626211,23
2445,3,16,0.036502514,0.96349746,23
2445,4,8,0.036216527,0.9637835,23
2445,5,29,0.034805723,0.9651943,23
2446,1,9,0.03834922,0.9616508,23
2446,2,2,0.037707,0.962293,23
2446,3,8,0.036391713,0.96360826,23
2446,4,16,0.035924636,0.9640754,23
2446,5,1,0.034731403,0.9652686,23
2447,1,9,0.038040414,0.9619596,23
2447,2,2,0.037429202,0.9625708,23
2447,3,16,0.0363598,0.9636402,23
2447,4,8,0.036334112,0.9636659,23
2447,5,29,0.034926184,0.9650738,23
2448,1,9,0.03808581,0.9619142,23
2448,2,2,0.03727755,0.9627224,23
2448,3,16,0.036390483,0.9636095,23
2448,4,8,0.036254056,0.96374595,23
2448,5,29,0.034977328,0.9650227,23
2449,1,9,0.03828239,0.9617176,23
2449,2,2,0.037920084,0.96207994,23
2449,3,16,0.035954766,0.9640452,23
2449,4,8,0.0358865,0.9641135,23
2449,5,29,0.034649134,0.96535087,23
2450,1,9,0.03850057,0.96149945,23
2450,2,2,0.037663564,0.9623364,23
2450,3,8,0.036132954,0.96386707,23
2450,4,16,0.035685983,0.96431404,23
2450,5,1,0.034810036,0.96518993,23
2451,1,9,0.03828981,0.9617102,23
2451,2,2,0.037460025,0.96254,23
2451,3,8,0.0362247,0.9637753,23
2451,4,16,0.03616276,0.96383727,23
2451,5,29,0.03483389,0.9651661,23
2452,1,9,0.038007792,0.9619922,23
2452,2,2,0.037508868,0.96249115,23
2452,3,16,0.03637012,0.9636299,23
2452,4,8,0.036225576,0.96377444,23
2452,5,29,0.034807537,0.96519244,23
2453,1,9,0.03820742,0.9617926,23
2453,2,2,0.037726868,0.9622731,23
2453,3,8,0.036293134,0.96370685,23
2453,4,16,0.036082476,0.9639175,23
2453,5,29,0.0347415,0.9652585,23
2454,1,9,0.038195465,0.9618045,23
2454,2,2,0.03756417,0.96243584,23
2454,3,8,0.036211014,0.963789,23
2454,4,16,0.03608331,0.96391666,23
2454,5,1,0.03475279,0.9652472,23
2455,1,9,0.038143475,0.96185654,23
2455,2,2,0.037768394,0.96223164,23
2455,3,8,0.036286,0.963714,23
2455,4,16,0.036086954,0.963913,23
2455,5,29,0.034818128,0.9651819,23
2456,1,9,0.03842517,0.96157485,23
2456,2,2,0.037192773,0.96280724,23
2456,3,16,0.03627855,0.96372145,23
2456,4,8,0.03606656,0.96393347,23
2456,5,29,0.03485696,0.965143,23
2457,1,9,0.038284853,0.96171516,23
2457,2,2,0.037894685,0.96210533,23
2457,3,8,0.036220096,0.9637799,23
2457,4,16,0.035858795,0.9641412,23
2457,5,1,0.03479554,0.9652045,23
2458,1,9,0.03816197,0.961838,23
2458,2,2,0.0372852,0.9627148,23
2458,3,16,0.036300275,0.9636997,23
2458,4,8,0.036288306,0.9637117,23
2458,5,29,0.034881588,0.9651184,23
2459,1,9,0.038194396,0.9618056,23
2459,2,2,0.0374962,0.9625038,23
2459,3,8,0.036233373,0.96376663,23
2459,4,16,0.036100537,0.9638995,23
2459,5,1,0.03473727,0.9652627,23
2460,1,9,0.038024515,0.96197546,23
2460,2,2,0.037594374,0.9624056,23
2460,3,8,0.036239088,0.9637609,23
2460,4,16,0.036228422,0.9637716,23
2460,5,29,0.03506334,0.9649367,23
2461,1,9,0.038235616,0.9617644,23
2461,2,2,0.037522998,0.962477,23
2461,3,8,0.03615482,0.9638452,23
2461,4,16,0.0358497,0.9641503,23
2461,5,1,0.034851104,0.9651489,23
2462,1,9,0.03809373,0.96190625,23
2462,2,2,0.037587892,0.9624121,23
2462,3,8,0.036364347,0.9636357,23
2462,4,16,0.03612141,0.9638786,23
2462,5,29,0.03487111,0.9651289,23
2463,1,9,0.038152043,0.96184796,23
2463,2,2,0.037771266,0.9622287,23
2463,3,8,0.036309727,0.9636903,23
2463,4,16,0.035847828,0.96415216,23
2463,5,1,0.034742318,0.9652577,23
2464,1,9,0.03817902,0.96182096,23
2464,2,2,0.037544202,0.9624558,23
2464,3,8,0.036368452,0.9636316,23
2464,4,16,0.036036782,0.9639632,23
2464,5,29,0.034926306,0.9650737,23
2465,1,9,0.038401697,0.9615983,23
2465,2,2,0.037914254,0.9620857,23
2465,3,8,0.036132205,0.9638678,23
2465,4,16,0.035744563,0.96425545,23
2465,5,1,0.03472026,0.96527976,23
2466,1,9,0.038202085,0.9617979,23
2466,2,2,0.03738485,0.96261513,23
2466,3,8,0.03625224,0.96374774,23
2466,4,16,0.03614432,0.9638557,23
2466,5,29,0.034823287,0.9651767,23
2467,1,9,0.03851201,0.961488,23
2467,2,2,0.03751048,0.96248955,23
2467,3,8,0.036208525,0.9637915,23
2467,4,16,0.03585876,0.96414125,23
2467,5,29,0.034699734,0.96530026,23
2468,1,9,0.038370833,0.96162915,23
2468,2,2,0.037815783,0.9621842,23
2468,3,8,0.036038917,0.96396106,23
2468,4,16,0.035917394,0.9640826,23
2468,5,1,0.03463542,0.9653646,23
2469,1,9,0.0382748,0.9617252,23
2469,2,2,0.037787538,0.96221244,23
2469,3,8,0.036099546,0.96390045,23
2469,4,16,0.035923317,0.9640767,23
2469,5,29,0.0348299,0.9651701,23
2470,1,9,0.038098596,0.9619014,23
2470,2,2,0.03762264,0.96237737,23
2470,3,8,0.036321,0.963679,23
2470,4,16,0.036132015,0.96386796,23
2470,5,29,0.034823935,0.96517605,23
2471,1,9,0.038228024,0.96177197,23
2471,2,2,0.03746432,0.9625357,23
2471,3,16,0.036232356,0.96376765,23
2471,4,8,0.036164414,0.9638356,23
2471,5,29,0.034936097,0.9650639,23
2472,1,9,0.03813544,0.9618646,23
2472,2,2,0.03764427,0.96235573,23
2472,3,16,0.03620076,0.96379924,23
2472,4,8,0.036171425,0.96382856,23
2472,5,29,0.034613688,0.96538633,23
2473,1,9,0.038226217,0.96177375,23
2473,2,2,0.037202388,0.96279764,23
2473,3,8,0.03634103,0.963659,23
2473,4,16,0.036169376,0.96383065,23
2473,5,29,0.03483906,0.96516097,23
2474,1,9,0.038189728,0.9618103,23
2474,2,2,0.037560895,0.9624391,23
2474,3,8,0.0362093,0.9637907,23
2474,4,16,0.036122303,0.9638777,23
2474,5,1,0.034765158,0.9652348,23
2475,1,9,0.03838028,0.96161973,23
2475,2,2,0.037600413,0.9623996,23
2475,3,8,0.0361735,0.9638265,23
2475,4,16,0.036044907,0.9639551,23
2475,5,29,0.034627415,0.96537256,23
2476,1,9,0.038256,0.961744,23
2476,2,2,0.038130928,0.96186906,23
2476,3,8,0.036132284,0.9638677,23
2476,4,16,0.03583257,0.9641674,23
2476,5,1,0.034776576,0.96522343,23
2477,1,9,0.038242172,0.96175784,23
2477,2,2,0.037800465,0.9621995,23
2477,3,8,0.03617931,0.9638207,23
2477,4,16,0.036104836,0.96389514,23
2477,5,29,0.03466169,0.9653383,23
2478,1,9,0.03806875,0.9619312,23
2478,2,2,0.037728235,0.96227175,23
2478,3,8,0.03630495,0.96369505,23
2478,4,16,0.036023155,0.96397686,23
2478,5,1,0.035023928,0.9649761,23
2479,1,9,0.038302254,0.96169776,23
2479,2,2,0.03777412,0.96222585,23
2479,3,8,0.03633331,0.9636667,23
2479,4,16,0.035889957,0.96411,23
2479,5,1,0.034803733,0.96519625,23
2480,1,9,0.038409874,0.9615901,23
2480,2,2,0.03756556,0.9624344,23
2480,3,8,0.03619703,0.963803,23
2480,4,16,0.03592787,0.9640721,23
2480,5,29,0.03468779,0.9653122,23
2481,1,9,0.03810121,0.9618988,23
2481,2,2,0.037527706,0.9624723,23
2481,3,8,0.036257837,0.96374214,23
2481,4,16,0.036230896,0.9637691,23
2481,5,29,0.03479496,0.965205,23
2482,1,9,0.037942152,0.9620578,23
2482,2,2,0.037667975,0.962332,23
2482,3,8,0.03634336,0.96365666,23
2482,4,16,0.03614555,0.96385443,23
2482,5,29,0.03494273,0.96505725,23
2483,1,9,0.038016252,0.96198374,23
2483,2,2,0.037348893,0.96265113,23
2483,3,16,0.036437083,0.9635629,23
2483,4,8,0.036171757,0.96382827,23
2483,5,29,0.03484625,0.96515375,23
2484,1,9,0.03843188,0.9615681,23
2484,2,2,0.0377415,0.9622585,23
2484,3,8,0.036205728,0.9637943,23
2484,4,16,0.03597631,0.9640237,23
2484,5,1,0.034543537,0.9654565,23
2485,1,9,0.038502343,0.96149766,23
2485,2,2,0.038056057,0.9619439,23
2485,3,8,0.035906743,0.96409327,23
2485,4,16,0.03581284,0.96418715,23
2485,5,1,0.034580708,0.9654193,23
2486,1,9,0.038244013,0.961756,23
2486,2,2,0.037952337,0.96204764,23
2486,3,8,0.036030576,0.9639694,23
2486,4,16,0.03578531,0.9642147,23
2486,5,1,0.0348118,0.9651882,23
2487,1,9,0.038155627,0.9618444,23
2487,2,2,0.03761476,0.96238524,23
2487,3,8,0.036219824,0.96378016,23
2487,4,16,0.036070753,0.96392924,23
2487,5,29,0.034860518,0.9651395,23
2488,1,9,0.038247615,0.9617524,23
2488,2,2,0.037728433,0.9622716,23
2488,3,8,0.036162194,0.9638378,23
2488,4,16,0.03605219,0.96394783,23
2488,5,1,0.034710094,0.9652899,23
2489,1,9,0.03805733,0.9619427,23
2489,2,2,0.037862863,0.96213716,23
2489,3,8,0.03627544,0.96372455,23
2489,4,16,0.03600815,0.9639919,23
2489,5,1,0.035015535,0.9649845,23
2490,1,9,0.038372967,0.961627,23
2490,2,2,0.03808895,0.961911,23
2490,3,8,0.036282893,0.9637171,23
2490,4,16,0.03571292,0.9642871,23
2490,5,1,0.034792304,0.9652077,23
2491,1,9,0.038095895,0.9619041,23
2491,2,2,0.0378168,0.9621832,23
2491,3,8,0.036418024,0.963582,23
2491,4,16,0.03590319,0.9640968,23
2491,5,1,0.034795787,0.96520424,23
2492,1,9,0.03834286,0.96165717,23
2492,2,2,0.037904497,0.9620955,23
2492,3,8,0.03636087,0.96363914,23
2492,4,16,0.03591287,0.9640871,23
2492,5,1,0.034718577,0.9652814,23
2493,1,9,0.03809573,0.9619043,23
2493,2,2,0.03749166,0.9625083,23
2493,3,8,0.03629645,0.9637036,23
2493,4,16,0.035939854,0.9640601,23
2493,5,1,0.034880035,0.96511996,23
2494,1,9,0.038100634,0.96189934,23
2494,2,2,0.03764891,0.9623511,23
2494,3,8,0.03616272,0.96383727,23
2494,4,16,0.036105454,0.96389455,23
2494,5,29,0.03487113,0.9651289,23
2495,1,9,0.03838919,0.9616108,23
2495,2,2,0.037522536,0.96247745,23
2495,3,16,0.03618383,0.96381617,23
2495,4,8,0.036115132,0.9638849,23
2495,5,29,0.03472719,0.9652728,23
2496,1,9,0.038333613,0.9616664,23
2496,2,2,0.037773646,0.96222633,23
2496,3,8,0.036297604,0.9637024,23
2496,4,16,0.035757802,0.9642422,23
2496,5,1,0.034820154,0.96517986,23
2497,1,9,0.038118888,0.9618811,23
2497,2,2,0.037627663,0.96237236,23
2497,3,8,0.036213722,0.9637863,23
2497,4,16,0.036028985,0.963971,23
2497,5,29,0.034875568,0.9651244,23
2498,1,9,0.03820097,0.961799,23
2498,2,2,0.037799563,0.96220046,23
2498,3,8,0.036206402,0.9637936,23
2498,4,16,0.035825357,0.9641746,23
2498,5,1,0.0349245,0.9650755,23
2499,1,9,0.038280476,0.9617195,23
2499,2,2,0.037834045,0.96216595,23
2499,3,8,0.036376737,0.9636233,23
2499,4,16,0.03580641,0.9641936,23
2499,5,1,0.034775358,0.9652246,23
2500,1,9,0.03840657,0.96159345,23
2500,2,2,0.03773323,0.96226674,23
2500,3,8,0.036177777,0.96382225,23
2500,4,16,0.035975803,0.9640242,23
2500,5,1,0.03470806,0.9652919,23
2501,1,9,0.03819785,0.9618021,23
2501,2,2,0.037737563,0.96226245,23
2501,3,8,0.036312148,0.96368784,23
2501,4,16,0.0359696,0.9640304,23
2501,5,29,0.03481037,0.96518964,23
2502,1,9,0.038094085,0.9619059,23
2502,2,2,0.037750404,0.9622496,23
2502,3,8,0.036160544,0.9638395,23
2502,4,16,0.03610696,0.96389306,23
2502,5,29,0.034951575,0.96504843,23
2503,1,9,0.038019486,0.9619805,23
2503,2,2,0.03798534,0.9620147,23
2503,3,8,0.036323253,0.96367675,23
2503,4,16,0.03592267,0.96407735,23
2503,5,1,0.03488322,0.9651168,23
2504,1,9,0.038131252,0.96186876,23
2504,2,2,0.03733311,0.96266687,23
2504,3,8,0.03634039,0.9636596,23
2504,4,16,0.03627618,0.96372384,23
2504,5,29,0.035136268,0.9648637,23
2505,1,9,0.038312193,0.9616878,23
2505,2,2,0.037479047,0.96252096,23
2505,3,16,0.036156103,0.9638439,23
2505,4,8,0.036140878,0.96385914,23
2505,5,29,0.03485587,0.96514416,23
2506,1,9,0.03832234,0.9616777,23
2506,2,2,0.03771838,0.96228164,23
2506,3,8,0.036313448,0.9636865,23
2506,4,16,0.035878208,0.9641218,23
2506,5,29,0.034652755,0.96534723,23
2507,1,9,0.038085513,0.9619145,23
2507,2,2,0.037609003,0.962391,23
2507,3,8,0.036245372,0.96375465,23
2507,4,16,0.036049183,0.9639508,23
2507,5,29,0.034741256,0.9652587,23
2508,1,9,0.038094204,0.9619058,23
2508,2,2,0.03763883,0.96236116,23
2508,3,8,0.03622428,0.9637757,23
2508,4,16,0.036210164,0.9637898,23
2508,5,1,0.034817144,0.96518284,23
2509,1,9,0.037920546,0.96207947,23
2509,2,2,0.03765759,0.9623424,23
2509,3,16,0.036371052,0.96362895,23
2509,4,8,0.036254246,0.9637458,23
2509,5,29,0.034907263,0.9650927,23
2510,1,9,0.038225,0.961775,23
2510,2,2,0.037578136,0.9624219,23
2510,3,8,0.036278363,0.96372163,23
2510,4,16,0.036165994,0.963834,23
2510,5,29,0.034854706,0.9651453,23
2511,1,9,0.03834016,0.96165985,23
2511,2,2,0.037476823,0.96252316,23
2511,3,8,0.036210086,0.96378994,23
2511,4,16,0.03593701,0.964063,23
2511,5,29,0.034741085,0.9652589,23
2512,1,9,0.03843432,0.9615657,23
2512,2,2,0.037471235,0.96252877,23
2512,3,8,0.036233164,0.9637668,23
2512,4,16,0.0359593,0.9640407,23
2512,5,29,0.034756277,0.9652437,23
2513,1,9,0.038302932,0.96169704,23
2513,2,2,0.037426203,0.96257377,23
2513,3,8,0.036325067,0.9636749,23
2513,4,16,0.03600089,0.9639991,23
2513,5,1,0.03475247,0.9652475,23
2514,1,9,0.038026266,0.9619737,23
2514,2,2,0.0375949,0.9624051,23
2514,3,8,0.036202405,0.96379757,23
2514,4,16,0.03616249,0.9638375,23
2514,5,1,0.03481164,0.9651884,23
2515,1,9,0.038341437,0.96165854,23
2515,2,2,0.037258085,0.9627419,23
2515,3,16,0.036267374,0.9637326,23
2515,4,8,0.036180202,0.9638198,23
2515,5,29,0.034813337,0.96518666,23
2516,1,9,0.038016833,0.96198314,23
2516,2,2,0.037466016,0.962534,23
2516,3,8,0.03639746,0.96360254,23
2516,4,16,0.036092844,0.9639072,23
2516,5,29,0.03477615,0.96522385,23
2517,1,9,0.03865242,0.9613476,23
2517,2,2,0.037972596,0.96202743,23
2517,3,8,0.035909835,0.96409017,23
2517,4,16,0.035730585,0.9642694,23
2517,5,18,0.03477084,0.96522915,23
2518,1,9,0.038170967,0.961829,23
2518,2,2,0.037486766,0.9625132,23
2518,3,8,0.036308404,0.9636916,23
2518,4,16,0.03616563,0.96383435,23
2518,5,29,0.034795817,0.9652042,23
2519,1,9,0.038888,0.961112,23
2519,2,2,0.037638474,0.9623615,23
2519,3,8,0.036081173,0.9639188,23
2519,4,16,0.035833403,0.9641666,23
2519,5,18,0.034752626,0.9652474,23
2520,1,9,0.038169216,0.9618308,23
2520,2,2,0.03753079,0.9624692,23
2520,3,8,0.036309198,0.9636908,23
2520,4,16,0.036023892,0.9639761,23
2520,5,29,0.03494583,0.96505415,23
2521,1,9,0.038601857,0.9613981,23
2521,2,2,0.037655305,0.9623447,23
2521,3,8,0.036091432,0.96390855,23
2521,4,16,0.035951346,0.9640486,23
2521,5,29,0.034598067,0.96540195,23
2522,1,9,0.038141873,0.96185815,23
2522,2,2,0.037846114,0.9621539,23
2522,3,8,0.03623745,0.9637625,23
2522,4,16,0.035945516,0.96405447,23
2522,5,29,0.03479534,0.96520466,23
2523,1,9,0.0382347,0.9617653,23
2523,2,2,0.03750976,0.96249026,23
2523,3,16,0.036280815,0.9637192,23
2523,4,8,0.036138352,0.96386164,23
2523,5,1,0.034717847,0.96528214,23
2524,1,9,0.03814081,0.96185917,23
2524,2,2,0.037528798,0.9624712,23
2524,3,8,0.036238283,0.9637617,23
2524,4,16,0.036094192,0.9639058,23
2524,5,1,0.03480878,0.96519125,23
2525,1,9,0.038099095,0.9619009,23
2525,2,2,0.037344858,0.9626551,23
2525,3,16,0.036381744,0.9636183,23
2525,4,8,0.036345735,0.9636543,23
2525,5,29,0.034811072,0.9651889,23
2526,1,9,0.03821744,0.9617826,23
2526,2,2,0.037476417,0.9625236,23
2526,3,8,0.036322102,0.9636779,23
2526,4,16,0.036094125,0.9639059,23
2526,5,29,0.035021346,0.96497864,23
2527,1,9,0.038396206,0.9616038,23
2527,2,2,0.037578627,0.96242136,23
2527,3,8,0.03636326,0.96363676,23
2527,4,16,0.035779823,0.96422017,23
2527,5,1,0.03497645,0.9650236,23
2528,1,9,0.03833387,0.9616661,23
2528,2,2,0.03794006,0.9620599,23
2528,3,8,0.036366887,0.9636331,23
2528,4,16,0.0356829,0.9643171,23
2528,5,1,0.034962047,0.96503794,23
2529,1,9,0.038242456,0.96175754,23
2529,2,2,0.037618063,0.96238196,23
2529,3,8,0.036258932,0.96374106,23
2529,4,16,0.03598687,0.9640131,23
2529,5,1,0.034674346,0.96532565,23
2530,1,9,0.03826652,0.96173346,23
2530,2,2,0.037946325,0.96205366,23
2530,3,8,0.036137935,0.96386206,23
2530,4,16,0.0357502,0.9642498,23
2530,5,1,0.034727313,0.96527267,23
2531,1,9,0.03814881,0.9618512,23
2531,2,2,0.037428554,0.96257144,23
2531,3,16,0.036240138,0.96375984,23
2531,4,8,0.03621651,0.9637835,23
2531,5,29,0.034776933,0.9652231,23
2532,1,9,0.038285673,0.9617143,23
2532,2,2,0.037686717,0.9623133,23
2532,3,8,0.036220174,0.9637798,23
2532,4,16,0.035790205,0.9642098,23
2532,5,1,0.034795552,0.9652045,23
2533,1,9,0.03825858,0.96174145,23
2533,2,2,0.037605148,0.96239483,23
2533,3,16,0.036369517,0.9636305,23
2533,4,8,0.035968952,0.96403104,23
2533,5,29,0.034778655,0.96522135,23
2534,1,9,0.03817734,0.9618226,23
2534,2,2,0.037688594,0.9623114,23
2534,3,8,0.036194824,0.9638052,23
2534,4,16,0.03612331,0.96387666,23
2534,5,1,0.03474229,0.9652577,23
2535,1,9,0.038586218,0.9614138,23
2535,2,2,0.03780391,0.9621961,23
2535,3,8,0.035958048,0.96404195,23
2535,4,16,0.035951495,0.9640485,23
2535,5,18,0.0345753,0.9654247,23
2536,1,9,0.0380547,0.9619453,23
2536,2,2,0.037956003,0.962044,23
2536,3,8,0.03617872,0.9638213,23
2536,4,16,0.03575684,0.9642432,23
2536,5,1,0.034867242,0.9651328,23
2537,1,9,0.03818162,0.9618184,23
2537,2,2,0.037406392,0.9625936,23
2537,3,16,0.03630588,0.9636941,23
2537,4,8,0.03611848,0.9638815,23
2537,5,29,0.034738205,0.9652618,23
2538,1,9,0.038369335,0.96163064,23
2538,2,2,0.037129406,0.9628706,23
2538,3,16,0.036302444,0.96369755,23
2538,4,8,0.03619468,0.9638053,23
2538,5,29,0.03495624,0.9650438,23
2539,1,9,0.03819326,0.9618067,23
2539,2,2,0.03750634,0.96249366,23
2539,3,16,0.036271255,0.9637287,23
2539,4,8,0.036012426,0.9639876,23
2539,5,29,0.034785047,0.96521497,23
2540,1,9,0.038195603,0.9618044,23
2540,2,2,0.037503313,0.9624967,23
2540,3,8,0.03618282,0.9638172,23
2540,4,16,0.036153253,0.96384674,23
2540,5,1,0.034842808,0.9651572,23
2541,1,9,0.038194615,0.9618054,23
2541,2,2,0.037582558,0.9624174,23
2541,3,8,0.036435343,0.96356463,23
2541,4,16,0.035974685,0.9640253,23
2541,5,29,0.034859374,0.96514064,23
2542,1,9,0.03820514,0.96179485,23
2542,2,2,0.037507165,0.9624928,23
2542,3,8,0.036197424,0.9638026,23
2542,4,16,0.036161643,0.96383834,23
2542,5,29,0.03473587,0.96526414,23
2543,1,9,0.038143087,0.9618569,23
2543,2,2,0.03786622,0.96213377,23
2543,3,8,0.036293734,0.96370625,23
2543,4,16,0.03583385,0.96416616,23
2543,5,1,0.034811195,0.9651888,23
2544,1,9,0.038260993,0.961739,23
2544,2,2,0.037301756,0.9626982,23
2544,3,8,0.036364593,0.9636354,23
2544,4,16,0.036035582,0.9639644,23
2544,5,29,0.034798585,0.96520144,23
2545,1,9,0.03831126,0.96168876,23
2545,2,2,0.037857324,0.9621427,23
2545,3,8,0.036246564,0.96375346,23
2545,4,16,0.03586477,0.9641352,23
2545,5,1,0.03465026,0.96534973,23
2546,1,9,0.03816085,0.96183914,23
2546,2,2,0.037670393,0.9623296,23
2546,3,8,0.036246877,0.9637531,23
2546,4,16,0.036008872,0.9639911,23
2546,5,1,0.034770995,0.96522903,23
2547,1,9,0.038496885,0.9615031,23
2547,2,2,0.037499163,0.9625008,23
2547,3,8,0.036280774,0.96371925,23
2547,4,16,0.03585035,0.96414965,23
2547,5,1,0.034754556,0.9652454,23
2548,1,9,0.038380478,0.9616195,23
2548,2,2,0.03740794,0.96259207,23
2548,3,8,0.03630586,0.96369416,23
2548,4,16,0.0360544,0.9639456,23
2548,5,29,0.03475248,0.9652475,23
2549,1,9,0.038323663,0.96167636,23
2549,2,2,0.037937675,0.9620623,23
2549,3,8,0.036142044,0.96385795,23
2549,4,16,0.035950243,0.96404976,23
2549,5,1,0.034774903,0.9652251,23
2550,1,9,0.038284082,0.96171594,23
2550,2,2,0.037747342,0.9622527,23
2550,3,8,0.036148045,0.9638519,23
2550,4,16,0.03583041,0.9641696,23
2550,5,1,0.034747016,0.965253,23
2551,1,9,0.038748898,0.9612511,23
2551,2,2,0.03779144,0.96220857,23
2551,3,8,0.035972174,0.9640278,23
2551,4,16,0.035912,0.964088,23
2551,5,18,0.03461075,0.96538925,23
2552,1,9,0.038225625,0.96177435,23
2552,2,2,0.037477084,0.9625229,23
2552,3,16,0.036314648,0.96368533,23
2552,4,8,0.036303066,0.96369696,23
2552,5,1,0.035019476,0.96498054,23
2553,1,9,0.038555335,0.9614447,23
2553,2,2,0.037420858,0.96257913,23
2553,3,8,0.036295053,0.96370494,23
2553,4,16,0.035904307,0.9640957,23
2553,5,1,0.034722082,0.9652779,23
2554,1,9,0.03857841,0.9614216,23
2554,2,2,0.037786126,0.9622139,23
2554,3,8,0.035971686,0.9640283,23
2554,4,16,0.03590487,0.9640951,23
2554,5,18,0.03459773,0.96540225,23
2555,1,9,0.038136616,0.9618634,23
2555,2,2,0.037417803,0.9625822,23
2555,3,8,0.036246598,0.9637534,23
2555,4,16,0.036245745,0.96375424,23
2555,5,29,0.034867115,0.9651329,23
2556,1,9,0.038438473,0.9615615,23
2556,2,2,0.037250124,0.9627499,23
2556,3,16,0.03624609,0.96375394,23
2556,4,8,0.036094718,0.9639053,23
2556,5,29,0.034726337,0.9652737,23
2557,1,9,0.03834164,0.96165836,23
2557,2,2,0.037440546,0.96255946,23
2557,3,8,0.036293786,0.9637062,23
2557,4,16,0.036095742,0.96390426,23
2557,5,29,0.034862448,0.96513754,23
2558,1,9,0.038213477,0.9617865,23
2558,2,2,0.03753701,0.962463,23
2558,3,8,0.036343213,0.9636568,23
2558,4,16,0.036083587,0.9639164,23
2558,5,29,0.034900572,0.96509945,23
2559,1,9,0.038054768,0.96194524,23
2559,2,2,0.037701074,0.9622989,23
2559,3,8,0.03623301,0.963767,23
2559,4,16,0.035854388,0.9641456,23
2559,5,1,0.03506126,0.96493876,23
2560,1,9,0.038266502,0.9617335,23
2560,2,2,0.0374417,0.96255827,23
2560,3,8,0.036273643,0.96372634,23
2560,4,16,0.036035895,0.9639641,23
2560,5,1,0.034843747,0.96515626,23
2561,1,9,0.038241882,0.96175814,23
2561,2,2,0.037804462,0.9621955,23
2561,3,8,0.036225498,0.9637745,23
2561,4,16,0.03592506,0.96407497,23
2561,5,1,0.034773532,0.9652265,23
2562,1,9,0.038474757,0.96152526,23
2562,2,2,0.037670914,0.9623291,23
2562,3,8,0.036194786,0.9638052,23
2562,4,16,0.0359202,0.9640798,23
2562,5,29,0.034641646,0.9653584,23
2563,1,9,0.038483024,0.961517,23
2563,2,2,0.03762384,0.9623762,23
2563,3,16,0.036131844,0.96386814,23
2563,4,8,0.036034934,0.96396506,23
2563,5,29,0.03465768,0.96534234,23
2564,1,9,0.03823575,0.9617643,23
2564,2,2,0.03774558,0.9622544,23
2564,3,8,0.036431078,0.9635689,23
2564,4,16,0.03597665,0.96402335,23
2564,5,29,0.034833606,0.9651664,23
2565,1,2,0.03787059,0.9621294,23
2565,2,9,0.03786635,0.96213365,23
2565,3,16,0.036158904,0.9638411,23
2565,4,8,0.0361413,0.9638587,23
2565,5,29,0.035075832,0.96492416,23
2566,1,9,0.038379166,0.9616208,23
2566,2,2,0.037741173,0.9622588,23
2566,3,8,0.03610692,0.96389306,23
2566,4,16,0.035985205,0.96401477,23
2566,5,29,0.03479298,0.96520704,23
2567,1,9,0.038432796,0.9615672,23
2567,2,2,0.037489314,0.9625107,23
2567,3,16,0.03626461,0.9637354,23
2567,4,8,0.035986308,0.9640137,23
2567,5,29,0.03485022,0.96514976,23
2568,1,9,0.038381256,0.9616187,23
2568,2,2,0.03751536,0.96248466,23
2568,3,8,0.036138326,0.9638617,23
2568,4,16,0.03612739,0.9638726,23
2568,5,29,0.034654,0.965346,23
2569,1,9,0.038105343,0.96189463,23
2569,2,2,0.03763366,0.96236634,23
2569,3,8,0.03630981,0.96369016,23
2569,4,16,0.03605244,0.96394753,23
2569,5,29,0.034821253,0.9651787,23
2570,1,9,0.038315706,0.9616843,23
2570,2,2,0.037382685,0.96261734,23
2570,3,16,0.036237285,0.9637627,23
2570,4,8,0.0361814,0.9638186,23
2570,5,29,0.034851972,0.96514803,23
2571,1,9,0.03809785,0.96190214,23
2571,2,2,0.03732821,0.9626718,23
2571,3,16,0.036467593,0.9635324,23
2571,4,8,0.03619125,0.9638088,23
2571,5,29,0.034836214,0.96516377,23
2572,1,9,0.038145322,0.9618547,23
2572,2,2,0.037501123,0.9624989,23
2572,3,16,0.036294736,0.96370524,23
2572,4,8,0.036194567,0.96380544,23
2572,5,29,0.034704335,0.9652957,23
2573,1,9,0.038216226,0.96178377,23
2573,2,2,0.037319183,0.9626808,23
2573,3,16,0.03629957,0.9637004,23
2573,4,8,0.036203217,0.9637968,23
2573,5,29,0.03474344,0.9652566,23
2574,1,9,0.038175635,0.96182436,23
2574,2,2,0.03750323,0.96249676,23
2574,3,8,0.036275424,0.96372455,23
2574,4,16,0.036119472,0.96388054,23
2574,5,1,0.034862988,0.965137,23
2575,1,9,0.038653065,0.9613469,23
2575,2,2,0.03781553,0.9621845,23
2575,3,16,0.036007214,0.9639928,23
2575,4,8,0.035968468,0.9640315,23
2575,5,29,0.03451072,0.96548927,23
2576,1,9,0.038245946,0.9617541,23
2576,2,2,0.038083926,0.9619161,23
2576,3,8,0.036177352,0.96382266,23
2576,4,16,0.035816025,0.964184,23
2576,5,1,0.03475053,0.9652495,23
2577,1,9,0.038270704,0.9617293,23
2577,2,2,0.038097307,0.9619027,23
2577,3,8,0.03613465,0.96386534,23
2577,4,16,0.035817374,0.9641826,23
2577,5,1,0.034695517,0.9653045,23
2578,1,9,0.03793637,0.9620636,23
2578,2,2,0.03755426,0.96244574,23
2578,3,16,0.036227066,0.96377295,23
2578,4,8,0.036208455,0.96379155,23
2578,5,29,0.034831364,0.96516865,23
2579,1,9,0.03826584,0.9617342,23
2579,2,2,0.037814066,0.9621859,23
2579,3,8,0.03619988,0.96380013,23
2579,4,16,0.035870817,0.9641292,23
2579,5,29,0.03474809,0.9652519,23
2580,1,9,0.03789923,0.96210074,23
2580,2,2,0.037512936,0.96248704,23
2580,3,8,0.036443874,0.9635561,23
2580,4,16,0.036076427,0.9639236,23
2580,5,29,0.034972493,0.9650275,23
2581,1,9,0.038086455,0.9619135,23
2581,2,2,0.037721325,0.96227866,23
2581,3,8,0.03615911,0.9638409,23
2581,4,16,0.036119558,0.9638804,23
2581,5,29,0.034800593,0.9651994,23
2582,1,9,0.038362145,0.96163785,23
2582,2,2,0.037617944,0.9623821,23
2582,3,8,0.036140922,0.9638591,23
2582,4,16,0.03591445,0.9640856,23
2582,5,1,0.03462319,0.9653768,23
2583,1,9,0.038148142,0.96185184,23
2583,2,2,0.037585888,0.9624141,23
2583,3,8,0.03648449,0.9635155,23
2583,4,16,0.035947107,0.9640529,23
2583,5,1,0.0349001,0.96509993,23
2584,1,9,0.03819939,0.96180063,23
2584,2,2,0.037658703,0.9623413,23
2584,3,16,0.036183506,0.9638165,23
2584,4,8,0.03612447,0.96387553,23
2584,5,29,0.034874003,0.965126,23
2585,1,9,0.038440924,0.96155906,23
2585,2,2,0.037747268,0.96225274,23
2585,3,8,0.036073525,0.9639265,23
2585,4,16,0.0359883,0.96401167,23
2585,5,29,0.03465371,0.9653463,23
2586,1,9,0.038369592,0.9616304,23
2586,2,2,0.037817787,0.9621822,23
2586,3,8,0.036266908,0.9637331,23
2586,4,16,0.03599501,0.964005,23
2586,5,29,0.034648918,0.9653511,23
2587,1,9,0.03795132,0.96204865,23
2587,2,2,0.037682272,0.9623177,23
2587,3,16,0.03632262,0.9636774,23
2587,4,8,0.036091156,0.96390885,23
2587,5,29,0.034873087,0.96512693,23
2588,1,9,0.037923265,0.9620767,23
2588,2,2,0.0377622,0.9622378,23
2588,3,8,0.036434744,0.96356523,23
2588,4,16,0.036104746,0.96389526,23
2588,5,29,0.034894127,0.9651059,23
2589,1,9,0.03858662,0.9614134,23
2589,2,2,0.037849106,0.9621509,23
2589,3,8,0.035964288,0.9640357,23
2589,4,16,0.035728943,0.96427107,23
2589,5,18,0.034653373,0.96534663,23
2590,1,9,0.038111445,0.96188855,23
2590,2,2,0.037460662,0.9625393,23
2590,3,16,0.03625311,0.9637469,23
2590,4,8,0.036137145,0.96386284,23
2590,5,29,0.034979187,0.96502084,23
2591,1,9,0.038239986,0.96176004,23
2591,2,2,0.037907846,0.96209216,23
2591,3,8,0.036268074,0.96373194,23
2591,4,16,0.036002163,0.96399784,23
2591,5,1,0.034816355,0.9651836,23
2592,1,9,0.038027722,0.9619723,23
2592,2,2,0.037690774,0.96230924,23
2592,3,8,0.036297154,0.96370286,23
2592,4,16,0.0362025,0.9637975,23
2592,5,29,0.034798447,0.96520156,23
2593,1,9,0.03815149,0.9618485,23
2593,2,2,0.03746458,0.96253544,23
2593,3,8,0.036296684,0.96370333,23
2593,4,16,0.03613715,0.96386284,23
2593,5,1,0.034809247,0.96519077,23
2594,1,9,0.038485266,0.9615147,23
2594,2,2,0.03751655,0.96248347,23
2594,3,8,0.03621084,0.96378917,23
2594,4,16,0.03594373,0.96405625,23
2594,5,1,0.034659274,0.96534073,23
2595,1,9,0.038005155,0.9619948,23
2595,2,2,0.037417304,0.9625827,23
2595,3,16,0.03657522,0.9634248,23
2595,4,8,0.036195084,0.9638049,23
2595,5,29,0.034906194,0.9650938,23
2596,1,9,0.038046215,0.96195376,23
2596,2,2,0.037356514,0.9626435,23
2596,3,16,0.03631773,0.9636823,23
2596,4,8,0.036264487,0.9637355,23
2596,5,29,0.034991313,0.9650087,23
2597,1,9,0.038164753,0.96183527,23
2597,2,2,0.03748714,0.96251285,23
2597,3,16,0.036214832,0.9637852,23
2597,4,8,0.03601056,0.96398944,23
2597,5,29,0.034835886,0.9651641,23
2598,1,9,0.038534008,0.961466,23
2598,2,2,0.03786902,0.96213096,23
2598,3,8,0.036178008,0.963822,23
2598,4,16,0.035693973,0.964306,23
2598,5,1,0.034674853,0.9653251,23
2599,1,9,0.0379508,0.9620492,23
2599,2,2,0.037469245,0.96253073,23
2599,3,8,0.036395118,0.96360487,23
2599,4,16,0.036351625,0.9636484,23
2599,5,29,0.034855578,0.9651444,23
2600,1,9,0.03831664,0.96168333,23
2600,2,2,0.03783928,0.9621607,23
2600,3,8,0.03636522,0.9636348,23
2600,4,16,0.035987932,0.9640121,23
2600,5,29,0.034715243,0.96528476,23
2601,1,9,0.03839011,0.9616099,23
2601,2,2,0.037673105,0.9623269,23
2601,3,8,0.0362215,0.9637785,23
2601,4,16,0.035750266,0.96424973,23
2601,5,1,0.035053205,0.9649468,23
2602,1,9,0.038237233,0.9617628,23
2602,2,2,0.0374415,0.9625585,23
2602,3,8,0.036338266,0.96366173,23
2602,4,16,0.036110163,0.96388984,23
2602,5,29,0.03487388,0.9651261,23
2603,1,9,0.038377833,0.9616222,23
2603,2,2,0.03767735,0.96232265,23
2603,3,8,0.03632179,0.96367824,23
2603,4,16,0.035853308,0.9641467,23
2603,5,1,0.03486563,0.9651344,23
2604,1,9,0.038153883,0.9618461,23
2604,2,2,0.037391216,0.9626088,23
2604,3,8,0.03638178,0.9636182,23
2604,4,16,0.036115203,0.9638848,23
2604,5,29,0.034891453,0.9651086,23
2605,1,9,0.038332287,0.9616677,23
2605,2,2,0.037489753,0.9625102,23
2605,3,8,0.036245305,0.9637547,23
2605,4,16,0.03608356,0.9639164,23
2605,5,1,0.034705315,0.96529466,23
2606,1,9,0.03800803,0.96199197,23
2606,2,2,0.037512228,0.96248776,23
2606,3,16,0.036461655,0.96353835,23
2606,4,8,0.036151297,0.9638487,23
2606,5,29,0.034738418,0.9652616,23
2607,1,9,0.038271118,0.9617289,23
2607,2,2,0.03746778,0.9625322,23
2607,3,8,0.036239184,0.9637608,23
2607,4,16,0.036194604,0.9638054,23
2607,5,1,0.034804717,0.9651953,23
2608,1,9,0.038388196,0.9616118,23
2608,2,2,0.037438475,0.96256155,23
2608,3,8,0.03633238,0.96366763,23
2608,4,16,0.035943035,0.96405697,23
2608,5,1,0.034856126,0.96514386,23
2609,1,9,0.038466867,0.9615331,23
2609,2,2,0.03761254,0.96238744,23
2609,3,8,0.036251325,0.9637487,23
2609,4,16,0.03584917,0.96415085,23
2609,5,29,0.03461782,0.96538216,23
2610,1,9,0.037949607,0.9620504,23
2610,2,2,0.03764612,0.9623539,23
2610,3,8,0.036471438,0.9635286,23
2610,4,16,0.03610056,0.96389943,23
2610,5,29,0.03481278,0.9651872,23
2611,1,9,0.03855982,0.9614402,23
2611,2,2,0.03804386,0.96195614,23
2611,3,8,0.035979517,0.9640205,23
2611,4,16,0.035853762,0.96414626,23
2611,5,29,0.034564666,0.9654353,23
2612,1,9,0.038360596,0.9616394,23
2612,2,2,0.03799964,0.96200037,23
2612,3,8,0.036271524,0.9637285,23
2612,4,16,0.03573778,0.96426225,23
2612,5,29,0.034611583,0.9653884,23
2613,1,9,0.038126037,0.96187395,23
2613,2,2,0.037725247,0.96227473,23
2613,3,8,0.036296964,0.96370304,23
2613,4,16,0.03588642,0.9641136,23
2613,5,1,0.03509202,0.964908,23
2614,1,9,0.038105194,0.9618948,23
2614,2,2,0.037368946,0.96263105,23
2614,3,16,0.036557686,0.9634423,23
2614,4,8,0.036052622,0.96394736,23
2614,5,29,0.034876984,0.965123,23
2615,1,9,0.03805735,0.9619427,23
2615,2,2,0.03741545,0.96258456,23
2615,3,8,0.0362521,0.9637479,23
2615,4,16,0.036208346,0.96379167,23
2615,5,29,0.0349507,0.9650493,23
2616,1,9,0.038082693,0.9619173,23
2616,2,2,0.03742616,0.9625738,23
2616,3,8,0.036443077,0.96355695,23
2616,4,16,0.036143176,0.9638568,23
2616,5,29,0.034830425,0.96516955,23
2617,1,9,0.038209956,0.96179,23
2617,2,2,0.037591137,0.96240884,23
2617,3,8,0.03633326,0.96366674,23
2617,4,16,0.035993073,0.9640069,23
2617,5,29,0.034772027,0.96522796,23
2618,1,9,0.038244195,0.9617558,23
2618,2,2,0.037480928,0.96251905,23
2618,3,16,0.036180817,0.9638192,23
2618,4,8,0.036180303,0.9638197,23
2618,5,29,0.034874987,0.965125,23
2619,1,9,0.038606863,0.9613931,23
2619,2,2,0.03785918,0.9621408,23
2619,3,16,0.035933025,0.964067,23
2619,4,8,0.035776302,0.9642237,23
2619,5,18,0.034631845,0.96536815,23
2620,1,9,0.038115185,0.9618848,23
2620,2,2,0.03787763,0.9621224,23
2620,3,8,0.03607514,0.9639249,23
2620,4,16,0.036011674,0.9639883,23
2620,5,29,0.034783874,0.9652161,23
2621,1,9,0.038036417,0.9619636,23
2621,2,2,0.03730452,0.9626955,23
2621,3,8,0.036419205,0.9635808,23
2621,4,16,0.036203615,0.9637964,23
2621,5,29,0.034901906,0.9650981,23
2622,1,9,0.038362764,0.96163726,23
2622,2,2,0.03756005,0.96243995,23
2622,3,8,0.036362268,0.9636377,23
2622,4,16,0.035846476,0.9641535,23
2622,5,29,0.034788687,0.96521133,23
2623,1,9,0.038016252,0.96198374,23
2623,2,2,0.03758338,0.96241665,23
2623,3,16,0.036338687,0.9636613,23
2623,4,8,0.03612151,0.9638785,23
2623,5,29,0.034769215,0.96523076,23
2624,1,9,0.03832685,0.96167314,23
2624,2,2,0.037735254,0.9622648,23
2624,3,8,0.03635702,0.96364295,23
2624,4,16,0.03592112,0.9640789,23
2624,5,1,0.034756638,0.96524334,23
2625,1,9,0.038439963,0.96156,23
2625,2,2,0.037700184,0.9622998,23
2625,3,8,0.03623867,0.9637613,23
2625,4,16,0.0359172,0.9640828,23
2625,5,1,0.03501143,0.9649886,23
2626,1,9,0.037918944,0.9620811,23
2626,2,2,0.037609734,0.96239024,23
2626,3,16,0.03640193,0.9635981,23
2626,4,8,0.036318205,0.9636818,23
2626,5,29,0.03505214,0.9649479,23
2627,1,9,0.03810896,0.96189106,23
2627,2,2,0.037622835,0.9623772,23
2627,3,8,0.036400005,0.9636,23
2627,4,16,0.03612707,0.9638729,23
2627,5,29,0.034875676,0.9651243,23
2628,1,9,0.038302798,0.9616972,23
2628,2,2,0.03748031,0.9625197,23
2628,3,8,0.036238484,0.9637615,23
2628,4,16,0.03612207,0.9638779,23
2628,5,29,0.034941792,0.9650582,23
2629,1,9,0.038418952,0.96158105,23
2629,2,2,0.037636526,0.9623635,23
2629,3,16,0.036120575,0.9638794,23
2629,4,8,0.036044404,0.9639556,23
2629,5,29,0.034687527,0.9653125,23
2630,1,9,0.038380507,0.9616195,23
2630,2,2,0.03786048,0.96213955,23
2630,3,8,0.036317773,0.96368223,23
2630,4,16,0.0358389,0.9641611,23
2630,5,29,0.03472454,0.96527547,23
2631,1,9,0.038241696,0.9617583,23
2631,2,2,0.037480928,0.96251905,23
2631,3,8,0.036368176,0.9636318,23
2631,4,16,0.03605047,0.96394956,23
2631,5,29,0.034878027,0.965122,23
2632,1,9,0.038436867,0.9615631,23
2632,2,2,0.037814967,0.962185,23
2632,3,8,0.036257863,0.96374214,23
2632,4,16,0.035932217,0.96406776,23
2632,5,1,0.034756936,0.96524304,23
2633,1,9,0.038231887,0.9617681,23
2633,2,2,0.037623424,0.9623766,23
2633,3,16,0.036201525,0.96379846,23
2633,4,8,0.036141347,0.96385866,23
2633,5,29,0.03476647,0.9652335,23
2634,1,9,0.038126502,0.9618735,23
2634,2,2,0.03751124,0.9624888,23
2634,3,8,0.03634037,0.96365964,23
2634,4,16,0.03599606,0.9640039,23
2634,5,1,0.034874115,0.96512586,23
2635,1,9,0.03827009,0.9617299,23
2635,2,2,0.038045328,0.96195465,23
2635,3,8,0.036192823,0.96380717,23
2635,4,16,0.035921875,0.9640781,23
2635,5,1,0.034752134,0.96524787,23
2636,1,9,0.038362388,0.9616376,23
2636,2,2,0.037693363,0.9623066,23
2636,3,8,0.03646344,0.96353656,23
2636,4,16,0.035769112,0.9642309,23
2636,5,1,0.03478488,0.96521515,23
2637,1,9,0.038315926,0.96168405,23
2637,2,2,0.03744633,0.9625537,23
2637,3,8,0.03626279,0.9637372,23
2637,4,16,0.03603981,0.9639602,23
2637,5,29,0.034845073,0.96515495,23
2638,1,9,0.038175944,0.96182406,23
2638,2,2,0.037394896,0.9626051,23
2638,3,8,0.036189575,0.96381044,23
2638,4,16,0.03618677,0.96381325,23
2638,5,29,0.034797765,0.9652022,23
2639,1,9,0.03825039,0.9617496,23
2639,2,2,0.037992094,0.9620079,23
2639,3,8,0.03624502,0.963755,23
2639,4,16,0.035792824,0.9642072,23
2639,5,1,0.03471809,0.9652819,23
2640,1,9,0.038391177,0.9616088,23
2640,2,2,0.037711274,0.96228874,23
2640,3,16,0.036071513,0.96392846,23
2640,4,8,0.036036823,0.96396315,23
2640,5,29,0.034746196,0.96525383,23
2641,1,9,0.038185317,0.9618147,23
2641,2,2,0.037474044,0.96252596,23
2641,3,8,0.03618241,0.9638176,23
2641,4,16,0.036148798,0.9638512,23
2641,5,1,0.034890264,0.9651097,23
2642,1,9,0.038354613,0.96164536,23
2642,2,2,0.037736308,0.9622637,23
2642,3,8,0.036013044,0.96398693,23
2642,4,16,0.036010787,0.9639892,23
2642,5,29,0.034581553,0.96541846,23
2643,1,9,0.0382448,0.9617552,23
2643,2,2,0.037279934,0.96272004,23
2643,3,16,0.036356993,0.963643,23
2643,4,8,0.036145937,0.9638541,23
2643,5,29,0.034838203,0.9651618,23
2644,1,9,0.03846085,0.96153915,23
2644,2,2,0.037570395,0.9624296,23
2644,3,8,0.036310542,0.96368945,23
2644,4,16,0.036022086,0.96397793,23
2644,5,29,0.034816865,0.96518314,23
2645,1,9,0.03828787,0.9617121,23
2645,2,2,0.03740226,0.9625977,23
2645,3,8,0.036280148,0.96371984,23
2645,4,16,0.036219206,0.9637808,23
2645,5,29,0.03477661,0.9652234,23
2646,1,9,0.038619652,0.96138036,23
2646,2,2,0.03752025,0.96247977,23
2646,3,8,0.03622733,0.96377265,23
2646,4,16,0.03585598,0.964144,23
2646,5,1,0.0345925,0.9654075,23
2647,1,9,0.037997242,0.96200275,23
2647,2,2,0.037660033,0.96234,23
2647,3,8,0.036130585,0.9638694,23
2647,4,16,0.03604718,0.96395284,23
2647,5,1,0.034927458,0.9650725,23
2648,1,9,0.03848822,0.9615118,23
2648,2,2,0.03783841,0.9621616,23
2648,3,8,0.036326416,0.9636736,23
2648,4,16,0.0357936,0.9642064,23
2648,5,1,0.03465493,0.9653451,23
2649,1,9,0.03813418,0.96186584,23
2649,2,2,0.037493635,0.96250635,23
2649,3,16,0.036151785,0.96384823,23
2649,4,8,0.036142785,0.96385723,23
2649,5,29,0.034850672,0.96514934,23
2650,1,9,0.0386194,0.9613806,23
2650,2,2,0.03747734,0.9625227,23
2650,3,8,0.036081202,0.9639188,23
2650,4,16,0.036040675,0.96395934,23
2650,5,29,0.03464931,0.9653507,23
2651,1,9,0.03803923,0.9619608,23
2651,2,2,0.03771862,0.9622814,23
2651,3,16,0.03622231,0.96377766,23
2651,4,8,0.03615529,0.9638447,23
2651,5,1,0.03486755,0.9651325,23
2652,1,9,0.03817503,0.96182495,23
2652,2,2,0.03744709,0.9625529,23
2652,3,8,0.036404636,0.9635954,23
2652,4,16,0.03601237,0.96398765,23
2652,5,29,0.03485447,0.9651455,23
2653,1,9,0.038132638,0.96186733,23
2653,2,2,0.037569296,0.9624307,23
2653,3,8,0.036351062,0.9636489,23
2653,4,16,0.036019187,0.9639808,23
2653,5,29,0.034860887,0.9651391,23
2654,1,9,0.03805998,0.96194005,23
2654,2,2,0.037692346,0.96230763,23
2654,3,16,0.036271177,0.96372885,23
2654,4,8,0.036104396,0.9638956,23
2654,5,29,0.034768835,0.9652312,23
2655,1,9,0.03809648,0.9619035,23
2655,2,2,0.037385467,0.96261454,23
2655,3,16,0.036216877,0.96378314,23
2655,4,8,0.03616134,0.96383864,23
2655,5,1,0.034781404,0.9652186,23
2656,1,9,0.038123712,0.9618763,23
2656,2,2,0.03764587,0.9623541,23
2656,3,8,0.036490932,0.9635091,23
2656,4,16,0.035921782,0.9640782,23
2656,5,29,0.034961715,0.9650383,23
2657,1,9,0.038343683,0.96165633,23
2657,2,2,0.037659764,0.96234024,23
2657,3,8,0.036260642,0.96373934,23
2657,4,16,0.035854544,0.9641455,23
2657,5,1,0.03485735,0.96514267,23
2658,1,9,0.038267117,0.96173286,23
2658,2,2,0.03752732,0.9624727,23
2658,3,8,0.03628501,0.963715,23
2658,4,16,0.03598079,0.9640192,23
2658,5,1,0.034830883,0.96516913,23
2659,1,9,0.03845819,0.96154183,23
2659,2,2,0.037587956,0.96241206,23
2659,3,8,0.036308527,0.9636915,23
2659,4,16,0.03610084,0.96389914,23
2659,5,29,0.034670565,0.9653294,23
2660,1,9,0.03833733,0.96166265,23
2660,2,2,0.037452027,0.96254796,23
2660,3,8,0.03629287,0.96370715,23
2660,4,16,0.03606673,0.9639333,23
2660,5,29,0.034697276,0.9653027,23
2661,1,9,0.037925996,0.962074,23
2661,2,2,0.037697855,0.96230215,23
2661,3,8,0.036448553,0.96355146,23
2661,4,16,0.036066864,0.9639331,23
2661,5,29,0.035012044,0.96498793,23
2662,1,9,0.038362846,0.96163714,23
2662,2,2,0.037962057,0.9620379,23
2662,3,8,0.036349427,0.9636506,23
2662,4,16,0.035691444,0.96430856,23
2662,5,1,0.034725297,0.9652747,23
2663,1,9,0.038536992,0.96146303,23
2663,2,2,0.037560973,0.962439,23
2663,3,8,0.03630567,0.96369433,23
2663,4,16,0.03586046,0.9641395,23
2663,5,29,0.034668848,0.96533114,23
2664,1,9,0.038127735,0.9618723,23
2664,2,2,0.037899416,0.96210057,23
2664,3,8,0.03642854,0.9635714,23
2664,4,16,0.035698604,0.9643014,23
2664,5,1,0.034876123,0.9651239,23
2665,1,9,0.038124226,0.9618758,23
2665,2,2,0.03744326,0.9625567,23
2665,3,16,0.036388125,0.9636119,23
2665,4,8,0.03619196,0.96380806,23
2665,5,29,0.03488346,0.96511656,23
2666,1,9,0.03818106,0.96181893,23
2666,2,2,0.03721815,0.96278185,23
2666,3,16,0.03645814,0.96354187,23
2666,4,8,0.036136243,0.96386373,23
2666,5,29,0.034843348,0.9651567,23
2667,1,9,0.038456455,0.96154356,23
2667,2,2,0.037711777,0.9622882,23
2667,3,8,0.0363056,0.9636944,23
2667,4,16,0.03573967,0.96426034,23
2667,5,1,0.034907177,0.96509284,23
2668,1,9,0.038240783,0.9617592,23
2668,2,2,0.03771718,0.96228284,23
2668,3,8,0.03615433,0.9638457,23
2668,4,16,0.036115255,0.9638848,23
2668,5,29,0.03486491,0.9651351,23
2669,1,9,0.038259603,0.9617404,23
2669,2,2,0.03755109,0.9624489,23
2669,3,16,0.036218826,0.9637812,23
2669,4,8,0.036103055,0.96389693,23
2669,5,29,0.034731794,0.9652682,23
2670,1,9,0.038052537,0.96194744,23
2670,2,2,0.037613884,0.96238613,23
2670,3,8,0.036254954,0.96374506,23
2670,4,16,0.036201876,0.9637981,23
2670,5,29,0.03495352,0.96504647,23
2671,1,9,0.038046364,0.96195364,23
2671,2,2,0.03772394,0.96227604,23
2671,3,8,0.03617031,0.9638297,23
2671,4,16,0.03615795,0.96384203,23
2671,5,29,0.034840815,0.9651592,23
2672,1,9,0.03817174,0.96182823,23
2672,2,2,0.03733009,0.9626699,23
2672,3,8,0.0364393,0.9635607,23
2672,4,16,0.036060505,0.9639395,23
2672,5,29,0.034869283,0.9651307,23
2673,1,9,0.0382167,0.9617833,23
2673,2,2,0.037486292,0.9625137,23
2673,3,8,0.03629978,0.96370023,23
2673,4,16,0.035904627,0.96409535,23
2673,5,1,0.034996033,0.96500397,23
2674,1,9,0.03847406,0.9615259,23
2674,2,2,0.037371848,0.9626281,23
2674,3,8,0.03622928,0.96377075,23
2674,4,16,0.03606101,0.963939,23
2674,5,29,0.034689806,0.9653102,23
2675,1,9,0.037918728,0.96208125,23
2675,2,2,0.037777692,0.96222234,23
2675,3,8,0.036232658,0.96376735,23
2675,4,16,0.03618559,0.96381444,23
2675,5,29,0.034939118,0.9650609,23
2676,1,9,0.038302485,0.9616975,23
2676,2,2,0.037352696,0.9626473,23
2676,3,16,0.036269296,0.9637307,23
2676,4,8,0.036251105,0.9637489,23
2676,5,29,0.034809634,0.96519035,23
2677,1,9,0.03845083,0.96154916,23
2677,2,2,0.03747947,0.96252054,23
2677,3,8,0.036231402,0.9637686,23
2677,4,16,0.036100082,0.9638999,23
2677,5,29,0.03470153,0.9652985,23
2678,1,9,0.03828229,0.9617177,23
2678,2,2,0.03745821,0.9625418,23
2678,3,8,0.03625231,0.9637477,23
2678,4,16,0.03603368,0.9639663,23
2678,5,1,0.034925513,0.9650745,23
2679,1,9,0.038152818,0.9618472,23
2679,2,2,0.037852567,0.9621474,23
2679,3,8,0.03636038,0.9636396,23
2679,4,16,0.035884067,0.9641159,23
2679,5,29,0.03477198,0.965228,23
2680,1,9,0.03854555,0.96145445,23
2680,2,2,0.037601966,0.96239805,23
2680,3,8,0.03616866,0.96383137,23
2680,4,16,0.03587182,0.9641282,23
2680,5,1,0.03466268,0.96533734,23
2681,1,9,0.03796318,0.96203685,23
2681,2,2,0.037827402,0.9621726,23
2681,3,16,0.036209,0.963791,23
2681,4,8,0.03618385,0.96381617,23
2681,5,29,0.034873247,0.96512675,23
2682,1,9,0.03825975,0.96174026,23
2682,2,2,0.03773774,0.9622623,23
2682,3,8,0.036300857,0.96369916,23
2682,4,16,0.036034882,0.9639651,23
2682,5,29,0.034725085,0.96527493,23
2683,1,9,0.038012523,0.9619875,23
2683,2,2,0.03749187,0.96250814,23
2683,3,16,0.03637591,0.9636241,23
2683,4,8,0.036191307,0.9638087,23
2683,5,29,0.03493976,0.96506023,23
2684,1,9,0.038076907,0.9619231,23
2684,2,2,0.03742177,0.96257824,23
2684,3,16,0.03652532,0.9634747,23
2684,4,8,0.036236625,0.96376336,23
2684,5,29,0.0348326,0.9651674,23
2685,1,9,0.03806375,0.96193624,23
2685,2,2,0.037386976,0.96261305,23
2685,3,16,0.036414675,0.9635853,23
2685,4,8,0.036077768,0.96392226,23
2685,5,29,0.034885358,0.96511465,23
2686,1,9,0.038228676,0.9617713,23
2686,2,2,0.03744742,0.9625526,23
2686,3,8,0.036208015,0.96379197,23
2686,4,16,0.03608251,0.9639175,23
2686,5,29,0.03484654,0.96515346,23
2687,1,9,0.038310204,0.9616898,23
2687,2,2,0.0373318,0.9626682,23
2687,3,8,0.036198214,0.9638018,23
2687,4,16,0.036055956,0.963944,23
2687,5,1,0.03481152,0.9651885,23
2688,1,9,0.038348857,0.96165115,23
2688,2,2,0.0375943,0.9624057,23
2688,3,8,0.036112383,0.96388763,23
2688,4,16,0.036038496,0.9639615,23
2688,5,29,0.034639813,0.96536016,23
2689,1,9,0.038149457,0.9618505,23
2689,2,2,0.03782926,0.9621707,23
2689,3,8,0.036318686,0.96368134,23
2689,4,16,0.035748716,0.9642513,23
2689,5,1,0.034843612,0.9651564,23
2690,1,9,0.038147744,0.96185225,23
2690,2,2,0.03764507,0.9623549,23
2690,3,8,0.03630106,0.9636989,23
2690,4,16,0.036008526,0.96399146,23
2690,5,1,0.034920517,0.9650795,23
2691,1,9,0.038638785,0.9613612,23
2691,2,2,0.0375088,0.9624912,23
2691,3,8,0.036470998,0.963529,23
2691,4,16,0.03577155,0.96422845,23
2691,5,1,0.03473912,0.96526086,23
2692,1,9,0.038234044,0.96176594,23
2692,2,2,0.03748868,0.9625113,23
2692,3,8,0.036252808,0.9637472,23
2692,4,16,0.036169343,0.96383065,23
2692,5,1,0.03484927,0.9651507,23
2693,1,9,0.038451202,0.9615488,23
2693,2,2,0.037542738,0.96245724,23
2693,3,8,0.0362464,0.9637536,23
2693,4,16,0.035847828,0.96415216,23
2693,5,1,0.034714367,0.96528566,23
2694,1,9,0.038275197,0.9617248,23
2694,2,2,0.037624557,0.96237546,23
2694,3,16,0.03617131,0.9638287,23
2694,4,8,0.03608997,0.96391004,23
2694,5,29,0.034670234,0.96532977,23
2695,1,9,0.03825877,0.9617412,23
2695,2,2,0.03780126,0.96219873,23
2695,3,8,0.036002714,0.9639973,23
2695,4,16,0.03587799,0.964122,23
2695,5,29,0.034616463,0.9653835,23
2696,1,9,0.038156647,0.9618434,23
2696,2,2,0.03784625,0.96215373,23
2696,3,8,0.03631816,0.9636818,23
2696,4,16,0.035831396,0.9641686,23
2696,5,1,0.035178553,0.96482146,23
2697,1,9,0.03819872,0.9618013,23
2697,2,2,0.03774279,0.9622572,23
2697,3,8,0.03628361,0.9637164,23
2697,4,16,0.03583543,0.96416456,23
2697,5,1,0.034774188,0.9652258,23
2698,1,9,0.038703702,0.9612963,23
2698,2,2,0.037358627,0.96264136,23
2698,3,16,0.03606149,0.96393853,23
2698,4,8,0.0359054,0.9640946,23
2698,5,18,0.034700207,0.9652998,23
2699,1,9,0.0381796,0.9618204,23
2699,2,2,0.037452333,0.96254766,23
2699,3,8,0.036205493,0.9637945,23
2699,4,16,0.036149807,0.9638502,23
2699,5,29,0.034780297,0.9652197,23
2700,1,9,0.03812332,0.9618767,23
2700,2,2,0.037337042,0.96266294,23
2700,3,8,0.036325376,0.9636746,23
2700,4,16,0.036283214,0.9637168,23
2700,5,29,0.034772072,0.9652279,23
2701,1,9,0.038235668,0.96176434,23
2701,2,2,0.03779168,0.96220833,23
2701,3,8,0.036271587,0.9637284,23
2701,4,16,0.035940632,0.96405935,23
2701,5,1,0.034882806,0.9651172,23
2702,1,9,0.038344253,0.96165574,23
2702,2,2,0.037579548,0.96242046,23
2702,3,8,0.036115963,0.96388406,23
2702,4,16,0.03603942,0.9639606,23
2702,5,1,0.034802604,0.9651974,23
2703,1,9,0.038434744,0.96156526,23
2703,2,2,0.03772901,0.962271,23
2703,3,8,0.03619486,0.96380514,23
2703,4,16,0.035862487,0.9641375,23
2703,5,1,0.034667138,0.96533287,23
2704,1,9,0.038027797,0.9619722,23
2704,2,2,0.037351202,0.9626488,23
2704,3,8,0.036520667,0.96347934,23
2704,4,16,0.03628998,0.96371,23
2704,5,29,0.035061955,0.96493804,23
2705,1,9,0.03834194,0.96165806,23
2705,2,2,0.037847,0.962153,23
2705,3,8,0.036068257,0.96393174,23
2705,4,16,0.03586774,0.96413225,23
2705,5,29,0.034626145,0.9653739,23
2706,1,9,0.038294487,0.9617055,23
2706,2,2,0.037667163,0.96233284,23
2706,3,8,0.03618118,0.9638188,23
2706,4,16,0.035893697,0.9641063,23
2706,5,29,0.034674454,0.96532553,23
2707,1,9,0.038238473,0.96176153,23
2707,2,2,0.03739805,0.96260196,23
2707,3,16,0.036388814,0.9636112,23
2707,4,8,0.03613065,0.96386933,23
2707,5,29,0.034973674,0.9650263,23
2708,1,9,0.038413752,0.96158624,23
2708,2,2,0.03772047,0.96227956,23
2708,3,8,0.03621993,0.96378005,23
2708,4,16,0.035943314,0.9640567,23
2708,5,29,0.034625072,0.96537495,23
2709,1,9,0.038330533,0.96166945,23
2709,2,2,0.037602518,0.96239746,23
2709,3,16,0.036140796,0.9638592,23
2709,4,8,0.035968304,0.9640317,23
2709,5,29,0.03465624,0.9653438,23
2710,1,9,0.038500477,0.9614995,23
2710,2,2,0.03763174,0.96236825,23
2710,3,8,0.036216747,0.96378326,23
2710,4,16,0.03582138,0.9641786,23
2710,5,1,0.034678735,0.96532124,23
2711,1,9,0.03805755,0.96194243,23
2711,2,2,0.03742661,0.9625734,23
2711,3,16,0.036504634,0.9634954,23
2711,4,8,0.036184818,0.9638152,23
2711,5,29,0.03495882,0.96504116,23
2712,1,9,0.03843409,0.9615659,23
2712,2,2,0.037741058,0.96225893,23
2712,3,8,0.036166962,0.96383303,23
2712,4,16,0.035777338,0.96422267,23
2712,5,1,0.034647148,0.96535283,23
2713,1,9,0.03825729,0.9617427,23
2713,2,2,0.03740033,0.9625997,23
2713,3,8,0.036344916,0.9636551,23
2713,4,16,0.03603099,0.963969,23
2713,5,29,0.034865785,0.9651342,23
2714,1,9,0.0382232,0.9617768,23
2714,2,2,0.03786644,0.9621336,23
2714,3,8,0.036220107,0.96377987,23
2714,4,16,0.035909433,0.9640906,23
2714,5,1,0.034809683,0.9651903,23
2715,1,9,0.038177256,0.96182275,23
2715,2,2,0.037444025,0.962556,23
2715,3,8,0.03625241,0.9637476,23
2715,4,16,0.036148403,0.9638516,23
2715,5,1,0.03470858,0.96529144,23
2716,1,9,0.03817799,0.96182203,23
2716,2,2,0.037595224,0.9624048,23
2716,3,16,0.03624548,0.96375453,23
2716,4,8,0.03608914,0.9639109,23
2716,5,29,0.034728482,0.96527153,23
2717,1,9,0.038144782,0.96185523,23
2717,2,2,0.037441753,0.96255827,23
2717,3,8,0.036326904,0.9636731,23
2717,4,16,0.036291603,0.9637084,23
2717,5,29,0.034818042,0.96518195,23
2718,1,9,0.038101606,0.9618984,23
2718,2,2,0.037505902,0.9624941,23
2718,3,16,0.036202446,0.96379757,23
2718,4,8,0.03614724,0.96385276,23
2718,5,29,0.034907155,0.96509284,23
2719,1,9,0.038485102,0.9615149,23
2719,2,2,0.03775319,0.96224684,23
2719,3,8,0.03626319,0.96373683,23
2719,4,16,0.035717722,0.9642823,23
2719,5,1,0.034766566,0.96523345,23
2720,1,9,0.037916075,0.96208394,23
2720,2,2,0.037444808,0.96255517,23
2720,3,8,0.036424734,0.96357524,23
2720,4,16,0.036188915,0.9638111,23
2720,5,29,0.035086446,0.96491355,23
2721,1,9,0.038228787,0.9617712,23
2721,2,2,0.037542563,0.9624574,23
2721,3,16,0.03620482,0.9637952,23
2721,4,8,0.036182005,0.963818,23
2721,5,29,0.034807,0.965193,23
2722,1,2,0.03791648,0.9620835,23
2722,2,9,0.0378686,0.9621314,23
2722,3,8,0.036310095,0.9636899,23
2722,4,16,0.036026835,0.96397316,23
2722,5,29,0.03485986,0.96514016,23
2723,1,9,0.03824029,0.9617597,23
2723,2,2,0.037476107,0.9625239,23
2723,3,8,0.03629717,0.96370286,23
2723,4,16,0.036103975,0.96389604,23
2723,5,1,0.034872916,0.9651271,23
2724,1,9,0.03802992,0.9619701,23
2724,2,2,0.037656516,0.96234345,23
2724,3,8,0.036362365,0.96363765,23
2724,4,16,0.036115143,0.96388483,23
2724,5,29,0.034889463,0.96511054,23
2725,1,9,0.03810576,0.9618942,23
2725,2,2,0.03776289,0.9622371,23
2725,3,8,0.03626099,0.96373904,23
2725,4,16,0.035858583,0.9641414,23
2725,5,1,0.034779485,0.9652205,23
2726,1,9,0.038115073,0.9618849,23
2726,2,2,0.03750678,0.96249324,23
2726,3,8,0.036242843,0.96375716,23
2726,4,16,0.036195565,0.9638044,23
2726,5,29,0.03491382,0.96508616,23
2727,1,9,0.038272217,0.9617278,23
2727,2,2,0.037771072,0.96222895,23
2727,3,8,0.03608213,0.96391785,23
2727,4,16,0.03604625,0.96395373,23
2727,5,29,0.03474769,0.9652523,23
2728,1,9,0.03804824,0.96195173,23
2728,2,2,0.037396837,0.96260315,23
2728,3,16,0.036359884,0.9636401,23
2728,4,8,0.036088075,0.96391195,23
2728,5,29,0.034748938,0.9652511,23
2729,1,9,0.038071457,0.96192855,23
2729,2,2,0.03756829,0.9624317,23
2729,3,8,0.036297247,0.96370274,23
2729,4,16,0.036181256,0.9638187,23
2729,5,29,0.034845807,0.9651542,23
2730,1,9,0.038298726,0.9617013,23
2730,2,2,0.037656188,0.9623438,23
2730,3,8,0.036300126,0.9636999,23
2730,4,16,0.036004115,0.9639959,23
2730,5,1,0.034775846,0.96522415,23
2731,1,9,0.038011167,0.9619888,23
2731,2,2,0.03770869,0.9622913,23
2731,3,8,0.03650476,0.96349525,23
2731,4,16,0.035991695,0.96400833,23
2731,5,29,0.03511158,0.9648884,23
2732,1,9,0.038288977,0.96171105,23
2732,2,2,0.037661828,0.96233815,23
2732,3,8,0.03620033,0.96379966,23
2732,4,16,0.03601483,0.96398515,23
2732,5,29,0.03476658,0.96523345,23
2733,1,9,0.037759103,0.9622409,23
2733,2,2,0.03766695,0.962333,23
2733,3,8,0.036333866,0.96366614,23
2733,4,16,0.036257446,0.96374255,23
2733,5,29,0.035060417,0.9649396,23
2734,1,9,0.038387474,0.9616125,23
2734,2,2,0.037801515,0.9621985,23
2734,3,8,0.03625075,0.96374923,23
2734,4,16,0.036005326,0.9639947,23
2734,5,1,0.034679633,0.96532035,23
2735,1,9,0.038427103,0.9615729,23
2735,2,2,0.03806199,0.961938,23
2735,3,8,0.036265146,0.96373487,23
2735,4,16,0.035681475,0.9643185,23
2735,5,1,0.03471788,0.96528214,23
2736,1,9,0.03828228,0.9617177,23
2736,2,2,0.0378547,0.9621453,23
2736,3,8,0.036335744,0.96366423,23
2736,4,16,0.035874136,0.9641259,23
2736,5,29,0.034741588,0.9652584,23
2737,1,9,0.038245026,0.961755,23
2737,2,2,0.037587654,0.96241236,23
2737,3,8,0.036318228,0.96368176,23
2737,4,16,0.035969336,0.9640307,23
2737,5,29,0.034763336,0.96523666,23
2738,1,9,0.03807254,0.9619275,23
2738,2,2,0.03728446,0.96271557,23
2738,3,16,0.03670493,0.96329504,23
2738,4,8,0.03605377,0.9639462,23
2738,5,29,0.034840185,0.96515983,23
2739,1,9,0.038243238,0.96175677,23
2739,2,2,0.037695874,0.9623041,23
2739,3,8,0.036274478,0.9637255,23
2739,4,16,0.035972267,0.96402776,23
2739,5,29,0.034677945,0.9653221,23
2740,1,9,0.038352475,0.9616475,23
2740,2,2,0.037825216,0.9621748,23
2740,3,8,0.036058668,0.96394134,23
2740,4,16,0.036018666,0.96398133,23
2740,5,29,0.03471332,0.9652867,23
2741,1,9,0.038415704,0.96158427,23
2741,2,2,0.03763792,0.96236205,23
2741,3,8,0.03628945,0.96371055,23
2741,4,16,0.03611209,0.96388793,23
2741,5,29,0.03463597,0.96536404,23
2742,1,9,0.038298316,0.9617017,23
2742,2,2,0.037427437,0.9625726,23
2742,3,8,0.03635454,0.96364546,23
2742,4,16,0.03603374,0.96396625,23
2742,5,29,0.034817092,0.9651829,23
2743,1,9,0.038071577,0.9619284,23
2743,2,2,0.03753585,0.96246415,23
2743,3,8,0.03640083,0.96359915,23
2743,4,16,0.036163934,0.9638361,23
2743,5,1,0.034856386,0.9651436,23
2744,1,9,0.038280398,0.96171963,23
2744,2,2,0.037421167,0.96257883,23
2744,3,16,0.036210697,0.9637893,23
2744,4,8,0.036049966,0.96395004,23
2744,5,29,0.034756385,0.96524364,23
2745,1,9,0.03809679,0.9619032,23
2745,2,2,0.037430998,0.962569,23
2745,3,16,0.036247924,0.9637521,23
2745,4,8,0.03623584,0.9637642,23
2745,5,29,0.034796525,0.96520346,23
2746,1,9,0.038376607,0.9616234,23
2746,2,2,0.037432857,0.96256715,23
2746,3,8,0.036428828,0.9635712,23
2746,4,16,0.035776537,0.96422344,23
2746,5,1,0.034906603,0.9650934,23
2747,1,9,0.03826492,0.96173507,23
2747,2,2,0.037740372,0.96225965,23
2747,3,8,0.03635962,0.9636404,23
2747,4,16,0.035819393,0.9641806,23
2747,5,1,0.034976378,0.96502364,23
2748,1,9,0.03825245,0.9617475,23
2748,2,2,0.03755689,0.9624431,23
2748,3,8,0.036311302,0.9636887,23
2748,4,16,0.035959814,0.96404016,23
2748,5,29,0.034847938,0.9651521,23
2749,1,9,0.038212717,0.9617873,23
2749,2,2,0.037575465,0.9624245,23
2749,3,16,0.03618811,0.9638119,23
2749,4,8,0.036124337,0.96387565,23
2749,5,29,0.034739297,0.9652607,23
2750,1,9,0.03807634,0.96192366,23
2750,2,2,0.037718896,0.9622811,23
2750,3,8,0.036184277,0.96381575,23
2750,4,16,0.03616516,0.9638348,23
2750,5,29,0.03500087,0.96499914,23
2751,1,9,0.038272053,0.961728,23
2751,2,2,0.037456814,0.9625432,23
2751,3,16,0.036302008,0.96369797,23
2751,4,8,0.03616595,0.96383405,23
2751,5,29,0.034606926,0.96539307,23
2752,1,9,0.038159978,0.96184003,23
2752,2,2,0.03754853,0.96245146,23
2752,3,8,0.036236197,0.96376383,23
2752,4,16,0.036123373,0.9638766,23
2752,5,29,0.034954857,0.96504515,23
2753,1,9,0.038128965,0.961871,23
2753,2,2,0.037317224,0.9626828,23
2753,3,16,0.036212765,0.96378726,23
2753,4,8,0.036181055,0.96381897,23
2753,5,29,0.03488257,0.96511745,23
2754,1,9,0.038242217,0.9617578,23
2754,2,2,0.03776312,0.9622369,23
2754,3,8,0.036245123,0.9637549,23
2754,4,16,0.03598873,0.96401125,23
2754,5,29,0.034761995,0.965238,23
2755,1,9,0.03827618,0.9617238,23
2755,2,2,0.037545003,0.962455,23
2755,3,8,0.036199644,0.9638004,23
2755,4,16,0.03604338,0.9639566,23
2755,5,29,0.034881063,0.96511894,23
2756,1,9,0.03795952,0.9620405,23
2756,2,2,0.0375181,0.9624819,23
2756,3,16,0.036258627,0.96374136,23
2756,4,8,0.036179066,0.96382093,23
2756,5,29,0.034845226,0.96515477,23
2757,1,9,0.0380329,0.9619671,23
2757,2,2,0.037526548,0.96247345,23
2757,3,8,0.036288183,0.9637118,23
2757,4,16,0.036143754,0.9638562,23
2757,5,29,0.034910407,0.9650896,23
2758,1,9,0.03812627,0.9618737,23
2758,2,2,0.03777325,0.96222675,23
2758,3,8,0.036211018,0.963789,23
2758,4,16,0.035984233,0.9640158,23
2758,5,29,0.0348902,0.9651098,23
2759,1,9,0.037976637,0.9620234,23
2759,2,2,0.037328772,0.9626712,23
2759,3,16,0.03628762,0.9637124,23
2759,4,8,0.036225744,0.96377426,23
2759,5,29,0.034948826,0.9650512,23
2760,1,9,0.03819946,0.9618005,23
2760,2,2,0.03734903,0.96265095,23
2760,3,16,0.03630067,0.96369934,23
2760,4,8,0.036206465,0.9637935,23
2760,5,29,0.035043865,0.96495616,23
2761,1,9,0.038199868,0.96180016,23
2761,2,2,0.037715323,0.9622847,23
2761,3,8,0.03642197,0.96357805,23
2761,4,16,0.03596348,0.9640365,23
2761,5,1,0.03477856,0.96522146,23
2762,1,9,0.038076498,0.9619235,23
2762,2,2,0.03771679,0.9622832,23
2762,3,8,0.03629099,0.963709,23
2762,4,16,0.036250155,0.9637498,23
2762,5,29,0.03500339,0.96499664,23
2763,1,9,0.038220003,0.96178,23
2763,2,2,0.037584793,0.9624152,23
2763,3,16,0.036174856,0.96382517,23
2763,4,8,0.036143668,0.96385634,23
2763,5,29,0.034767117,0.9652329,23
2764,1,9,0.038112115,0.9618879,23
2764,2,2,0.03746078,0.9625392,23
2764,3,16,0.03645932,0.9635407,23
2764,4,8,0.036132906,0.96386707,23
2764,5,29,0.03468643,0.96531355,23
2765,1,9,0.038652938,0.96134704,23
2765,2,2,0.037996747,0.96200323,23
2765,3,16,0.035831705,0.9641683,23
2765,4,8,0.035667036,0.96433294,23
2765,5,18,0.034876343,0.96512365,23
2766,1,9,0.03836879,0.9616312,23
2766,2,2,0.03766422,0.96233577,23
2766,3,8,0.036182526,0.9638175,23
2766,4,16,0.036044065,0.96395594,23
2766,5,1,0.03474012,0.9652599,23
2767,1,9,0.038099926,0.96190006,23
2767,2,2,0.037513886,0.9624861,23
2767,3,8,0.036375254,0.9636247,23
2767,4,16,0.036136698,0.9638633,23
2767,5,29,0.03484012,0.9651599,23
2768,1,9,0.03842836,0.96157163,23
2768,2,2,0.037631154,0.96236885,23
2768,3,8,0.03620244,0.96379757,23
2768,4,16,0.035994567,0.9640054,23
2768,5,29,0.034704395,0.9652956,23
2769,1,9,0.038408678,0.9615913,23
2769,2,2,0.037714984,0.96228504,23
2769,3,8,0.036167346,0.9638327,23
2769,4,16,0.035962015,0.964038,23
2769,5,1,0.034884375,0.9651156,23
2770,1,9,0.038408022,0.96159196,23
2770,2,2,0.037829645,0.96217036,23
2770,3,8,0.036047503,0.9639525,23
2770,4,16,0.035866622,0.9641334,23
2770,5,29,0.034634836,0.9653652,23
2771,1,9,0.038313754,0.96168625,23
2771,2,2,0.037886404,0.9621136,23
2771,3,8,0.036131036,0.963869,23
2771,4,16,0.035894502,0.9641055,23
2771,5,1,0.034952,0.965048,23
2772,1,9,0.03801504,0.96198493,23
2772,2,2,0.03739764,0.9626024,23
2772,3,8,0.03648011,0.9635199,23
2772,4,16,0.03611761,0.9638824,23
2772,5,29,0.03511531,0.9648847,23
2773,1,9,0.03814701,0.96185297,23
2773,2,2,0.03740907,0.96259093,23
2773,3,8,0.036278695,0.9637213,23
2773,4,16,0.03624418,0.96375585,23
2773,5,29,0.034817245,0.9651828,23
2774,1,9,0.038060784,0.9619392,23
2774,2,2,0.03732364,0.96267635,23
2774,3,16,0.036510825,0.9634892,23
2774,4,8,0.03605318,0.9639468,23
2774,5,29,0.03495421,0.9650458,23
2775,1,9,0.038271286,0.9617287,23
2775,2,2,0.03787637,0.96212363,23
2775,3,8,0.03611272,0.9638873,23
2775,4,16,0.03587118,0.9641288,23
2775,5,29,0.03464578,0.9653542,23
2776,1,9,0.03804403,0.96195596,23
2776,2,2,0.037925106,0.9620749,23
2776,3,8,0.036186025,0.96381396,23
2776,4,16,0.03603283,0.96396714,23
2776,5,1,0.034774773,0.9652252,23
2777,1,9,0.038247325,0.96175265,23
2777,2,2,0.037369438,0.96263057,23
2777,3,8,0.036181647,0.9638184,23
2777,4,16,0.035968784,0.9640312,23
2777,5,29,0.0347913,0.9652087,23
2778,1,9,0.038327426,0.96167254,23
2778,2,2,0.03728035,0.9627197,23
2778,3,8,0.036151357,0.96384865,23
2778,4,16,0.036122885,0.96387714,23
2778,5,29,0.034918625,0.9650814,23
2779,1,9,0.038017936,0.9619821,23
2779,2,2,0.03745367,0.96254635,23
2779,3,8,0.036389936,0.96361005,23
2779,4,16,0.036275078,0.9637249,23
2779,5,29,0.03485557,0.96514446,23
2780,1,9,0.038097113,0.96190286,23
2780,2,2,0.037784252,0.9622157,23
2780,3,8,0.036297783,0.9637022,23
2780,4,16,0.035941597,0.9640584,23
2780,5,29,0.0349782,0.9650218,23
2781,1,9,0.03831031,0.9616897,23
2781,2,2,0.038034264,0.96196574,23
2781,3,8,0.03612175,0.9638783,23
2781,4,16,0.035833616,0.9641664,23
2781,5,1,0.034731954,0.965268,23
2782,1,9,0.03822606,0.96177393,23
2782,2,2,0.03786892,0.9621311,23
2782,3,8,0.03629793,0.9637021,23
2782,4,16,0.036023278,0.96397674,23
2782,5,29,0.034597818,0.9654022,23
2783,1,9,0.0380088,0.9619912,23
2783,2,2,0.037350714,0.9626493,23
2783,3,8,0.03624397,0.963756,23
2783,4,16,0.03621673,0.96378326,23
2783,5,29,0.035065785,0.96493423,23
2784,1,9,0.038096175,0.9619038,23
2784,2,2,0.037416745,0.96258324,23
2784,3,8,0.036387026,0.963613,23
2784,4,16,0.036232837,0.9637672,23
2784,5,29,0.035003122,0.9649969,23
2785,1,9,0.038411945,0.961588,23
2785,2,2,0.03748127,0.96251875,23
2785,3,16,0.036180753,0.96381927,23
2785,4,8,0.036106624,0.96389335,23
2785,5,29,0.034749392,0.9652506,23
2786,1,9,0.038429752,0.96157026,23
2786,2,2,0.037597086,0.96240294,23
2786,3,8,0.036218237,0.9637818,23
2786,4,16,0.035966296,0.9640337,23
2786,5,29,0.03465625,0.9653438,23
2787,1,9,0.038187377,0.9618126,23
2787,2,2,0.03782057,0.9621794,23
2787,3,8,0.036199573,0.96380043,23
2787,4,16,0.036089547,0.96391046,23
2787,5,29,0.034928247,0.96507174,23
2788,1,9,0.038091686,0.96190834,23
2788,2,2,0.037692796,0.9623072,23
2788,3,8,0.036267277,0.9637327,23
2788,4,16,0.03604729,0.9639527,23
2788,5,29,0.034887493,0.9651125,23
2789,1,9,0.038144458,0.96185553,23
2789,2,2,0.03790191,0.9620981,23
2789,3,8,0.036228083,0.96377194,23
2789,4,16,0.035836834,0.9641632,23
2789,5,1,0.034905292,0.9650947,23
2790,1,9,0.038370505,0.9616295,23
2790,2,2,0.037499834,0.96250015,23
2790,3,16,0.03618139,0.9638186,23
2790,4,8,0.036144033,0.963856,23
2790,5,18,0.034697987,0.965302,23
2791,1,9,0.0384456,0.9615544,23
2791,2,2,0.0375028,0.9624972,23
2791,3,16,0.036108032,0.963892,23
2791,4,8,0.03608093,0.96391904,23
2791,5,1,0.03459848,0.96540153,23
2792,1,9,0.03816638,0.9618336,23
2792,2,2,0.0378911,0.9621089,23
2792,3,8,0.036100034,0.96389997,23
2792,4,16,0.035909206,0.9640908,23
2792,5,29,0.034756057,0.96524394,23
2793,1,9,0.038290408,0.9617096,23
2793,2,2,0.0379236,0.9620764,23
2793,3,8,0.036279578,0.96372044,23
2793,4,16,0.03586276,0.96413726,23
2793,5,1,0.03474715,0.9652529,23
2794,1,9,0.03828635,0.9617137,23
2794,2,2,0.037489995,0.96251,23
2794,3,8,0.03624194,0.96375805,23
2794,4,16,0.03606196,0.96393806,23
2794,5,29,0.03479558,0.9652044,23
2795,1,9,0.03817183,0.9618282,23
2795,2,2,0.038017582,0.9619824,23
2795,3,8,0.036380988,0.963619,23
2795,4,16,0.035756093,0.9642439,23
2795,5,1,0.034910593,0.9650894,23
2796,1,9,0.038328033,0.96167195,23
2796,2,2,0.037442673,0.9625573,23
2796,3,8,0.036455195,0.9635448,23
2796,4,16,0.035823975,0.964176,23
2796,5,29,0.03471829,0.9652817,23
2797,1,9,0.038190357,0.96180964,23
2797,2,2,0.03736287,0.9626371,23
2797,3,8,0.036250707,0.9637493,23
2797,4,16,0.03624151,0.96375847,23
2797,5,29,0.034848556,0.9651514,23
2798,1,9,0.038591567,0.96140844,23
2798,2,2,0.03765639,0.96234363,23
2798,3,8,0.036212806,0.9637872,23
2798,4,16,0.03585887,0.96414113,23
2798,5,1,0.034650303,0.9653497,23
2799,1,9,0.03808337,0.9619166,23
2799,2,2,0.03755102,0.96244895,23
2799,3,8,0.03624898,0.963751,23
2799,4,16,0.036235165,0.96376485,23
2799,5,29,0.03482493,0.9651751,23
2800,1,9,0.038150664,0.96184933,23
2800,2,2,0.037412144,0.96258783,23
2800,3,8,0.036480986,0.96351904,23
2800,4,16,0.03611262,0.9638874,23
2800,5,29,0.03479034,0.96520966,23
2801,1,9,0.03798114,0.96201885,23
2801,2,2,0.037498035,0.96250194,23
2801,3,8,0.036443423,0.9635566,23
2801,4,16,0.036073994,0.963926,23
2801,5,29,0.03515645,0.9648436,23
2802,1,9,0.038129486,0.9618705,23
2802,2,2,0.03751632,0.9624837,23
2802,3,16,0.03630211,0.9636979,23
2802,4,8,0.036096025,0.96390396,23
2802,5,29,0.034789313,0.9652107,23
2803,1,9,0.038287938,0.96171206,23
2803,2,2,0.038115714,0.96188426,23
2803,3,8,0.03637225,0.96362776,23
2803,4,16,0.035682235,0.96431774,23
2803,5,1,0.03509286,0.96490717,23
2804,1,9,0.0383015,0.9616985,23
2804,2,2,0.03784992,0.9621501,23
2804,3,8,0.03634918,0.9636508,23
2804,4,16,0.03581177,0.9641882,23
2804,5,1,0.034641832,0.96535814,23
2805,1,9,0.038353626,0.9616464,23
2805,2,2,0.037547495,0.96245253,23
2805,3,8,0.03630421,0.96369576,23
2805,4,16,0.035997767,0.96400225,23
2805,5,1,0.034836646,0.96516335,23
2806,1,9,0.037934694,0.9620653,23
2806,2,2,0.037352875,0.96264714,23
2806,3,16,0.036645703,0.9633543,23
2806,4,8,0.035993353,0.96400666,23
2806,5,29,0.034917448,0.9650825,23
2807,1,9,0.03831767,0.9616823,23
2807,2,2,0.03768423,0.9623158,23
2807,3,8,0.03639151,0.9636085,23
2807,4,16,0.03583743,0.9641626,23
2807,5,1,0.034894064,0.96510595,23
2808,1,9,0.038125645,0.96187437,23
2808,2,2,0.03752589,0.9624741,23
2808,3,16,0.036206957,0.96379304,23
2808,4,8,0.036157843,0.96384215,23
2808,5,29,0.034982204,0.9650178,23
2809,1,9,0.038289227,0.96171075,23
2809,2,2,0.03759146,0.96240854,23
2809,3,8,0.036299996,0.9637,23
2809,4,16,0.036034975,0.963965,23
2809,5,1,0.034788955,0.96521103,23
2810,1,9,0.03785175,0.96214825,23
2810,2,2,0.037560944,0.96243906,23
2810,3,16,0.03662344,0.9633766,23
2810,4,8,0.035915535,0.96408445,23
2810,5,29,0.03484233,0.9651577,23
2811,1,9,0.037995264,0.9620047,23
2811,2,2,0.03791972,0.9620803,23
2811,3,8,0.0362145,0.9637855,23
2811,4,16,0.03604378,0.96395624,23
2811,5,29,0.03506802,0.96493196,23
2812,1,9,0.0385685,0.9614315,23
2812,2,2,0.037869528,0.9621305,23
2812,3,8,0.036247086,0.9637529,23
2812,4,16,0.035702687,0.9642973,23
2812,5,1,0.03488836,0.9651116,23
2813,1,9,0.038124725,0.96187526,23
2813,2,2,0.03746002,0.96254,23
2813,3,16,0.036263175,0.96373683,23
2813,4,8,0.036161035,0.96383893,23
2813,5,29,0.034840252,0.9651598,23
2814,1,9,0.038088672,0.9619113,23
2814,2,2,0.03747319,0.9625268,23
2814,3,8,0.03624399,0.963756,23
2814,4,16,0.0360909,0.9639091,23
2814,5,29,0.035002466,0.96499753,23
2815,1,9,0.038132954,0.96186703,23
2815,2,2,0.037363704,0.9626363,23
2815,3,8,0.03636276,0.96363723,23
2815,4,16,0.03629011,0.9637099,23
2815,5,29,0.03482352,0.96517646,23
2816,1,9,0.038080454,0.96191955,23
2816,2,2,0.037506495,0.9624935,23
2816,3,8,0.03629142,0.9637086,23
2816,4,16,0.036211405,0.96378857,23
2816,5,29,0.03482658,0.9651734,23
2817,1,9,0.038618356,0.9613817,23
2817,2,2,0.0377839,0.9622161,23
2817,3,8,0.036224414,0.9637756,23
2817,4,16,0.035892818,0.96410716,23
2817,5,29,0.03451648,0.96548355,23
2818,1,9,0.03821135,0.96178865,23
2818,2,2,0.03737139,0.9626286,23
2818,3,8,0.03620448,0.96379554,23
2818,4,16,0.036202677,0.96379733,23
2818,5,1,0.03485037,0.96514964,23
2819,1,9,0.03820526,0.96179473,23
2819,2,2,0.03762194,0.9623781,23
2819,3,8,0.03625642,0.96374357,23
2819,4,16,0.036149282,0.96385074,23
2819,5,29,0.034795698,0.9652043,23
2820,1,9,0.038453955,0.96154606,23
2820,2,2,0.037815403,0.9621846,23
2820,3,8,0.03619225,0.96380776,23
2820,4,16,0.035718434,0.96428156,23
2820,5,1,0.03478324,0.96521676,23
2821,1,9,0.037954655,0.9620454,23
2821,2,2,0.037589766,0.9624102,23
2821,3,16,0.036366183,0.96363384,23
2821,4,8,0.036148164,0.9638518,23
2821,5,29,0.035053883,0.9649461,23
2822,1,9,0.03806566,0.9619343,23
2822,2,2,0.037509207,0.9624908,23
2822,3,8,0.03628862,0.9637114,23
2822,4,16,0.036278907,0.9637211,23
2822,5,29,0.034832325,0.9651677,23
2823,1,9,0.038208164,0.9617918,23
2823,2,2,0.03748248,0.9625175,23
2823,3,8,0.03636476,0.96363527,23
2823,4,16,0.036094278,0.9639057,23
2823,5,1,0.03489418,0.96510583,23
2824,1,9,0.038055725,0.9619443,23
2824,2,2,0.037468825,0.96253115,23
2824,3,16,0.036321793,0.9636782,23
2824,4,8,0.036247514,0.9637525,23
2824,5,29,0.034822017,0.965178,23
2825,1,9,0.038357195,0.9616428,23
2825,2,2,0.03763047,0.96236956,23
2825,3,16,0.036187407,0.9638126,23
2825,4,8,0.036138337,0.96386164,23
2825,5,29,0.034682877,0.96531713,23
2826,1,9,0.038030528,0.9619695,23
2826,2,2,0.037629053,0.96237093,23
2826,3,8,0.036269564,0.96373045,23
2826,4,16,0.036167886,0.96383214,23
2826,5,29,0.034940936,0.96505904,23
2827,1,9,0.038391702,0.9616083,23
2827,2,2,0.03761928,0.9623807,23
2827,3,8,0.036307555,0.9636924,23
2827,4,16,0.035843004,0.964157,23
2827,5,1,0.035050415,0.9649496,23
2828,1,9,0.038117975,0.961882,23
2828,2,2,0.037250835,0.9627492,23
2828,3,16,0.03633752,0.9636625,23
2828,4,8,0.036081266,0.96391875,23
2828,5,29,0.034830317,0.96516967,23
2829,1,9,0.038247794,0.9617522,23
2829,2,2,0.037655734,0.9623443,23
2829,3,8,0.036233563,0.96376646,23
2829,4,16,0.035936233,0.96406376,23
2829,5,29,0.034712207,0.9652878,23
2830,1,9,0.038327605,0.9616724,23
2830,2,2,0.03778827,0.9622117,23
2830,3,8,0.03635458,0.9636454,23
2830,4,16,0.035843305,0.9641567,23
2830,5,29,0.034757663,0.9652423,23
2831,1,9,0.038196545,0.96180344,23
2831,2,2,0.03745727,0.9625427,23
2831,3,16,0.036228385,0.96377164,23
2831,4,8,0.03620478,0.96379524,23
2831,5,1,0.03497789,0.9650221,23
2832,1,9,0.038227063,0.9617729,23
2832,2,2,0.037461463,0.96253854,23
2832,3,8,0.036231015,0.96376896,23
2832,4,16,0.036110405,0.9638896,23
2832,5,29,0.034823798,0.9651762,23
2833,1,9,0.038113642,0.96188635,23
2833,2,2,0.037340354,0.96265966,23
2833,3,8,0.03632701,0.963673,23
2833,4,16,0.036262535,0.9637375,23
2833,5,29,0.034797467,0.9652025,23
2834,1,9,0.038156375,0.9618436,23
2834,2,2,0.037393726,0.96260625,23
2834,3,16,0.036438487,0.96356153,23
2834,4,8,0.036025066,0.96397495,23
2834,5,29,0.03478968,0.9652103,23
2835,1,9,0.03838232,0.9616177,23
2835,2,2,0.0376946,0.9623054,23
2835,3,8,0.036204003,0.963796,23
2835,4,16,0.035898108,0.9641019,23
2835,5,1,0.03474696,0.96525306,23
2836,1,9,0.03811638,0.9618836,23
2836,2,2,0.037827615,0.9621724,23
2836,3,8,0.036291335,0.96370864,23
2836,4,16,0.036062863,0.96393716,23
2836,5,29,0.034981757,0.9650183,23
2837,1,9,0.038509972,0.96149004,23
2837,2,2,0.037394244,0.9626058,23
2837,3,16,0.036243804,0.9637562,23
2837,4,8,0.035966374,0.9640336,23
2837,5,29,0.034715563,0.96528447,23
2838,1,9,0.038180567,0.9618194,23
2838,2,2,0.037710004,0.96229,23
2838,3,8,0.036411125,0.9635889,23
2838,4,16,0.035801068,0.96419895,23
2838,5,1,0.03500292,0.96499705,23
2839,1,9,0.038054295,0.9619457,23
2839,2,2,0.03745387,0.9625461,23
2839,3,16,0.036405288,0.96359473,23
2839,4,8,0.036199342,0.96380067,23
2839,5,1,0.03473671,0.9652633,23
2840,1,9,0.038190346,0.96180964,23
2840,2,2,0.03742699,0.962573,23
2840,3,8,0.03635281,0.9636472,23
2840,4,16,0.036160234,0.96383977,23
2840,5,1,0.035065375,0.96493465,23
2841,1,9,0.03820899,0.96179104,23
2841,2,2,0.037497185,0.96250284,23
2841,3,16,0.03631625,0.9636837,23
2841,4,8,0.036192093,0.9638079,23
2841,5,1,0.034740184,0.9652598,23
2842,1,9,0.03776954,0.96223044,23
2842,2,2,0.037700873,0.9622991,23
2842,3,8,0.03630145,0.96369857,23
2842,4,16,0.03624507,0.96375495,23
2842,5,29,0.03514474,0.96485525,23
2843,1,9,0.038257997,0.961742,23
2843,2,2,0.03778395,0.962216,23
2843,3,8,0.036261413,0.96373856,23
2843,4,16,0.035836384,0.9641636,23
2843,5,1,0.034839764,0.96516025,23
2844,1,9,0.038220722,0.9617793,23
2844,2,2,0.037655655,0.96234435,23
2844,3,8,0.036237385,0.96376264,23
2844,4,16,0.036078762,0.96392125,23
2844,5,1,0.03469599,0.965304,23
2845,1,9,0.038298346,0.96170163,23
2845,2,2,0.037616096,0.9623839,23
2845,3,8,0.036315564,0.96368444,23
2845,4,16,0.035875734,0.96412426,23
2845,5,29,0.03470535,0.96529466,23
2846,1,9,0.038422488,0.96157753,23
2846,2,2,0.037879214,0.9621208,23
2846,3,16,0.035922308,0.9640777,23
2846,4,8,0.03584252,0.96415746,23
2846,5,29,0.034576405,0.9654236,23
2847,1,9,0.03808955,0.9619104,23
2847,2,2,0.03732803,0.962672,23
2847,3,16,0.036438175,0.96356183,23
2847,4,8,0.036346547,0.96365345,23
2847,5,29,0.03509299,0.964907,23
2848,1,9,0.038120188,0.9618798,23
2848,2,2,0.037868407,0.9621316,23
2848,3,8,0.036161363,0.96383864,23
2848,4,16,0.035941564,0.96405846,23
2848,5,1,0.034746807,0.9652532,23
2849,1,9,0.038223155,0.96177685,23
2849,2,2,0.03742572,0.9625743,23
2849,3,16,0.036378488,0.9636215,23
2849,4,8,0.0361443,0.9638557,23
2849,5,29,0.034839544,0.9651604,23
2850,1,9,0.038303513,0.9616965,23
2850,2,2,0.037532106,0.9624679,23
2850,3,8,0.03624332,0.9637567,23
2850,4,16,0.036189552,0.96381044,23
2850,5,29,0.03471782,0.9652822,23
2851,1,9,0.03823198,0.96176803,23
2851,2,2,0.03751366,0.9624863,23
2851,3,8,0.036213893,0.9637861,23
2851,4,16,0.036043275,0.9639567,23
2851,5,29,0.03478242,0.9652176,23
2852,1,9,0.038065325,0.9619347,23
2852,2,2,0.037479706,0.9625203,23
2852,3,8,0.0362619,0.9637381,23
2852,4,16,0.036260266,0.96373975,23
2852,5,29,0.034786228,0.9652138,23
2853,1,9,0.038459282,0.9615407,23
2853,2,2,0.037552714,0.9624473,23
2853,3,8,0.036170047,0.96382993,23
2853,4,16,0.03599844,0.96400154,23
2853,5,29,0.03481176,0.96518826,23
2854,1,9,0.038274847,0.9617252,23
2854,2,2,0.037447438,0.96255255,23
2854,3,8,0.03625427,0.9637457,23
2854,4,16,0.03617995,0.96382004,23
2854,5,29,0.03482169,0.9651783,23
2855,1,9,0.03861505,0.96138495,23
2855,2,2,0.03773805,0.962262,23
2855,3,16,0.035940647,0.96405935,23
2855,4,8,0.03584365,0.9641563,23
2855,5,18,0.034697253,0.96530277,23
2856,1,9,0.03835286,0.96164715,23
2856,2,2,0.037696704,0.9623033,23
2856,3,8,0.036108777,0.9638912,23
2856,4,16,0.035834778,0.9641652,23
2856,5,1,0.03470115,0.96529883,23
2857,1,9,0.03822714,0.96177286,23
2857,2,2,0.03754638,0.9624536,23
2857,3,8,0.036183655,0.96381634,23
2857,4,16,0.036038417,0.9639616,23
2857,5,1,0.03491828,0.9650817,23
2858,1,9,0.038254037,0.961746,23
2858,2,2,0.03741479,0.9625852,23
2858,3,8,0.036278687,0.96372133,23
2858,4,16,0.0360836,0.9639164,23
2858,5,29,0.034829535,0.96517044,23
2859,1,9,0.038441096,0.9615589,23
2859,2,2,0.037648514,0.9623515,23
2859,3,8,0.036133695,0.9638663,23
2859,4,16,0.036079288,0.9639207,23
2859,5,29,0.03470888,0.96529114,23
2860,1,9,0.037953045,0.962047,23
2860,2,2,0.03779943,0.9622006,23
2860,3,16,0.036126312,0.9638737,23
2860,4,8,0.03598079,0.9640192,23
2860,5,29,0.03495722,0.96504277,23
2861,1,9,0.038372338,0.96162766,23
2861,2,2,0.03770568,0.96229434,23
2861,3,8,0.03605744,0.9639426,23
2861,4,16,0.035955068,0.9640449,23
2861,5,29,0.03476267,0.9652373,23
2862,1,9,0.0382766,0.9617234,23
2862,2,2,0.037517913,0.9624821,23
2862,3,8,0.036226604,0.96377337,23
2862,4,16,0.036152273,0.96384776,23
2862,5,1,0.03480009,0.9651999,23
2863,1,9,0.03818257,0.96181744,23
2863,2,2,0.037548374,0.96245164,23
2863,3,8,0.036158293,0.9638417,23
2863,4,16,0.03611635,0.96388364,23
2863,5,1,0.034811955,0.965188,23
2864,1,9,0.03789867,0.96210134,23
2864,2,2,0.037443873,0.9625561,23
2864,3,16,0.036733594,0.96326643,23
2864,4,8,0.03607589,0.9639241,23
2864,5,1,0.034854975,0.96514505,23
2865,1,9,0.0379898,0.9620102,23
2865,2,2,0.03778289,0.9622171,23
2865,3,8,0.036277413,0.9637226,23
2865,4,16,0.035981823,0.96401817,23
2865,5,29,0.035059344,0.96494067,23
2866,1,9,0.038029857,0.96197015,23
2866,2,2,0.03757563,0.9624244,23
2866,3,8,0.036379106,0.9636209,23
2866,4,16,0.036066387,0.9639336,23
2866,5,29,0.034791626,0.96520835,23
2867,1,9,0.038323846,0.9616762,23
2867,2,2,0.03735291,0.9626471,23
2867,3,8,0.036347196,0.9636528,23
2867,4,16,0.035970386,0.9640296,23
2867,5,29,0.034827586,0.9651724,23
2868,1,9,0.038328473,0.96167153,23
2868,2,2,0.0377246,0.9622754,23
2868,3,8,0.03630145,0.96369857,23
2868,4,16,0.036047827,0.9639522,23
2868,5,1,0.03473377,0.9652662,23
2869,1,9,0.03810571,0.9618943,23
2869,2,2,0.037740353,0.96225965,23
2869,3,8,0.036229882,0.9637701,23
2869,4,16,0.03602503,0.96397495,23
2869,5,29,0.03484723,0.96515274,23
2870,1,9,0.038068574,0.9619314,23
2870,2,2,0.03754167,0.9624583,23
2870,3,8,0.03618738,0.9638126,23
2870,4,16,0.036089756,0.9639102,23
2870,5,29,0.034999277,0.96500075,23
2871,1,9,0.03809513,0.9619049,23
2871,2,2,0.037509102,0.9624909,23
2871,3,8,0.03628779,0.9637122,23
2871,4,16,0.036206212,0.9637938,23
2871,5,29,0.03483369,0.96516633,23
2872,1,9,0.03812812,0.96187186,23
2872,2,2,0.0375172,0.9624828,23
2872,3,16,0.03617262,0.9638274,23
2872,4,8,0.03615999,0.96384,23
2872,5,29,0.034847643,0.9651524,23
2873,1,9,0.038330335,0.9616697,23
2873,2,2,0.037413813,0.96258616,23
2873,3,8,0.036282685,0.96371734,23
2873,4,16,0.03617024,0.96382976,23
2873,5,29,0.034877583,0.9651224,23
2874,1,9,0.038393807,0.9616062,23
2874,2,2,0.037514634,0.9624854,23
2874,3,16,0.036124006,0.963876,23
2874,4,8,0.03607654,0.96392345,23
2874,5,29,0.034625825,0.9653742,23
2875,1,9,0.037712414,0.9622876,23
2875,2,2,0.03763077,0.9623692,23
2875,3,8,0.036413778,0.9635862,23
2875,4,16,0.03613773,0.9638623,23
2875,5,29,0.035415936,0.96458405,23
2876,1,9,0.038006127,0.9619939,23
2876,2,2,0.03745091,0.9625491,23
2876,3,16,0.03637715,0.96362287,23
2876,4,8,0.03637365,0.9636263,23
2876,5,29,0.0349117,0.9650883,23
2877,1,9,0.03810265,0.9618974,23
2877,2,2,0.03763474,0.96236527,23
2877,3,8,0.036364354,0.9636356,23
2877,4,16,0.036044125,0.9639559,23
2877,5,29,0.034922704,0.9650773,23
2878,1,9,0.038289372,0.96171063,23
2878,2,2,0.037729558,0.96227044,23
2878,3,8,0.03628241,0.9637176,23
2878,4,16,0.035918105,0.9640819,23
2878,5,1,0.03490793,0.96509206,23
2879,1,9,0.038119312,0.9618807,23
2879,2,2,0.037509162,0.96249086,23
2879,3,16,0.036262564,0.9637374,23
2879,4,8,0.03620142,0.9637986,23
2879,5,29,0.034810293,0.9651897,23
2880,1,9,0.03817374,0.96182626,23
2880,2,2,0.037340812,0.9626592,23
2880,3,8,0.03624413,0.96375585,23
2880,4,16,0.036212623,0.9637874,23
2880,5,29,0.034976505,0.9650235,23
2881,1,9,0.03827819,0.96172184,23
2881,2,2,0.03771742,0.9622826,23
2881,3,8,0.036255844,0.96374416,23
2881,4,16,0.035823867,0.9641761,23
2881,5,1,0.034893088,0.9651069,23
2882,1,9,0.038198043,0.96180195,23
2882,2,2,0.03780553,0.96219444,23
2882,3,8,0.0361404,0.9638596,23
2882,4,16,0.035941463,0.9640585,23
2882,5,29,0.03473903,0.965261,23
2883,1,9,0.038161308,0.9618387,23
2883,2,2,0.037374377,0.9626256,23
2883,3,16,0.036248907,0.9637511,23
2883,4,8,0.036229618,0.9637704,23
2883,5,29,0.034706995,0.965293,23
2884,1,9,0.038178187,0.9618218,23
2884,2,2,0.03756872,0.9624313,23
2884,3,8,0.036168832,0.9638312,23
2884,4,16,0.036055904,0.9639441,23
2884,5,29,0.034850247,0.96514976,23
2885,1,9,0.038204122,0.96179587,23
2885,2,2,0.037719183,0.9622808,23
2885,3,16,0.036224246,0.96377575,23
2885,4,8,0.03592539,0.9640746,23
2885,5,29,0.03474988,0.96525013,23
2886,1,9,0.03815214,0.96184784,23
2886,2,2,0.037387304,0.9626127,23
2886,3,16,0.03643248,0.9635675,23
2886,4,8,0.036138278,0.9638617,23
2886,5,29,0.034789056,0.9652109,23
2887,1,9,0.03852069,0.9614793,23
2887,2,2,0.03779571,0.9622043,23
2887,3,8,0.036004994,0.963995,23
2887,4,16,0.0357675,0.9642325,23
2887,5,1,0.03474462,0.9652554,23
2888,1,9,0.03841276,0.96158725,23
2888,2,2,0.037465718,0.9625343,23
2888,3,8,0.03604156,0.96395844,23
2888,4,16,0.0359225,0.9640775,23
2888,5,1,0.03474042,0.96525955,23
2889,1,9,0.038120944,0.9618791,23
2889,2,2,0.0374926,0.9625074,23
2889,3,16,0.03627694,0.96372306,23
2889,4,8,0.036143806,0.9638562,23
2889,5,29,0.03477417,0.9652258,23
2890,1,9,0.038356017,0.961644,23
2890,2,2,0.03753725,0.9624627,23
2890,3,8,0.036382902,0.9636171,23
2890,4,16,0.035939768,0.96406025,23
2890,5,1,0.034761723,0.9652383,23
2891,1,9,0.038079433,0.96192056,23
2891,2,2,0.037555415,0.9624446,23
2891,3,8,0.036361422,0.9636386,23
2891,4,16,0.036173783,0.96382624,23
2891,5,1,0.034872018,0.965128,23
2892,1,9,0.0381874,0.9618126,23
2892,2,2,0.037591208,0.9624088,23
2892,3,16,0.036234625,0.9637654,23
2892,4,8,0.036220443,0.96377957,23
2892,5,29,0.03482906,0.9651709,23
2893,1,9,0.03830828,0.96169174,23
2893,2,2,0.038015503,0.9619845,23
2893,3,8,0.036056183,0.96394384,23
2893,4,16,0.035706684,0.9642933,23
2893,5,1,0.034740508,0.9652595,23
2894,1,9,0.038296036,0.96170396,23
2894,2,2,0.038001012,0.961999,23
2894,3,8,0.036235,0.963765,23
2894,4,16,0.035868928,0.96413106,23
2894,5,29,0.034695253,0.96530473,23
2895,1,9,0.037905857,0.9620941,23
2895,2,2,0.037654098,0.9623459,23
2895,3,16,0.036265455,0.96373457,23
2895,4,8,0.03610065,0.9638994,23
2895,5,29,0.03494623,0.9650538,23
2896,1,9,0.038757637,0.9612424,23
2896,2,2,0.037613433,0.96238655,23
2896,3,16,0.036045045,0.9639549,23
2896,4,8,0.035803627,0.9641964,23
2896,5,29,0.034517426,0.9654826,23
2897,1,9,0.037848428,0.9621516,23
2897,2,2,0.037654813,0.9623452,23
2897,3,8,0.036277495,0.9637225,23
2897,4,16,0.036071457,0.9639285,23
2897,5,29,0.034858733,0.9651413,23
2898,1,9,0.038493477,0.96150655,23
2898,2,2,0.037900344,0.9620997,23
2898,3,8,0.036121126,0.96387887,23
2898,4,16,0.03574509,0.9642549,23
2898,5,1,0.034777567,0.9652224,23
2899,1,9,0.038213823,0.96178615,23
2899,2,2,0.03737922,0.9626208,23
2899,3,8,0.03632583,0.9636742,23
2899,4,16,0.036145013,0.96385497,23
2899,5,29,0.035007752,0.9649922,23
2900,1,9,0.038155396,0.9618446,23
2900,2,2,0.037595317,0.96240467,23
2900,3,8,0.036362153,0.9636378,23
2900,4,16,0.03609137,0.9639086,23
2900,5,1,0.03471627,0.96528375,23
2901,1,9,0.03825742,0.9617426,23
2901,2,2,0.03783823,0.9621618,23
2901,3,8,0.03629151,0.9637085,23
2901,4,16,0.035930064,0.96406996,23
2901,5,29,0.034726426,0.96527356,23
2902,1,9,0.038344014,0.961656,23
2902,2,2,0.03737082,0.9626292,23
2902,3,16,0.036211237,0.96378875,23
2902,4,8,0.03615635,0.96384364,23
2902,5,29,0.034931708,0.9650683,23
2903,1,9,0.03816827,0.96183175,23
2903,2,2,0.037559703,0.9624403,23
2903,3,8,0.036272462,0.96372753,23
2903,4,16,0.03606793,0.9639321,23
2903,5,29,0.03470833,0.9652917,23
2904,1,9,0.03795753,0.96204245,23
2904,2,2,0.037461065,0.96253896,23
2904,3,8,0.036290154,0.96370983,23
2904,4,16,0.036267858,0.9637321,23
2904,5,29,0.035015587,0.9649844,23
2905,1,9,0.03832845,0.96167153,23
2905,2,2,0.037644424,0.96235555,23
2905,3,8,0.036202528,0.96379745,23
2905,4,16,0.036068637,0.9639314,23
2905,5,29,0.034922116,0.9650779,23
2906,1,9,0.03797736,0.96202266,23
2906,2,2,0.03745971,0.96254027,23
2906,3,16,0.036514666,0.96348536,23
2906,4,8,0.03625618,0.9637438,23
2906,5,29,0.03499636,0.9650036,23
2907,1,9,0.038104136,0.9618959,23
2907,2,2,0.037918437,0.96208155,23
2907,3,8,0.036308326,0.96369165,23
2907,4,16,0.035988975,0.964011,23
2907,5,29,0.03503365,0.96496636,23
2908,1,9,0.038066544,0.96193343,23
2908,2,2,0.037587766,0.96241224,23
2908,3,8,0.03633027,0.9636697,23
2908,4,16,0.036020715,0.9639793,23
2908,5,29,0.034783617,0.9652164,23
2909,1,9,0.03816917,0.96183085,23
2909,2,2,0.037492782,0.96250725,23
2909,3,16,0.036299016,0.963701,23
2909,4,8,0.0362533,0.9637467,23
2909,5,1,0.034996934,0.9650031,23
2910,1,9,0.038350224,0.9616498,23
2910,2,2,0.03751516,0.96248484,23
2910,3,16,0.03618631,0.96381366,23
2910,4,8,0.03609662,0.96390337,23
2910,5,29,0.03469813,0.9653019,23
2911,1,9,0.03829643,0.96170354,23
2911,2,2,0.03750071,0.96249926,23
2911,3,16,0.036230434,0.96376956,23
2911,4,8,0.036214083,0.9637859,23
2911,5,1,0.034701876,0.9652981,23
2912,1,9,0.038196135,0.96180385,23
2912,2,2,0.037405618,0.9625944,23
2912,3,8,0.036281846,0.9637182,23
2912,4,16,0.036246922,0.9637531,23
2912,5,29,0.034836754,0.96516323,23
2913,1,9,0.03793611,0.9620639,23
2913,2,2,0.03758855,0.96241146,23
2913,3,8,0.036419578,0.9635804,23
2913,4,16,0.0361533,0.9638467,23
2913,5,29,0.035155315,0.9648447,23
2914,1,9,0.038165398,0.9618346,23
2914,2,2,0.03772194,0.96227807,23
2914,3,8,0.03614258,0.9638574,23
2914,4,16,0.03607463,0.96392536,23
2914,5,29,0.034881566,0.9651184,23
2915,1,9,0.038270213,0.96172976,23
2915,2,2,0.037805133,0.96219486,23
2915,3,8,0.036247954,0.96375203,23
2915,4,16,0.03588406,0.9641159,23
2915,5,29,0.034682088,0.9653179,23
2916,1,9,0.038435016,0.96156496,23
2916,2,2,0.03798404,0.962016,23
2916,3,8,0.036171783,0.9638282,23
2916,4,16,0.03580412,0.9641959,23
2916,5,1,0.03456107,0.9654389,23
2917,1,9,0.03835968,0.9616403,23
2917,2,2,0.037583,0.962417,23
2917,3,8,0.03615652,0.96384346,23
2917,4,16,0.036047287,0.9639527,23
2917,5,1,0.034745153,0.96525484,23
2918,1,9,0.038167022,0.961833,23
2918,2,2,0.037793178,0.96220684,23
2918,3,8,0.036221668,0.9637783,23
2918,4,16,0.036067385,0.96393263,23
2918,5,1,0.034729585,0.9652704,23
2919,1,9,0.03798366,0.96201634,23
2919,2,2,0.037545245,0.96245474,23
2919,3,8,0.036394607,0.9636054,23
2919,4,16,0.036157593,0.9638424,23
2919,5,29,0.034991324,0.9650087,23
2920,1,9,0.038045757,0.96195424,23
2920,2,2,0.037418477,0.9625815,23
2920,3,8,0.03633647,0.9636635,23
2920,4,16,0.036295567,0.9637044,23
2920,5,29,0.03492037,0.9650796,23
2921,1,9,0.037884023,0.962116,23
2921,2,2,0.037474927,0.96252507,23
2921,3,16,0.03665856,0.9633414,23
2921,4,8,0.03623705,0.96376294,23
2921,5,29,0.034996815,0.9650032,23
2922,1,9,0.038323957,0.96167606,23
2922,2,2,0.03760459,0.9623954,23
2922,3,8,0.036257394,0.9637426,23
2922,4,16,0.036115244,0.9638848,23
2922,5,29,0.034791987,0.965208,23
2923,1,9,0.038247414,0.9617526,23
2923,2,2,0.03754846,0.9624515,23
2923,3,8,0.03632804,0.963672,23
2923,4,16,0.03590238,0.9640976,23
2923,5,1,0.03493569,0.9650643,23
2924,1,9,0.038343307,0.9616567,23
2924,2,2,0.037565675,0.96243435,23
2924,3,8,0.036172077,0.9638279,23
2924,4,16,0.036137823,0.9638622,23
2924,5,29,0.034730703,0.9652693,23
2925,1,9,0.037995946,0.96200407,23
2925,2,2,0.037514836,0.9624852,23
2925,3,16,0.036383104,0.9636169,23
2925,4,8,0.036221463,0.96377856,23
2925,5,29,0.03483917,0.96516085,23
2926,1,9,0.038353175,0.9616468,23
2926,2,2,0.03749123,0.9625088,23
2926,3,16,0.036260594,0.9637394,23
2926,4,8,0.036151633,0.96384835,23
2926,5,29,0.03482662,0.96517336,23
2927,1,9,0.038154446,0.9618456,23
2927,2,2,0.037693866,0.96230614,23
2927,3,8,0.03621227,0.96378773,23
2927,4,16,0.03602645,0.9639735,23
2927,5,29,0.03509485,0.96490514,23
2928,1,9,0.03805034,0.96194965,23
2928,2,2,0.03753621,0.9624638,23
2928,3,16,0.036469925,0.96353006,23
2928,4,8,0.036064412,0.9639356,23
2928,5,29,0.03479026,0.9652097,23
2929,1,9,0.038182933,0.9618171,23
2929,2,2,0.03766,0.96234,23
2929,3,8,0.036322515,0.96367747,23
2929,4,16,0.036085423,0.9639146,23
2929,5,1,0.03485682,0.9651432,23
2930,1,9,0.03804827,0.96195173,23
2930,2,2,0.03776421,0.9622358,23
2930,3,8,0.03615444,0.96384555,23
2930,4,16,0.03605339,0.9639466,23
2930,5,29,0.034774307,0.9652257,23
2931,1,9,0.038360484,0.9616395,23
2931,2,2,0.037614755,0.96238524,23
2931,3,8,0.036329303,0.9636707,23
2931,4,16,0.035962027,0.96403795,23
2931,5,29,0.034729373,0.96527064,23
2932,1,9,0.038398158,0.96160185,23
2932,2,2,0.037668046,0.96233195,23
2932,3,8,0.036214456,0.9637855,23
2932,4,16,0.035875406,0.9641246,23
2932,5,1,0.034904066,0.96509594,23
2933,1,9,0.037857436,0.9621426,23
2933,2,2,0.037376862,0.9626231,23
2933,3,16,0.036433034,0.96356696,23
2933,4,8,0.03641279,0.9635872,23
2933,5,29,0.034984652,0.96501535,23
2934,1,9,0.038267788,0.9617322,23
2934,2,2,0.037649978,0.96235,23
2934,3,16,0.036189903,0.9638101,23
2934,4,8,0.036159173,0.96384084,23
2934,5,29,0.034645867,0.96535414,23
2935,1,9,0.038466323,0.96153367,23
2935,2,2,0.03744827,0.9625517,23
2935,3,8,0.036253292,0.9637467,23
2935,4,16,0.036117777,0.9638822,23
2935,5,29,0.034670334,0.96532965,23
2936,1,9,0.038357064,0.9616429,23
2936,2,2,0.03774289,0.9622571,23
2936,3,8,0.036419883,0.96358013,23
2936,4,16,0.035802387,0.96419764,23
2936,5,1,0.03485372,0.9651463,23
2937,1,9,0.038076255,0.9619237,23
2937,2,2,0.037490655,0.96250933,23
2937,3,16,0.036176533,0.96382344,23
2937,4,8,0.03614396,0.96385604,23
2937,5,29,0.03473297,0.965267,23
2938,1,9,0.038169444,0.96183056,23
2938,2,2,0.037853543,0.96214646,23
2938,3,8,0.036427267,0.96357274,23
2938,4,16,0.035836305,0.9641637,23
2938,5,1,0.03474873,0.96525127,23
2939,1,9,0.03826311,0.9617369,23
2939,2,2,0.037649788,0.9623502,23
2939,3,16,0.03613545,0.96386456,23
2939,4,8,0.036023267,0.96397674,23
2939,5,29,0.034631807,0.9653682,23
2940,1,9,0.03802197,0.961978,23
2940,2,2,0.03776957,0.96223044,23
2940,3,8,0.036335975,0.96366405,23
2940,4,16,0.035972044,0.96402794,23
2940,5,29,0.03474578,0.96525425,23
2941,1,9,0.038456608,0.9615434,23
2941,2,2,0.03734917,0.96265084,23
2941,3,16,0.036178537,0.9638215,23
2941,4,8,0.036098834,0.96390116,23
2941,5,29,0.03481338,0.9651866,23
2942,1,9,0.038243443,0.9617566,23
2942,2,2,0.0379431,0.9620569,23
2942,3,8,0.036279324,0.9637207,23
2942,4,16,0.035834033,0.964166,23
2942,5,1,0.03486314,0.9651369,23
2943,1,9,0.03807232,0.96192765,23
2943,2,2,0.03744072,0.9625593,23
2943,3,16,0.036418777,0.9635812,23
2943,4,8,0.036119662,0.96388036,23
2943,5,29,0.034966588,0.9650334,23
2944,1,9,0.03844654,0.96155345,23
2944,2,2,0.037778046,0.962222,23
2944,3,8,0.03632923,0.9636708,23
2944,4,16,0.035767846,0.96423215,23
2944,5,1,0.034682937,0.9653171,23
2945,1,9,0.03816378,0.9618362,23
2945,2,2,0.03745205,0.96254796,23
2945,3,16,0.036298927,0.96370107,23
2945,4,8,0.03612252,0.9638775,23
2945,5,29,0.03467069,0.9653293,23
2946,1,9,0.038065452,0.96193457,23
2946,2,2,0.037528325,0.96247166,23
2946,3,8,0.036310792,0.9636892,23
2946,4,16,0.036128238,0.9638718,23
2946,5,29,0.03486998,0.96513003,23
2947,1,9,0.038215566,0.9617844,23
2947,2,2,0.03754409,0.9624559,23
2947,3,8,0.03640824,0.96359175,23
2947,4,16,0.036153816,0.9638462,23
2947,5,29,0.034785517,0.9652145,23
2948,1,9,0.038193233,0.9618068,23
2948,2,2,0.037897848,0.9621022,23
2948,3,8,0.036234353,0.9637656,23
2948,4,16,0.035947803,0.9640522,23
2948,5,29,0.034748495,0.9652515,23
2949,1,9,0.038018808,0.9619812,23
2949,2,2,0.037581794,0.9624182,23
2949,3,8,0.0363917,0.9636083,23
2949,4,16,0.036228746,0.9637712,23
2949,5,29,0.035080317,0.9649197,23
2950,1,9,0.038076553,0.9619234,23
2950,2,2,0.037661437,0.96233857,23
2950,3,8,0.036316287,0.9636837,23
2950,4,16,0.03606066,0.9639393,23
2950,5,29,0.034941986,0.965058,23
2951,1,9,0.037986655,0.96201336,23
2951,2,2,0.037537124,0.9624629,23
2951,3,16,0.036410164,0.96358985,23
2951,4,8,0.036365904,0.9636341,23
2951,5,29,0.03492067,0.9650793,23
2952,1,9,0.038088467,0.96191156,23
2952,2,2,0.03756135,0.96243864,23
2952,3,8,0.036260955,0.96373904,23
2952,4,16,0.03609569,0.9639043,23
2952,5,29,0.034802247,0.96519774,23
2953,1,9,0.038226712,0.9617733,23
2953,2,2,0.03772834,0.9622717,23
2953,3,8,0.03622724,0.9637728,23
2953,4,16,0.03591659,0.96408343,23
2953,5,1,0.034663808,0.9653362,23
2954,1,9,0.03799367,0.96200633,23
2954,2,2,0.037591074,0.9624089,23
2954,3,8,0.036327604,0.9636724,23
2954,4,16,0.036190983,0.963809,23
2954,5,29,0.034852084,0.9651479,23
2955,1,9,0.03802908,0.9619709,23
2955,2,2,0.03734731,0.9626527,23
2955,3,16,0.03634873,0.9636513,23
2955,4,8,0.036308434,0.9636916,23
2955,5,29,0.034956805,0.9650432,23
2956,1,9,0.038517214,0.96148276,23
2956,2,2,0.03777202,0.962228,23
2956,3,8,0.036187194,0.9638128,23
2956,4,16,0.035729393,0.9642706,23
2956,5,1,0.034923136,0.96507686,23
2957,1,9,0.03807442,0.96192557,23
2957,2,2,0.03740209,0.9625979,23
2957,3,16,0.03646675,0.9635332,23
2957,4,8,0.03615908,0.9638409,23
2957,5,29,0.03484559,0.9651544,23
2958,1,9,0.03797271,0.9620273,23
2958,2,2,0.03772862,0.9622714,23
2958,3,8,0.036556106,0.9634439,23
2958,4,16,0.035958122,0.9640419,23
2958,5,29,0.034868483,0.9651315,23
2959,1,9,0.038058214,0.9619418,23
2959,2,2,0.037580404,0.96241957,23
2959,3,16,0.036203284,0.96379673,23
2959,4,8,0.03610054,0.96389943,23
2959,5,29,0.034918986,0.96508104,23
2960,1,9,0.038063806,0.9619362,23
2960,2,2,0.03748017,0.9625198,23
2960,3,8,0.03632737,0.96367264,23
2960,4,16,0.036231123,0.9637689,23
2960,5,29,0.03502094,0.96497905,23
2961,1,9,0.038017727,0.96198225,23
2961,2,2,0.03745555,0.96254444,23
2961,3,16,0.036207274,0.96379274,23
2961,4,8,0.03617009,0.96382993,23
2961,5,29,0.034820486,0.9651795,23
2962,1,9,0.03816135,0.96183866,23
2962,2,2,0.037515197,0.9624848,23
2962,3,8,0.036254745,0.96374524,23
2962,4,16,0.03620285,0.96379715,23
2962,5,1,0.035026565,0.96497345,23
2963,1,9,0.0384079,0.9615921,23
2963,2,2,0.03762445,0.9623755,23
2963,3,8,0.03621531,0.9637847,23
2963,4,16,0.03593463,0.9640654,23
2963,5,29,0.034656618,0.96534336,23
2964,1,9,0.038019516,0.96198046,23
2964,2,2,0.03782257,0.96217746,23
2964,3,8,0.036481027,0.963519,23
2964,4,16,0.035954423,0.9640456,23
2964,5,29,0.034958575,0.9650414,23
2965,1,9,0.038188882,0.9618111,23
2965,2,2,0.037561428,0.9624386,23
2965,3,8,0.036321096,0.9636789,23
2965,4,16,0.036182124,0.9638179,23
2965,5,29,0.034712996,0.965287,23
2966,1,9,0.03800762,0.9619924,23
2966,2,2,0.037344992,0.962655,23
2966,3,8,0.036431637,0.9635684,23
2966,4,16,0.03636655,0.9636335,23
2966,5,29,0.035109837,0.9648902,23
2967,1,9,0.038543895,0.9614561,23
2967,2,2,0.037505195,0.9624948,23
2967,3,8,0.036311302,0.9636887,23
2967,4,16,0.03611043,0.9638896,23
2967,5,29,0.034647934,0.96535206,23
2968,1,9,0.03813232,0.9618677,23
2968,2,2,0.037417177,0.9625828,23
2968,3,8,0.03624681,0.96375316,23
2968,4,16,0.036176678,0.9638233,23
2968,5,29,0.03485456,0.96514547,23
2969,1,9,0.038480114,0.9615199,23
2969,2,2,0.037923016,0.96207696,23
2969,3,8,0.036137395,0.9638626,23
2969,4,16,0.03588429,0.96411574,23
2969,5,1,0.034580693,0.9654193,23
2970,1,9,0.038172558,0.96182746,23
2970,2,2,0.037590373,0.9624096,23
2970,3,8,0.036251716,0.9637483,23
2970,4,16,0.036029972,0.96397,23
2970,5,29,0.03512017,0.9648798,23
2971,1,9,0.038067237,0.9619328,23
2971,2,2,0.037970416,0.9620296,23
2971,3,8,0.036326665,0.96367335,23
2971,4,16,0.03575077,0.96424925,23
2971,5,1,0.035016973,0.96498305,23
2972,1,9,0.03855385,0.96144617,23
2972,2,2,0.03744267,0.9625573,23
2972,3,16,0.036088515,0.9639115,23
2972,4,8,0.035929646,0.9640704,23
2972,5,18,0.034670822,0.9653292,23
2973,1,9,0.038095444,0.9619045,23
2973,2,2,0.03730667,0.96269333,23
2973,3,16,0.036488917,0.9635111,23
2973,4,8,0.036195464,0.96380454,23
2973,5,1,0.03479832,0.9652017,23
2974,1,9,0.03815213,0.9618479,23
2974,2,2,0.037628975,0.96237105,23
2974,3,8,0.036290422,0.9637096,23
2974,4,16,0.036088094,0.9639119,23
2974,5,29,0.034775145,0.96522486,23
2975,1,9,0.038491018,0.961509,23
2975,2,2,0.037660133,0.9623399,23
2975,3,8,0.03631288,0.9636871,23
2975,4,16,0.035899717,0.9641003,23
2975,5,1,0.03462113,0.9653789,23
2976,1,9,0.038574,0.961426,23
2976,2,2,0.03789266,0.96210736,23
2976,3,8,0.03614345,0.9638566,23
2976,4,16,0.035829917,0.9641701,23
2976,5,1,0.034774173,0.9652258,23
2977,1,9,0.038348652,0.9616513,23
2977,2,2,0.037758723,0.9622413,23
2977,3,8,0.03633011,0.9636699,23
2977,4,16,0.035884544,0.96411544,23
2977,5,1,0.034963552,0.96503645,23
2978,1,9,0.038229957,0.96177006,23
2978,2,2,0.037739515,0.9622605,23
2978,3,8,0.036210686,0.96378934,23
2978,4,16,0.03589221,0.9641078,23
2978,5,29,0.034708187,0.9652918,23
2979,1,9,0.03812875,0.96187127,23
2979,2,2,0.037568554,0.96243143,23
2979,3,8,0.036311947,0.9636881,23
2979,4,16,0.036006495,0.9639935,23
2979,5,1,0.03478249,0.96521753,23
2980,1,9,0.038271595,0.9617284,23
2980,2,2,0.037366748,0.96263325,23
2980,3,8,0.036286715,0.9637133,23
2980,4,16,0.036235794,0.9637642,23
2980,5,29,0.034783505,0.9652165,23
2981,1,9,0.038344245,0.96165574,23
2981,2,2,0.037280433,0.96271956,23
2981,3,8,0.036227174,0.96377283,23
2981,4,16,0.036087345,0.96391267,23
2981,5,1,0.03485857,0.9651414,23
2982,1,9,0.038382746,0.96161723,23
2982,2,2,0.037652597,0.9623474,23
2982,3,8,0.036104064,0.9638959,23
2982,4,16,0.035918053,0.96408194,23
2982,5,1,0.03463051,0.96536946,23
2983,1,9,0.038157318,0.96184266,23
2983,2,2,0.037599728,0.96240026,23
2983,3,8,0.03634136,0.96365863,23
2983,4,16,0.036128838,0.9638712,23
2983,5,1,0.034751922,0.9652481,23
2984,1,9,0.038177952,0.96182203,23
2984,2,2,0.037778877,0.96222115,23
2984,3,8,0.03627686,0.9637231,23
2984,4,16,0.035938215,0.9640618,23
2984,5,1,0.034765296,0.9652347,23
2985,1,9,0.038198505,0.96180147,23
2985,2,2,0.03775332,0.96224666,23
2985,3,8,0.036305875,0.9636941,23
2985,4,16,0.03602467,0.9639753,23
2985,5,29,0.03481806,0.96518195,23
2986,1,9,0.038495444,0.9615046,23
2986,2,2,0.037950426,0.9620496,23
2986,3,8,0.036197215,0.9638028,23
2986,4,16,0.035773717,0.9642263,23
2986,5,1,0.03461835,0.9653816,23
2987,1,9,0.038158514,0.96184146,23
2987,2,2,0.037815504,0.9621845,23
2987,3,8,0.03629592,0.9637041,23
2987,4,16,0.03599259,0.96400744,23
2987,5,29,0.034813553,0.9651865,23
2988,1,9,0.038381733,0.96161824,23
2988,2,2,0.037442584,0.96255744,23
2988,3,8,0.03637753,0.96362245,23
2988,4,16,0.036036342,0.9639636,23
2988,5,29,0.034730077,0.9652699,23
2989,1,9,0.03824272,0.9617573,23
2989,2,2,0.0373748,0.9626252,23
2989,3,16,0.036484435,0.9635156,23
2989,4,8,0.036130127,0.96386987,23
2989,5,29,0.034847047,0.965153,23
2990,1,9,0.03803885,0.96196115,23
2990,2,2,0.03749109,0.9625089,23
2990,3,16,0.0366136,0.9633864,23
2990,4,8,0.036087133,0.96391284,23
2990,5,29,0.034758758,0.96524125,23
2991,1,9,0.038137782,0.9618622,23
2991,2,2,0.0377123,0.9622877,23
2991,3,8,0.03633836,0.9636617,23
2991,4,16,0.035973012,0.964027,23
2991,5,29,0.03484498,0.965155,23
2992,1,9,0.038219996,0.96178,23
2992,2,2,0.037512083,0.96248794,23
2992,3,16,0.03633694,0.96366304,23
2992,4,8,0.036033135,0.96396685,23
2992,5,29,0.034750544,0.9652495,23
2993,1,9,0.038368355,0.96163166,23
2993,2,2,0.03744647,0.9625535,23
2993,3,8,0.036227457,0.96377254,23
2993,4,16,0.03604997,0.96395004,23
2993,5,29,0.034692828,0.9653072,23
2994,1,9,0.038397215,0.9616028,23
2994,2,2,0.03756562,0.9624344,23
2994,3,8,0.03614822,0.9638518,23
2994,4,16,0.036044523,0.96395546,23
2994,5,29,0.034727875,0.9652721,23
2995,1,9,0.038329277,0.9616707,23
2995,2,2,0.037468255,0.96253175,23
2995,3,8,0.036243606,0.9637564,23
2995,4,16,0.036062658,0.96393734,23
2995,5,1,0.034866057,0.96513397,23
2996,1,9,0.038096603,0.9619034,23
2996,2,2,0.037319537,0.96268046,23
2996,3,8,0.036302153,0.96369785,23
2996,4,16,0.036219463,0.9637805,23
2996,5,1,0.034931578,0.9650684,23
2997,1,9,0.03813537,0.96186465,23
2997,2,2,0.03764189,0.9623581,23
2997,3,8,0.036268312,0.9637317,23
2997,4,16,0.036010865,0.96398914,23
2997,5,29,0.034690734,0.96530926,23
2998,1,9,0.03828162,0.9617184,23
2998,2,2,0.03758075,0.9624193,23
2998,3,8,0.036280565,0.9637194,23
2998,4,16,0.03609391,0.9639061,23
2998,5,29,0.034755837,0.9652442,23
2999,1,9,0.03826113,0.9617389,23
2999,2,2,0.03752749,0.9624725,23
2999,3,16,0.036238648,0.9637613,23
2999,4,8,0.036125183,0.9638748,23
2999,5,29,0.034780644,0.9652194,23
3000,1,9,0.038516015,0.96148396,23
3000,2,2,0.037575155,0.9624249,23
3000,3,8,0.03601373,0.9639863,23
3000,4,16,0.03598129,0.9640187,23
3000,5,29,0.03468913,0.9653109,23
3001,1,9,0.03817543,0.9618246,23
3001,2,2,0.037835483,0.9621645,23
3001,3,8,0.036135387,0.9638646,23
3001,4,16,0.036009844,0.96399015,23
3001,5,1,0.034791727,0.9652083,23
3002,1,9,0.038349044,0.96165097,23
3002,2,2,0.037996743,0.96200323,23
3002,3,8,0.0363073,0.9636927,23
3002,4,16,0.03585862,0.96414137,23
3002,5,1,0.03474566,0.96525437,23
3003,1,9,0.038636334,0.9613637,23
3003,2,2,0.037596688,0.9624033,23
3003,3,8,0.035990167,0.9640098,23
3003,4,16,0.035966158,0.96403384,23
3003,5,29,0.03458904,0.96541095,23
3004,1,9,0.038405597,0.9615944,23
3004,2,2,0.037882537,0.96211743,23
3004,3,8,0.035956822,0.9640432,23
3004,4,16,0.035900805,0.96409917,23
3004,5,1,0.034656983,0.965343,23
3005,1,9,0.038217165,0.9617828,23
3005,2,2,0.03761425,0.9623858,23
3005,3,16,0.036106504,0.9638935,23
3005,4,8,0.035988547,0.96401143,23
3005,5,29,0.034849595,0.9651504,23
3006,1,9,0.038201608,0.96179837,23
3006,2,2,0.037573393,0.9624266,23
3006,3,8,0.036264054,0.96373594,23
3006,4,16,0.036150917,0.96384907,23
3006,5,1,0.034872923,0.96512705,23
3007,1,9,0.038396426,0.9616036,23
3007,2,2,0.037666477,0.9623335,23
3007,3,8,0.036391534,0.96360844,23
3007,4,16,0.03595027,0.96404976,23
3007,5,29,0.034887366,0.9651126,23
3008,1,9,0.038467187,0.96153283,23
3008,2,2,0.037888173,0.96211183,23
3008,3,8,0.03603121,0.9639688,23
3008,4,16,0.035978965,0.964021,23
3008,5,29,0.034556188,0.9654438,23
3009,1,9,0.038214337,0.9617857,23
3009,2,2,0.037685886,0.9623141,23
3009,3,8,0.036299497,0.96370053,23
3009,4,16,0.03612004,0.96387994,23
3009,5,1,0.034875404,0.9651246,23
3010,1,9,0.038271945,0.96172804,23
3010,2,2,0.037739877,0.9622601,23
3010,3,8,0.0363011,0.9636989,23
3010,4,16,0.035924237,0.96407574,23
3010,5,29,0.034623537,0.96537644,23
3011,1,9,0.038274042,0.96172595,23
3011,2,2,0.03784857,0.9621514,23
3011,3,8,0.036226366,0.9637736,23
3011,4,16,0.035979647,0.9640204,23
3011,5,1,0.034784343,0.9652157,23
3012,1,9,0.03825282,0.96174717,23
3012,2,2,0.037610967,0.96238905,23
3012,3,8,0.036435463,0.9635645,23
3012,4,16,0.03594162,0.9640584,23
3012,5,29,0.03485408,0.96514595,23
3013,1,9,0.038104642,0.96189535,23
3013,2,2,0.03763995,0.96236,23
3013,3,16,0.036309738,0.9636903,23
3013,4,8,0.036082853,0.96391714,23
3013,5,29,0.03490757,0.9650924,23
3014,1,9,0.038321447,0.96167856,23
3014,2,2,0.037950866,0.9620491,23
3014,3,8,0.03610538,0.9638946,23
3014,4,16,0.03588495,0.964115,23
3014,5,29,0.034666896,0.9653331,23
3015,1,9,0.038002428,0.96199757,23
3015,2,2,0.03754235,0.96245766,23
3015,3,16,0.036390245,0.96360976,23
3015,4,8,0.03604225,0.9639577,23
3015,5,1,0.03487389,0.9651261,23
3016,1,9,0.03828483,0.96171516,23
3016,2,2,0.037626512,0.9623735,23
3016,3,8,0.036321208,0.9636788,23
3016,4,16,0.03585777,0.9641422,23
3016,5,1,0.03492805,0.965072,23
3017,1,9,0.038159966,0.96184003,23
3017,2,2,0.037867248,0.96213275,23
3017,3,8,0.03610194,0.96389806,23
3017,4,16,0.03607417,0.96392584,23
3017,5,29,0.0348736,0.9651264,23
3018,1,9,0.0380923,0.9619077,23
3018,2,2,0.038055044,0.96194494,23
3018,3,8,0.036066703,0.9639333,23
3018,4,16,0.035970286,0.9640297,23
3018,5,29,0.034865465,0.96513456,23
3019,1,9,0.038307685,0.96169233,23
3019,2,2,0.037879344,0.96212065,23
3019,3,8,0.03626131,0.9637387,23
3019,4,16,0.035967316,0.9640327,23
3019,5,1,0.03465157,0.9653484,23
3020,1,9,0.03840393,0.9615961,23
3020,2,2,0.0375342,0.9624658,23
3020,3,8,0.036169227,0.96383077,23
3020,4,16,0.036125097,0.9638749,23
3020,5,29,0.03476597,0.96523404,23
3021,1,9,0.03789892,0.9621011,23
3021,2,2,0.037471794,0.9625282,23
3021,3,8,0.03628776,0.9637122,23
3021,4,16,0.036249418,0.9637506,23
3021,5,1,0.034801856,0.96519816,23
3022,1,9,0.03840465,0.96159536,23
3022,2,2,0.037810612,0.9621894,23
3022,3,8,0.036213476,0.96378654,23
3022,4,16,0.03591576,0.96408427,23
3022,5,1,0.0346716,0.9653284,23
3023,1,9,0.038136955,0.96186304,23
3023,2,2,0.03771906,0.9622809,23
3023,3,8,0.03625266,0.9637473,23
3023,4,16,0.03597309,0.9640269,23
3023,5,1,0.034885585,0.9651144,23
3024,1,9,0.038556524,0.9614435,23
3024,2,2,0.037649352,0.96235067,23
3024,3,8,0.036152393,0.96384764,23
3024,4,16,0.035997365,0.9640026,23
3024,5,29,0.034640383,0.9653596,23
3025,1,9,0.03826277,0.9617372,23
3025,2,2,0.037854914,0.9621451,23
3025,3,8,0.036221374,0.9637786,23
3025,4,16,0.035884272,0.96411574,23
3025,5,1,0.03493578,0.9650642,23
3026,1,9,0.03854734,0.96145266,23
3026,2,2,0.037852682,0.9621473,23
3026,3,8,0.036220394,0.9637796,23
3026,4,16,0.03573202,0.96426797,23
3026,5,1,0.034779623,0.9652204,23
3027,1,9,0.038095344,0.96190464,23
3027,2,2,0.03722551,0.9627745,23
3027,3,8,0.036364898,0.9636351,23
3027,4,16,0.03634134,0.9636587,23
3027,5,29,0.0349677,0.9650323,23
3028,1,9,0.03796828,0.9620317,23
3028,2,2,0.037538283,0.9624617,23
3028,3,16,0.036445677,0.9635543,23
3028,4,8,0.036279805,0.9637202,23
3028,5,29,0.034938257,0.9650617,23
3029,1,9,0.038073994,0.961926,23
3029,2,2,0.037699133,0.9623009,23
3029,3,8,0.036205046,0.96379495,23
3029,4,16,0.036031146,0.9639689,23
3029,5,29,0.03477852,0.96522146,23
3030,1,9,0.03806968,0.96193033,23
3030,2,2,0.0379579,0.9620421,23
3030,3,8,0.03601262,0.96398735,23
3030,4,16,0.036001332,0.9639987,23
3030,5,29,0.03459878,0.96540123,23
3031,1,9,0.038073655,0.96192634,23
3031,2,2,0.037571903,0.9624281,23
3031,3,8,0.036275975,0.963724,23
3031,4,16,0.03604581,0.9639542,23
3031,5,1,0.034796987,0.965203,23
3032,1,9,0.038113985,0.961886,23
3032,2,2,0.037558883,0.9624411,23
3032,3,8,0.036427516,0.9635725,23
3032,4,16,0.036031634,0.9639684,23
3032,5,29,0.034853555,0.9651464,23
3033,1,9,0.03812385,0.96187615,23
3033,2,2,0.037555035,0.96244496,23
3033,3,8,0.036178987,0.963821,23
3033,4,16,0.03608155,0.96391845,23
3033,5,29,0.034974385,0.9650256,23
3034,1,9,0.038087867,0.96191216,23
3034,2,2,0.03756305,0.962437,23
3034,3,8,0.03624591,0.9637541,23
3034,4,16,0.0362339,0.9637661,23
3034,5,29,0.03483649,0.9651635,23
3035,1,9,0.03821391,0.9617861,23
3035,2,2,0.03784113,0.96215886,23
3035,3,8,0.036293462,0.96370655,23
3035,4,16,0.03568465,0.96431535,23
3035,5,1,0.034902297,0.9650977,23
3036,1,9,0.038266193,0.9617338,23
3036,2,2,0.037545178,0.9624548,23
3036,3,8,0.036248513,0.9637515,23
3036,4,16,0.036118504,0.9638815,23
3036,5,1,0.034707256,0.96529275,23
3037,1,9,0.038180202,0.96181977,23
3037,2,2,0.03750838,0.96249163,23
3037,3,8,0.03634678,0.9636532,23
3037,4,16,0.03618745,0.96381253,23
3037,5,29,0.03474747,0.9652525,23
3038,1,9,0.038408346,0.96159166,23
3038,2,2,0.0375801,0.9624199,23
3038,3,8,0.036175173,0.9638248,23
3038,4,16,0.036015708,0.9639843,23
3038,5,1,0.03484538,0.96515465,23
3039,1,9,0.038292713,0.9617073,23
3039,2,2,0.03785019,0.9621498,23
3039,3,8,0.036332697,0.9636673,23
3039,4,16,0.035880204,0.9641198,23
3039,5,1,0.034763493,0.9652365,23
3040,1,9,0.038553152,0.9614468,23
3040,2,2,0.03733662,0.96266335,23
3040,3,8,0.036191832,0.9638082,23
3040,4,16,0.036182366,0.96381766,23
3040,5,29,0.03478833,0.9652117,23
3041,1,9,0.038172636,0.96182734,23
3041,2,2,0.037777755,0.9622222,23
3041,3,8,0.03621223,0.9637878,23
3041,4,16,0.0360322,0.9639678,23
3041,5,1,0.034983367,0.9650166,23
3042,1,9,0.03851327,0.96148676,23
3042,2,2,0.038022295,0.9619777,23
3042,3,8,0.036094084,0.96390593,23
3042,4,16,0.03578156,0.96421844,23
3042,5,1,0.034583677,0.9654163,23
3043,1,9,0.038302325,0.9616977,23
3043,2,2,0.03794413,0.96205586,23
3043,3,8,0.036324415,0.96367556,23
3043,4,16,0.03584783,0.96415216,23
3043,5,1,0.034935474,0.9650645,23
3044,1,9,0.038104773,0.9618952,23
3044,2,2,0.037855197,0.9621448,23
3044,3,8,0.036261067,0.9637389,23
3044,4,16,0.035960067,0.9640399,23
3044,5,1,0.03501846,0.96498156,23
3045,1,9,0.038387347,0.96161264,23
3045,2,2,0.037695598,0.9623044,23
3045,3,8,0.036396947,0.9636031,23
3045,4,16,0.03574748,0.96425253,23
3045,5,29,0.03468526,0.96531475,23
3046,1,9,0.037966944,0.96203303,23
3046,2,2,0.03794376,0.9620562,23
3046,3,8,0.036278535,0.96372145,23
3046,4,16,0.03601964,0.9639804,23
3046,5,29,0.035057265,0.96494275,23
3047,1,9,0.03815359,0.9618464,23
3047,2,2,0.03771784,0.9622822,23
3047,3,8,0.03644699,0.963553,23
3047,4,16,0.035989,0.964011,23
3047,5,29,0.03482944,0.96517056,23
3048,1,9,0.03802448,0.9619755,23
3048,2,2,0.03747229,0.9625277,23
3048,3,16,0.03637944,0.96362054,23
3048,4,8,0.03614772,0.9638523,23
3048,5,29,0.03478261,0.9652174,23
3049,1,9,0.038317803,0.9616822,23
3049,2,2,0.03770679,0.9622932,23
3049,3,8,0.03628033,0.96371967,23
3049,4,16,0.03613038,0.96386963,23
3049,5,1,0.03471443,0.96528554,23
3050,1,9,0.038250133,0.96174985,23
3050,2,2,0.037730403,0.9622696,23
3050,3,8,0.036372013,0.963628,23
3050,4,16,0.035964157,0.96403587,23
3050,5,1,0.034794413,0.9652056,23
3051,1,9,0.038143832,0.9618562,23
3051,2,2,0.037360337,0.9626397,23
3051,3,16,0.036411013,0.963589,23
3051,4,8,0.03612935,0.96387064,23
3051,5,29,0.034785643,0.9652144,23
3052,1,9,0.038473357,0.96152663,23
3052,2,2,0.03773191,0.9622681,23
3052,3,8,0.036375612,0.96362436,23
3052,4,16,0.03582263,0.96417737,23
3052,5,1,0.034651674,0.9653483,23
3053,1,9,0.038340148,0.96165985,23
3053,2,2,0.037723683,0.96227634,23
3053,3,8,0.03616054,0.9638395,23
3053,4,16,0.03613575,0.96386427,23
3053,5,29,0.034882654,0.96511734,23
3054,1,9,0.038041715,0.9619583,23
3054,2,2,0.037544876,0.96245515,23
3054,3,8,0.036354404,0.9636456,23
3054,4,16,0.036018815,0.9639812,23
3054,5,29,0.035016954,0.96498305,23
3055,1,9,0.03816216,0.9618378,23
3055,2,2,0.03765803,0.96234196,23
3055,3,16,0.036244873,0.96375513,23
3055,4,8,0.036121733,0.9638783,23
3055,5,29,0.03483008,0.9651699,23
3056,1,9,0.038094807,0.9619052,23
3056,2,2,0.037595633,0.9624044,23
3056,3,8,0.0362726,0.9637274,23
3056,4,16,0.036207028,0.963793,23
3056,5,29,0.03488574,0.96511424,23
3057,1,9,0.038120173,0.96187985,23
3057,2,2,0.037374683,0.9626253,23
3057,3,16,0.036585603,0.9634144,23
3057,4,8,0.03604305,0.96395695,23
3057,5,29,0.03477056,0.96522945,23
3058,1,9,0.038291294,0.9617087,23
3058,2,2,0.03782539,0.9621746,23
3058,3,8,0.036327112,0.9636729,23
3058,4,16,0.03590575,0.9640943,23
3058,5,1,0.03466984,0.9653302,23
3059,1,9,0.03839988,0.9616001,23
3059,2,2,0.03779089,0.9622091,23
3059,3,8,0.03616171,0.9638383,23
3059,4,16,0.03576548,0.96423453,23
3059,5,1,0.034801356,0.96519864,23
3060,1,9,0.037878565,0.9621214,23
3060,2,2,0.037477266,0.96252275,23
3060,3,8,0.03631718,0.96368283,23
3060,4,16,0.036268294,0.9637317,23
3060,5,29,0.03528826,0.9647117,23
3061,1,9,0.038224727,0.9617753,23
3061,2,2,0.037669044,0.96233094,23
3061,3,8,0.03621046,0.9637895,23
3061,4,16,0.03600271,0.9639973,23
3061,5,29,0.03470092,0.96529907,23
3062,1,9,0.038103692,0.9618963,23
3062,2,2,0.03758691,0.9624131,23
3062,3,16,0.036336705,0.9636633,23
3062,4,8,0.03598696,0.96401304,23
3062,5,29,0.03480333,0.96519667,23
3063,1,9,0.03809484,0.9619052,23
3063,2,2,0.03742756,0.96257246,23
3063,3,16,0.036352232,0.9636478,23
3063,4,8,0.035991162,0.9640088,23
3063,5,29,0.034739684,0.9652603,23
3064,1,9,0.038381137,0.96161884,23
3064,2,2,0.03741338,0.96258664,23
3064,3,8,0.03631849,0.9636815,23
3064,4,16,0.036019776,0.9639802,23
3064,5,29,0.034863316,0.9651367,23
3065,1,9,0.03811507,0.9618849,23
3065,2,2,0.037689917,0.9623101,23
3065,3,16,0.036290035,0.96370995,23
3065,4,8,0.03589679,0.9641032,23
3065,5,29,0.034816746,0.96518326,23
3066,1,9,0.038346443,0.96165353,23
3066,2,2,0.037595846,0.96240413,23
3066,3,8,0.036247566,0.96375245,23
3066,4,16,0.0359705,0.9640295,23
3066,5,29,0.034803227,0.9651968,23
3067,1,9,0.037932985,0.962067,23
3067,2,2,0.03767394,0.96232605,23
3067,3,16,0.03621001,0.96379,23
3067,4,8,0.0361636,0.96383643,23
3067,5,29,0.034880433,0.96511954,23
3068,1,9,0.03822043,0.9617796,23
3068,2,2,0.037799608,0.9622004,23
3068,3,8,0.036312748,0.96368724,23
3068,4,16,0.03583368,0.96416634,23
3068,5,1,0.034752965,0.96524704,23
3069,1,9,0.038098536,0.9619015,23
3069,2,2,0.037751526,0.96224844,23
3069,3,8,0.036319196,0.9636808,23
3069,4,16,0.036063254,0.96393675,23
3069,5,29,0.035001997,0.964998,23
3070,1,9,0.038106985,0.961893,23
3070,2,2,0.037716646,0.9622834,23
3070,3,8,0.036430433,0.9635696,23
3070,4,16,0.035830412,0.96416956,23
3070,5,1,0.035078812,0.9649212,23
3071,1,9,0.038542587,0.96145743,23
3071,2,2,0.037526045,0.9624739,23
3071,3,8,0.036262322,0.96373767,23
3071,4,16,0.03589859,0.96410143,23
3071,5,29,0.034695584,0.96530443,23
3072,1,9,0.038195852,0.96180415,23
3072,2,2,0.03749208,0.9625079,23
3072,3,8,0.03619614,0.9638039,23
3072,4,16,0.036148965,0.96385103,23
3072,5,29,0.034782834,0.9652172,23
3073,1,9,0.038861237,0.9611388,23
3073,2,2,0.037758015,0.962242,23
3073,3,8,0.036034547,0.9639655,23
3073,4,16,0.035878308,0.9641217,23
3073,5,18,0.03478806,0.9652119,23
3074,1,9,0.03819793,0.96180207,23
3074,2,2,0.037685346,0.96231467,23
3074,3,8,0.03620193,0.96379805,23
3074,4,16,0.036114134,0.96388584,23
3074,5,1,0.03487505,0.96512496,23
3075,1,9,0.038133316,0.9618667,23
3075,2,2,0.037699,0.962301,23
3075,3,8,0.036277905,0.9637221,23
3075,4,16,0.03604372,0.9639563,23
3075,5,29,0.03475206,0.9652479,23
3076,1,9,0.038259905,0.9617401,23
3076,2,2,0.03756561,0.9624344,23
3076,3,8,0.036242664,0.96375734,23
3076,4,16,0.03603181,0.9639682,23
3076,5,1,0.034733325,0.9652667,23
3077,1,9,0.038230803,0.9617692,23
3077,2,2,0.03743045,0.96256953,23
3077,3,16,0.036301848,0.96369815,23
3077,4,8,0.036179937,0.96382004,23
3077,5,29,0.0348357,0.9651643,23
3078,1,9,0.03817409,0.9618259,23
3078,2,2,0.037336614,0.9626634,23
3078,3,8,0.036460876,0.9635391,23
3078,4,16,0.036127504,0.9638725,23
3078,5,29,0.034875393,0.9651246,23
3079,1,9,0.03799003,0.96200997,23
3079,2,2,0.03736784,0.9626322,23
3079,3,16,0.036321566,0.9636784,23
3079,4,8,0.03621596,0.96378404,23
3079,5,29,0.03487959,0.96512043,23
3080,1,9,0.03830127,0.9616987,23
3080,2,2,0.037574686,0.9624253,23
3080,3,8,0.036482558,0.9635174,23
3080,4,16,0.03588475,0.96411526,23
3080,5,1,0.03495966,0.9650403,23
3081,1,9,0.0383545,0.9616455,23
3081,2,2,0.03801925,0.96198076,23
3081,3,8,0.03638278,0.9636172,23
3081,4,16,0.0356557,0.9643443,23
3081,5,1,0.034827117,0.9651729,23
3082,1,9,0.0382973,0.9617027,23
3082,2,2,0.03735208,0.9626479,23
3082,3,8,0.036159594,0.9638404,23
3082,4,16,0.03613854,0.96386147,23
3082,5,29,0.034910455,0.96508956,23
3083,1,9,0.038050484,0.9619495,23
3083,2,2,0.037542056,0.96245795,23
3083,3,16,0.03621413,0.9637859,23
3083,4,8,0.036187466,0.96381253,23
3083,5,29,0.034986764,0.96501327,23
3084,1,9,0.03791614,0.9620839,23
3084,2,2,0.037684664,0.9623153,23
3084,3,8,0.036374073,0.9636259,23
3084,4,16,0.035974603,0.9640254,23
3084,5,1,0.034921218,0.9650788,23
3085,1,9,0.03843665,0.96156335,23
3085,2,2,0.03791394,0.9620861,23
3085,3,8,0.03601139,0.9639886,23
3085,4,16,0.035821334,0.9641787,23
3085,5,1,0.034545086,0.96545494,23
3086,1,9,0.038228396,0.9617716,23
3086,2,2,0.0376771,0.9623229,23
3086,3,16,0.03618618,0.96381384,23
3086,4,8,0.036157597,0.9638424,23
3086,5,29,0.034632415,0.96536756,23
3087,1,9,0.038186368,0.9618136,23
3087,2,2,0.037832893,0.9621671,23
3087,3,8,0.03624036,0.96375966,23
3087,4,16,0.035967212,0.96403277,23
3087,5,29,0.034798928,0.9652011,23
3088,1,9,0.03848184,0.96151817,23
3088,2,2,0.037594687,0.9624053,23
3088,3,8,0.03627329,0.9637267,23
3088,4,16,0.035902772,0.9640972,23
3088,5,1,0.03470805,0.965292,23
3089,1,9,0.038166706,0.9618333,23
3089,2,2,0.03755142,0.9624486,23
3089,3,8,0.036235973,0.963764,23
3089,4,16,0.036066223,0.96393377,23
3089,5,1,0.034867506,0.9651325,23
3090,1,9,0.03829506,0.96170497,23
3090,2,2,0.037899088,0.9621009,23
3090,3,8,0.03633635,0.96366364,23
3090,4,16,0.03582164,0.9641784,23
3090,5,1,0.03490663,0.9650934,23
3091,1,9,0.038173325,0.9618267,23
3091,2,2,0.0379032,0.9620968,23
3091,3,8,0.036093283,0.9639067,23
3091,4,16,0.036001068,0.9639989,23
3091,5,1,0.03467474,0.96532524,23
3092,1,9,0.03824539,0.9617546,23
3092,2,2,0.037872363,0.9621276,23
3092,3,8,0.036115147,0.96388483,23
3092,4,16,0.035978656,0.9640213,23
3092,5,29,0.0346743,0.9653257,23
3093,1,9,0.038167283,0.9618327,23
3093,2,2,0.03763924,0.96236074,23
3093,3,8,0.036209725,0.9637903,23
3093,4,16,0.03598312,0.96401685,23
3093,5,1,0.034980167,0.9650198,23
3094,1,9,0.03814366,0.96185637,23
3094,2,2,0.037384387,0.9626156,23
3094,3,16,0.03616469,0.9638353,23
3094,4,8,0.036155768,0.96384424,23
3094,5,1,0.034957893,0.9650421,23
3095,1,9,0.037992705,0.9620073,23
3095,2,2,0.037527036,0.962473,23
3095,3,16,0.03637752,0.96362245,23
3095,4,8,0.036285896,0.9637141,23
3095,5,29,0.03504516,0.96495485,23
3096,1,9,0.038135443,0.96186453,23
3096,2,2,0.037635215,0.9623648,23
3096,3,8,0.03635595,0.963644,23
3096,4,16,0.03589047,0.96410954,23
3096,5,1,0.035117604,0.9648824,23
3097,1,9,0.038211834,0.9617882,23
3097,2,2,0.03763715,0.9623628,23
3097,3,8,0.036186904,0.96381307,23
3097,4,16,0.035964217,0.9640358,23
3097,5,29,0.034702845,0.96529716,23
3098,1,9,0.038227625,0.9617724,23
3098,2,2,0.037669316,0.9623307,23
3098,3,8,0.03623615,0.96376383,23
3098,4,16,0.036080096,0.9639199,23
3098,5,29,0.034692377,0.9653076,23
3099,1,9,0.038550615,0.9614494,23
3099,2,2,0.03736708,0.9626329,23
3099,3,8,0.03615533,0.96384466,23
3099,4,16,0.03608907,0.96391094,23
3099,5,29,0.03476854,0.9652315,23
3100,1,9,0.037914682,0.9620853,23
3100,2,2,0.0376718,0.9623282,23
3100,3,16,0.03631269,0.9636873,23
3100,4,8,0.036294397,0.9637056,23
3100,5,29,0.0348534,0.9651466,23
3101,1,9,0.038241215,0.9617588,23
3101,2,2,0.037710298,0.9622897,23
3101,3,8,0.036359128,0.96364087,23
3101,4,16,0.035943057,0.96405697,23
3101,5,1,0.034836307,0.9651637,23
3102,1,9,0.03820026,0.96179974,23
3102,2,2,0.037428554,0.96257144,23
3102,3,8,0.036373597,0.9636264,23
3102,4,16,0.036041826,0.96395814,23
3102,5,1,0.0348338,0.9651662,23
3103,1,9,0.038188044,0.96181196,23
3103,2,2,0.037781928,0.96221805,23
3103,3,8,0.036033478,0.96396655,23
3103,4,16,0.035982832,0.96401715,23
3103,5,29,0.034814686,0.9651853,23
3104,1,9,0.03813185,0.96186817,23
3104,2,2,0.037715644,0.9622843,23
3104,3,16,0.03632414,0.96367586,23
3104,4,8,0.036106143,0.96389383,23
3104,5,29,0.034758504,0.9652415,23
3105,1,9,0.03819531,0.9618047,23
3105,2,2,0.037665166,0.9623348,23
3105,3,16,0.036139417,0.9638606,23
3105,4,8,0.036108304,0.9638917,23
3105,5,29,0.0347726,0.9652274,23
3106,1,9,0.038123284,0.9618767,23
3106,2,2,0.03766978,0.9623302,23
3106,3,8,0.036287595,0.9637124,23
3106,4,16,0.03591022,0.96408975,23
3106,5,1,0.034748856,0.96525115,23
3107,1,9,0.03852423,0.9614758,23
3107,2,2,0.037329674,0.9626703,23
3107,3,8,0.036117505,0.9638825,23
3107,4,16,0.03607333,0.9639267,23
3107,5,29,0.034786955,0.96521306,23
3108,1,9,0.038438518,0.9615615,23
3108,2,2,0.037409313,0.9625907,23
3108,3,8,0.036351975,0.963648,23
3108,4,16,0.035935096,0.9640649,23
3108,5,1,0.034754544,0.9652455,23
3109,1,9,0.038390044,0.96160996,23
3109,2,2,0.03772872,0.9622713,23
3109,3,16,0.036151327,0.96384865,23
3109,4,8,0.035991203,0.9640088,23
3109,5,29,0.034744564,0.96525544,23
3110,1,9,0.038048167,0.96195185,23
3110,2,2,0.037385963,0.96261406,23
3110,3,16,0.03644724,0.9635528,23
3110,4,8,0.03607655,0.96392345,23
3110,5,29,0.03475026,0.9652497,23
3111,1,9,0.03851736,0.96148264,23
3111,2,2,0.03785542,0.96214455,23
3111,3,8,0.03633423,0.9636658,23
3111,4,16,0.035604436,0.9643956,23
3111,5,1,0.034848586,0.9651514,23
3112,1,9,0.038510527,0.9614895,23
3112,2,2,0.037459116,0.96254086,23
3112,3,8,0.0361555,0.9638445,23
3112,4,16,0.03608622,0.9639138,23
3112,5,29,0.03463729,0.9653627,23
3113,1,9,0.038595624,0.9614044,23
3113,2,2,0.03779642,0.96220356,23
3113,3,8,0.03598145,0.9640185,23
3113,4,16,0.035900455,0.9640995,23
3113,5,18,0.034629397,0.9653706,23
3114,1,9,0.038426526,0.9615735,23
3114,2,2,0.037825085,0.9621749,23
3114,3,8,0.036068242,0.96393174,23
3114,4,16,0.035907045,0.96409297,23
3114,5,1,0.03471874,0.96528125,23
3115,1,9,0.037962817,0.9620372,23
3115,2,2,0.037478458,0.96252155,23
3115,3,8,0.03641244,0.9635876,23
3115,4,16,0.0361946,0.9638054,23
3115,5,29,0.03499875,0.9650012,23
3116,1,9,0.038374927,0.9616251,23
3116,2,2,0.037717443,0.96228254,23
3116,3,8,0.036510505,0.9634895,23
3116,4,16,0.035923388,0.96407664,23
3116,5,1,0.03500845,0.96499157,23
3117,1,9,0.038094174,0.96190584,23
3117,2,2,0.037876397,0.96212363,23
3117,3,8,0.0362794,0.9637206,23
3117,4,16,0.035978712,0.96402127,23
3117,5,1,0.034764536,0.9652355,23
3118,1,9,0.038447402,0.9615526,23
3118,2,2,0.03751279,0.9624872,23
3118,3,8,0.03618836,0.96381164,23
3118,4,16,0.035902966,0.964097,23
3118,5,29,0.03488836,0.9651116,23
3119,1,9,0.0381418,0.9618582,23
3119,2,2,0.037460595,0.96253943,23
3119,3,16,0.036270767,0.96372926,23
3119,4,8,0.0360911,0.9639089,23
3119,5,1,0.034710232,0.9652898,23
3120,1,9,0.038430035,0.96156996,23
3120,2,2,0.037437126,0.96256286,23
3120,3,8,0.036329795,0.9636702,23
3120,4,16,0.035969768,0.9640302,23
3120,5,29,0.034746572,0.9652534,23
3121,1,9,0.038443517,0.9615565,23
3121,2,2,0.037608072,0.9623919,23
3121,3,8,0.03628337,0.9637166,23
3121,4,16,0.035964426,0.9640356,23
3121,5,1,0.034720484,0.9652795,23
3122,1,9,0.03811055,0.96188945,23
3122,2,2,0.03736934,0.9626306,23
3122,3,16,0.036409628,0.9635904,23
3122,4,8,0.036183845,0.96381617,23
3122,5,29,0.034901608,0.9650984,23
3123,1,9,0.03829272,0.9617073,23
3123,2,2,0.037422463,0.9625775,23
3123,3,8,0.036157172,0.9638428,23
3123,4,16,0.03613775,0.96386224,23
3123,5,29,0.034746848,0.9652532,23
3124,1,9,0.038038265,0.96196175,23
3124,2,2,0.037628543,0.96237147,23
3124,3,8,0.036282703,0.9637173,23
3124,4,16,0.036093984,0.963906,23
3124,5,29,0.034994036,0.965006,23
3125,1,9,0.038046848,0.96195316,23
3125,2,2,0.037531152,0.96246886,23
3125,3,16,0.036544174,0.9634558,23
3125,4,8,0.03610426,0.96389574,23
3125,5,29,0.0347386,0.9652614,23
3126,1,9,0.03804211,0.9619579,23
3126,2,2,0.03736712,0.9626329,23
3126,3,16,0.036451146,0.96354884,23
3126,4,8,0.036186974,0.963813,23
3126,5,1,0.034885306,0.9651147,23
3127,1,9,0.03790092,0.9620991,23
3127,2,2,0.037668563,0.9623314,23
3127,3,8,0.03642203,0.963578,23
3127,4,16,0.036026873,0.9639731,23
3127,5,29,0.035089437,0.96491057,23
3128,1,9,0.03835697,0.96164304,23
3128,2,2,0.037573077,0.9624269,23
3128,3,8,0.036247876,0.96375215,23
3128,4,16,0.036052905,0.9639471,23
3128,5,1,0.034700092,0.9652999,23
3129,1,9,0.038103018,0.96189696,23
3129,2,2,0.037433565,0.96256644,23
3129,3,8,0.036312252,0.9636878,23
3129,4,16,0.03614848,0.9638515,23
3129,5,29,0.034839433,0.96516055,23
3130,1,9,0.03829,0.96171,23
3130,2,2,0.03788699,0.962113,23
3130,3,8,0.03623733,0.96376264,23
3130,4,16,0.03588546,0.96411455,23
3130,5,1,0.034846462,0.9651535,23
3131,1,9,0.038345966,0.961654,23
3131,2,2,0.037734162,0.96226585,23
3131,3,8,0.036432695,0.9635673,23
3131,4,16,0.035764754,0.96423525,23
3131,5,1,0.034902453,0.96509755,23
3132,1,9,0.038092747,0.96190727,23
3132,2,2,0.037941024,0.96205896,23
3132,3,8,0.03633104,0.96366894,23
3132,4,16,0.035860736,0.9641393,23
3132,5,1,0.034817275,0.9651827,23
3133,1,9,0.038295887,0.96170413,23
3133,2,2,0.03759326,0.96240675,23
3133,3,16,0.036213174,0.96378684,23
3133,4,8,0.03609758,0.9639024,23
3133,5,29,0.03468102,0.965319,23
3134,1,9,0.038170144,0.96182984,23
3134,2,2,0.037639033,0.962361,23
3134,3,8,0.036156055,0.96384394,23
3134,4,16,0.03595801,0.964042,23
3134,5,1,0.03469616,0.96530384,23
3135,1,9,0.038051322,0.9619487,23
3135,2,2,0.03794042,0.96205956,23
3135,3,8,0.036244154,0.96375585,23
3135,4,16,0.03590802,0.96409196,23
3135,5,1,0.03480936,0.96519065,23
3136,1,9,0.038206313,0.96179366,23
3136,2,2,0.037838764,0.96216124,23
3136,3,8,0.036302436,0.96369755,23
3136,4,16,0.035935674,0.9640643,23
3136,5,29,0.034711123,0.9652889,23
3137,1,9,0.038135532,0.9618645,23
3137,2,2,0.037443817,0.9625562,23
3137,3,8,0.03627607,0.96372396,23
3137,4,16,0.03627394,0.96372604,23
3137,5,29,0.034864444,0.9651356,23
3138,1,9,0.03832234,0.9616777,23
3138,2,2,0.037859365,0.9621406,23
3138,3,8,0.0361669,0.9638331,23
3138,4,16,0.035857506,0.9641425,23
3138,5,1,0.034900308,0.9650997,23
3139,1,9,0.038183693,0.9618163,23
3139,2,2,0.037361525,0.9626385,23
3139,3,8,0.036311414,0.9636886,23
3139,4,16,0.036204584,0.9637954,23
3139,5,29,0.03477944,0.9652206,23
3140,1,9,0.038151708,0.9618483,23
3140,2,2,0.037421312,0.9625787,23
3140,3,16,0.03626483,0.96373516,23
3140,4,8,0.03617273,0.96382725,23
3140,5,29,0.034817595,0.9651824,23
3141,1,9,0.038114823,0.96188515,23
3141,2,2,0.03736286,0.9626371,23
3141,3,16,0.036441952,0.9635581,23
3141,4,8,0.036127616,0.9638724,23
3141,5,29,0.034896746,0.96510327,23
3142,1,9,0.03835197,0.96164805,23
3142,2,2,0.037665937,0.96233404,23
3142,3,8,0.036141858,0.9638581,23
3142,4,16,0.0361284,0.9638716,23
3142,5,29,0.03464805,0.96535194,23
3143,1,9,0.038415298,0.9615847,23
3143,2,2,0.03747965,0.96252036,23
3143,3,8,0.036281794,0.9637182,23
3143,4,16,0.036176566,0.96382344,23
3143,5,29,0.034917913,0.9650821,23
3144,1,9,0.03802746,0.96197253,23
3144,2,2,0.03752111,0.9624789,23
3144,3,8,0.036346223,0.9636538,23
3144,4,16,0.036261324,0.9637387,23
3144,5,29,0.035046685,0.9649533,23
3145,1,9,0.038083214,0.9619168,23
3145,2,2,0.03750841,0.9624916,23
3145,3,16,0.036297306,0.9637027,23
3145,4,8,0.03610747,0.9638925,23
3145,5,29,0.034812335,0.96518767,23
3146,1,9,0.03825908,0.9617409,23
3146,2,2,0.03757935,0.96242064,23
3146,3,8,0.03628124,0.9637188,23
3146,4,16,0.036109854,0.96389014,23
3146,5,29,0.034760196,0.9652398,23
3147,1,9,0.03855439,0.9614456,23
3147,2,2,0.037709262,0.96229076,23
3147,3,8,0.036173124,0.9638269,23
3147,4,16,0.036067292,0.9639327,23
3147,5,29,0.03468041,0.9653196,23
3148,1,9,0.03871735,0.9612827,23
3148,2,2,0.037537165,0.96246284,23
3148,3,16,0.03615286,0.96384716,23
3148,4,8,0.03600531,0.9639947,23
3148,5,18,0.034672946,0.965327,23
3149,1,9,0.03826337,0.9617366,23
3149,2,2,0.037527703,0.9624723,23
3149,3,8,0.03617945,0.9638206,23
3149,4,16,0.0360229,0.9639771,23
3149,5,29,0.0347152,0.9652848,23
3150,1,9,0.038241804,0.9617582,23
3150,2,2,0.037630886,0.9623691,23
3150,3,8,0.03626221,0.9637378,23
3150,4,16,0.036130935,0.9638691,23
3150,5,29,0.034764607,0.9652354,23
3151,1,9,0.038204733,0.9617953,23
3151,2,2,0.03772559,0.96227443,23
3151,3,8,0.036366813,0.9636332,23
3151,4,16,0.03588429,0.96411574,23
3151,5,1,0.03506181,0.96493816,23
3152,1,9,0.03817862,0.9618214,23
3152,2,2,0.037449054,0.96255094,23
3152,3,8,0.036336582,0.9636634,23
3152,4,16,0.03599231,0.9640077,23
3152,5,1,0.0347405,0.9652595,23
3153,1,9,0.037997723,0.9620023,23
3153,2,2,0.037555113,0.9624449,23
3153,3,8,0.036440037,0.96356,23
3153,4,16,0.03608681,0.9639132,23
3153,5,29,0.03508118,0.9649188,23
3154,1,9,0.038264763,0.96173525,23
3154,2,2,0.037786607,0.9622134,23
3154,3,8,0.036352586,0.9636474,23
3154,4,16,0.03595938,0.96404064,23
3154,5,29,0.034667496,0.9653325,23
3155,1,9,0.038305447,0.96169454,23
3155,2,2,0.037591934,0.96240807,23
3155,3,8,0.03621402,0.963786,23
3155,4,16,0.03589864,0.9641014,23
3155,5,1,0.034907363,0.96509266,23
3156,1,9,0.038284592,0.9617154,23
3156,2,2,0.037954204,0.9620458,23
3156,3,8,0.036119316,0.96388066,23
3156,4,16,0.035936896,0.9640631,23
3156,5,1,0.034602374,0.9653976,23
3157,1,9,0.03818075,0.96181923,23
3157,2,2,0.037856333,0.96214366,23
3157,3,8,0.036253724,0.96374625,23
3157,4,16,0.03575931,0.9642407,23
3157,5,1,0.03477632,0.96522367,23
3158,1,9,0.03823022,0.96176976,23
3158,2,2,0.0376408,0.9623592,23
3158,3,8,0.036272623,0.96372736,23
3158,4,16,0.036003478,0.9639965,23
3158,5,1,0.034822144,0.96517783,23
3159,1,9,0.0382311,0.9617689,23
3159,2,2,0.03743415,0.96256584,23
3159,3,8,0.036397383,0.9636026,23
3159,4,16,0.035967305,0.9640327,23
3159,5,1,0.034946546,0.96505344,23
3160,1,9,0.03850817,0.9614918,23
3160,2,2,0.037622415,0.9623776,23
3160,3,8,0.03659575,0.96340424,23
3160,4,16,0.03573829,0.9642617,23
3160,5,1,0.034700677,0.9652993,23
3161,1,9,0.038474992,0.961525,23
3161,2,2,0.03779005,0.96220994,23
3161,3,8,0.03606961,0.96393037,23
3161,4,16,0.035976145,0.9640238,23
3161,5,29,0.03473944,0.96526057,23
3162,1,9,0.038209584,0.96179044,23
3162,2,2,0.037622984,0.962377,23
3162,3,8,0.03618629,0.9638137,23
3162,4,16,0.036122177,0.9638778,23
3162,5,1,0.034841232,0.96515876,23
3163,1,9,0.038313422,0.96168655,23
3163,2,2,0.037496973,0.962503,23
3163,3,8,0.036121204,0.9638788,23
3163,4,16,0.036017984,0.963982,23
3163,5,29,0.034978487,0.9650215,23
3164,1,9,0.038627744,0.96137226,23
3164,2,2,0.037630223,0.9623698,23
3164,3,8,0.03618882,0.96381116,23
3164,4,16,0.03586952,0.96413046,23
3164,5,1,0.034614343,0.9653857,23
3165,1,9,0.03830269,0.96169734,23
3165,2,2,0.037880126,0.9621199,23
3165,3,8,0.036366336,0.96363366,23
3165,4,16,0.035793096,0.96420693,23
3165,5,1,0.034938037,0.96506196,23
3166,1,9,0.038164034,0.961836,23
3166,2,2,0.037305333,0.96269464,23
3166,3,16,0.036306992,0.963693,23
3166,4,8,0.036149092,0.9638509,23
3166,5,29,0.034818448,0.9651815,23
3167,1,9,0.03818121,0.9618188,23
3167,2,2,0.03791392,0.9620861,23
3167,3,8,0.036195885,0.9638041,23
3167,4,16,0.036066297,0.9639337,23
3167,5,1,0.034793917,0.9652061,23
3168,1,9,0.03829755,0.96170247,23
3168,2,2,0.03762371,0.9623763,23
3168,3,8,0.03618922,0.9638108,23
3168,4,16,0.036006518,0.9639935,23
3168,5,1,0.034739,0.965261,23
3169,1,9,0.038247503,0.9617525,23
3169,2,2,0.037509993,0.96249,23
3169,3,16,0.03619684,0.9638032,23
3169,4,8,0.036105685,0.9638943,23
3169,5,29,0.034714982,0.965285,23
3170,1,9,0.03817467,0.9618253,23
3170,2,2,0.037530422,0.9624696,23
3170,3,8,0.036270436,0.96372956,23
3170,4,16,0.035929278,0.96407074,23
3170,5,1,0.034772586,0.9652274,23
3171,1,9,0.03839012,0.9616099,23
3171,2,2,0.03742741,0.9625726,23
3171,3,8,0.03629437,0.96370566,23
3171,4,16,0.036071293,0.9639287,23
3171,5,29,0.0347795,0.9652205,23
3172,1,9,0.037994884,0.96200514,23
3172,2,2,0.037486862,0.96251315,23
3172,3,16,0.03626823,0.96373177,23
3172,4,8,0.036109585,0.96389043,23
3172,5,29,0.034778018,0.965222,23
3173,1,9,0.03830109,0.9616989,23
3173,2,2,0.037536256,0.96246374,23
3173,3,16,0.03614704,0.96385294,23
3173,4,8,0.036141302,0.9638587,23
3173,5,29,0.034712553,0.96528745,23
3174,1,9,0.038293343,0.96170664,23
3174,2,2,0.037838526,0.9621615,23
3174,3,8,0.03630963,0.9636904,23
3174,4,16,0.03574634,0.96425366,23
3174,5,1,0.035051677,0.9649483,23
3175,1,9,0.03823968,0.96176034,23
3175,2,2,0.037662387,0.9623376,23
3175,3,8,0.03621055,0.96378946,23
3175,4,16,0.036053117,0.9639469,23
3175,5,29,0.034825195,0.9651748,23
3176,1,9,0.038290795,0.9617092,23
3176,2,2,0.03783703,0.962163,23
3176,3,8,0.036312938,0.96368706,23
3176,4,16,0.0357481,0.9642519,23
3176,5,1,0.03520073,0.9647993,23
3177,1,9,0.038151056,0.961849,23
3177,2,2,0.037577223,0.9624228,23
3177,3,8,0.03618322,0.96381676,23
3177,4,16,0.03616382,0.9638362,23
3177,5,29,0.034792524,0.96520746,23
3178,1,9,0.03823729,0.9617627,23
3178,2,2,0.03758615,0.96241385,23
3178,3,16,0.036247626,0.9637524,23
3178,4,8,0.036019444,0.96398056,23
3178,5,29,0.03474875,0.96525127,23
3179,1,9,0.037986994,0.962013,23
3179,2,2,0.037439536,0.9625605,23
3179,3,16,0.03633523,0.96366477,23
3179,4,8,0.036177143,0.96382284,23
3179,5,1,0.03510307,0.9648969,23
3180,1,9,0.03808667,0.96191335,23
3180,2,2,0.037660938,0.96233904,23
3180,3,8,0.03636462,0.9636354,23
3180,4,16,0.035963964,0.96403605,23
3180,5,1,0.03486166,0.9651383,23
3181,1,9,0.038030017,0.96197,23
3181,2,2,0.037624698,0.9623753,23
3181,3,8,0.036495347,0.9635047,23
3181,4,16,0.035761274,0.9642387,23
3181,5,1,0.035028968,0.964971,23
3182,1,9,0.03816607,0.96183395,23
3182,2,2,0.03748904,0.96251094,23
3182,3,8,0.036298484,0.9637015,23
3182,4,16,0.03607629,0.9639237,23
3182,5,29,0.0347924,0.9652076,23
3183,1,9,0.03839195,0.96160805,23
3183,2,2,0.037741296,0.9622587,23
3183,3,8,0.036450606,0.9635494,23
3183,4,16,0.03585718,0.9641428,23
3183,5,1,0.034995005,0.965005,23
3184,1,9,0.03812283,0.96187717,23
3184,2,2,0.037731938,0.96226805,23
3184,3,16,0.03618605,0.96381396,23
3184,4,8,0.036086623,0.9639134,23
3184,5,29,0.034658432,0.96534157,23
3185,1,9,0.038243193,0.9617568,23
3185,2,2,0.037292905,0.9627071,23
3185,3,8,0.036359463,0.9636405,23
3185,4,16,0.03629904,0.96370095,23
3185,5,29,0.034868557,0.96513146,23
3186,1,9,0.038282678,0.9617173,23
3186,2,2,0.03742199,0.962578,23
3186,3,8,0.036321785,0.96367824,23
3186,4,16,0.036116663,0.96388334,23
3186,5,1,0.0349362,0.9650638,23
3187,1,9,0.038161963,0.961838,23
3187,2,2,0.03756002,0.96243995,23
3187,3,8,0.03623574,0.96376425,23
3187,4,16,0.036212824,0.9637872,23
3187,5,29,0.034772746,0.96522725,23
3188,1,9,0.03812777,0.9618722,23
3188,2,2,0.03800835,0.96199167,23
3188,3,8,0.036316115,0.9636839,23
3188,4,16,0.03598626,0.96401376,23
3188,5,1,0.034791928,0.96520805,23
3189,1,9,0.038184997,0.961815,23
3189,2,2,0.037717164,0.96228284,23
3189,3,8,0.036455218,0.9635448,23
3189,4,16,0.03600357,0.9639964,23
3189,5,1,0.034842703,0.9651573,23
3190,1,9,0.038235098,0.96176493,23
3190,2,2,0.037639942,0.9623601,23
3190,3,8,0.03615846,0.96384156,23
3190,4,16,0.035920765,0.96407926,23
3190,5,29,0.034670763,0.96532923,23
3191,1,9,0.038347144,0.9616529,23
3191,2,2,0.03824267,0.9617573,23
3191,3,8,0.036158483,0.9638415,23
3191,4,16,0.035639975,0.96436,23
3191,5,1,0.03482895,0.96517104,23
3192,1,9,0.038202614,0.96179736,23
3192,2,2,0.037344217,0.9626558,23
3192,3,8,0.036443055,0.96355695,23
3192,4,16,0.036214292,0.9637857,23
3192,5,29,0.034862887,0.9651371,23
3193,1,9,0.038070664,0.9619293,23
3193,2,2,0.03732225,0.9626778,23
3193,3,16,0.036717176,0.9632828,23
3193,4,8,0.036041,0.963959,23
3193,5,29,0.03488297,0.96511704,23
3194,1,9,0.038112864,0.9618871,23
3194,2,2,0.03737049,0.9626295,23
3194,3,8,0.036546588,0.9634534,23
3194,4,16,0.036031473,0.9639685,23
3194,5,29,0.03483859,0.9651614,23
3195,1,9,0.03834791,0.9616521,23
3195,2,2,0.037845016,0.962155,23
3195,3,8,0.036374345,0.96362567,23
3195,4,16,0.035904467,0.96409553,23
3195,5,1,0.034975577,0.9650244,23
3196,1,9,0.038324125,0.9616759,23
3196,2,2,0.037525892,0.9624741,23
3196,3,8,0.03636029,0.96363974,23
3196,4,16,0.03591667,0.9640833,23
3196,5,1,0.03503646,0.96496356,23
3197,1,9,0.038278643,0.96172136,23
3197,2,2,0.0376513,0.9623487,23
3197,3,8,0.036210388,0.9637896,23
3197,4,16,0.03606098,0.963939,23
3197,5,29,0.034770694,0.96522933,23
3198,1,9,0.038337454,0.96166253,23
3198,2,2,0.037494782,0.9625052,23
3198,3,8,0.036239386,0.9637606,23
3198,4,16,0.035930876,0.9640691,23
3198,5,29,0.0348021,0.9651979,23
3199,1,9,0.0382753,0.9617247,23
3199,2,2,0.037803553,0.96219647,23
3199,3,8,0.03620278,0.9637972,23
3199,4,16,0.0361314,0.9638686,23
3199,5,29,0.034634955,0.96536505,23
3200,1,9,0.038375873,0.96162415,23
3200,2,2,0.03773088,0.9622691,23
3200,3,8,0.03609969,0.9639003,23
3200,4,16,0.03597114,0.96402884,23
3200,5,29,0.03468416,0.9653158,23
3201,1,9,0.038276903,0.9617231,23
3201,2,2,0.03762317,0.96237683,23
3201,3,8,0.03613105,0.963869,23
3201,4,16,0.036004193,0.9639958,23
3201,5,1,0.034849174,0.96515083,23
3202,1,9,0.03853661,0.9614634,23
3202,2,2,0.037825856,0.9621741,23
3202,3,8,0.03606146,0.96393853,23
3202,4,16,0.03592163,0.96407837,23
3202,5,1,0.03464193,0.9653581,23
3203,1,9,0.03812478,0.9618752,23
3203,2,2,0.037566688,0.96243334,23
3203,3,8,0.036332432,0.9636676,23
3203,4,16,0.036079977,0.96392,23
3203,5,1,0.03488772,0.96511227,23
3204,1,9,0.038175315,0.96182466,23
3204,2,2,0.037829533,0.9621705,23
3204,3,8,0.03639194,0.9636081,23
3204,4,16,0.035883933,0.9641161,23
3204,5,29,0.03485229,0.96514773,23
3205,1,9,0.03815012,0.96184987,23
3205,2,2,0.03751886,0.96248114,23
3205,3,16,0.036222946,0.96377707,23
3205,4,8,0.036222134,0.96377784,23
3205,5,29,0.034751765,0.9652482,23
3206,1,9,0.03808143,0.9619186,23
3206,2,2,0.03778771,0.96221226,23
3206,3,16,0.036132284,0.9638677,23
3206,4,8,0.036123376,0.9638766,23
3206,5,29,0.034709577,0.9652904,23
3207,1,9,0.03821966,0.9617803,23
3207,2,2,0.037373897,0.9626261,23
3207,3,8,0.03636159,0.9636384,23
3207,4,16,0.036151268,0.9638487,23
3207,5,29,0.034843657,0.9651563,23
3208,1,9,0.038284082,0.96171594,23
3208,2,2,0.037654493,0.9623455,23
3208,3,8,0.036363967,0.96363604,23
3208,4,16,0.036055736,0.96394426,23
3208,5,1,0.03480425,0.9651958,23
3209,1,2,0.037865877,0.9621341,23
3209,2,9,0.03785774,0.9621422,23
3209,3,8,0.03634363,0.96365637,23
3209,4,16,0.03604042,0.9639596,23
3209,5,29,0.03520482,0.9647952,23
3210,1,9,0.03820058,0.96179944,23
3210,2,2,0.03743131,0.9625687,23
3210,3,8,0.03624783,0.96375215,23
3210,4,16,0.035917904,0.9640821,23
3210,5,1,0.03500366,0.96499634,23
3211,1,9,0.038344912,0.9616551,23
3211,2,2,0.037607364,0.9623926,23
3211,3,8,0.036233276,0.9637667,23
3211,4,16,0.036059257,0.96394074,23
3211,5,29,0.034734383,0.96526563,23
3212,1,9,0.038372844,0.9616271,23
3212,2,2,0.037625656,0.9623743,23
3212,3,8,0.036157753,0.9638423,23
3212,4,16,0.035851836,0.96414816,23
3212,5,1,0.034733478,0.9652665,23
3213,1,9,0.038211215,0.9617888,23
3213,2,2,0.0373049,0.9626951,23
3213,3,16,0.0363296,0.9636704,23
3213,4,8,0.036190808,0.9638092,23
3213,5,29,0.034825075,0.9651749,23
3214,1,9,0.03805595,0.96194404,23
3214,2,2,0.037434738,0.96256524,23
3214,3,16,0.03644795,0.96355206,23
3214,4,8,0.036116436,0.9638836,23
3214,5,29,0.03487393,0.9651261,23
3215,1,9,0.03848549,0.96151453,23
3215,2,2,0.03757452,0.9624255,23
3215,3,16,0.03600966,0.96399033,23
3215,4,8,0.03586795,0.9641321,23
3215,5,29,0.03457835,0.9654217,23
3216,1,9,0.03816781,0.96183217,23
3216,2,2,0.03741388,0.9625861,23
3216,3,16,0.03633485,0.9636651,23
3216,4,8,0.03616278,0.9638372,23
3216,5,29,0.035039973,0.96496004,23
3217,1,9,0.038248315,0.9617517,23
3217,2,2,0.037792996,0.962207,23
3217,3,8,0.03622654,0.9637735,23
3217,4,16,0.036058825,0.96394116,23
3217,5,1,0.034685705,0.96531427,23
3218,1,9,0.03792792,0.9620721,23
3218,2,2,0.037747093,0.9622529,23
3218,3,16,0.03620003,0.96379995,23
3218,4,8,0.036191177,0.96380883,23
3218,5,29,0.03480356,0.96519643,23
3219,1,9,0.038170435,0.96182954,23
3219,2,2,0.037542675,0.9624573,23
3219,3,8,0.036289014,0.96371096,23
3219,4,16,0.036097795,0.96390224,23
3219,5,29,0.034806926,0.9651931,23
3220,1,9,0.038268745,0.96173126,23
3220,2,2,0.037788343,0.96221167,23
3220,3,8,0.036261685,0.9637383,23
3220,4,16,0.03594681,0.9640532,23
3220,5,29,0.03468218,0.96531785,23
3221,1,9,0.0380902,0.9619098,23
3221,2,2,0.03775525,0.96224475,23
3221,3,8,0.036395773,0.9636042,23
3221,4,16,0.035977244,0.96402276,23
3221,5,29,0.035018146,0.96498185,23
3222,1,9,0.038106944,0.9618931,23
3222,2,2,0.038008187,0.9619918,23
3222,3,8,0.036257964,0.963742,23
3222,4,16,0.035838325,0.9641617,23
3222,5,1,0.034794163,0.96520585,23
3223,1,9,0.038257133,0.9617429,23
3223,2,2,0.037643455,0.96235657,23
3223,3,8,0.03620836,0.9637916,23
3223,4,16,0.036020666,0.96397936,23
3223,5,29,0.034806658,0.96519333,23
3224,1,9,0.038032558,0.96196747,23
3224,2,2,0.037371114,0.9626289,23
3224,3,16,0.03644184,0.96355814,23
3224,4,8,0.036411945,0.96358806,23
3224,5,29,0.034851667,0.9651483,23
3225,1,9,0.03812625,0.96187377,23
3225,2,2,0.037479077,0.9625209,23
3225,3,16,0.03627339,0.96372664,23
3225,4,8,0.036149412,0.9638506,23
3225,5,29,0.034821082,0.9651789,23
3226,1,9,0.03829535,0.9617047,23
3226,2,2,0.037789643,0.96221036,23
3226,3,8,0.03608024,0.96391976,23
3226,4,16,0.03595258,0.96404743,23
3226,5,29,0.034681402,0.9653186,23
3227,1,9,0.038116876,0.9618831,23
3227,2,2,0.037692286,0.9623077,23
3227,3,8,0.03633099,0.963669,23
3227,4,16,0.03598031,0.9640197,23
3227,5,1,0.034976732,0.9650233,23
3228,1,9,0.038202364,0.96179765,23
3228,2,2,0.037465427,0.96253455,23
3228,3,8,0.036266822,0.9637332,23
3228,4,16,0.036169395,0.9638306,23
3228,5,29,0.03468841,0.9653116,23
3229,1,9,0.038513362,0.96148664,23
3229,2,2,0.037345417,0.9626546,23
3229,3,16,0.03620612,0.9637939,23
3229,4,8,0.036071002,0.963929,23
3229,5,29,0.03476307,0.9652369,23
3230,1,9,0.038401395,0.96159863,23
3230,2,2,0.037468012,0.962532,23
3230,3,8,0.0364021,0.9635979,23
3230,4,16,0.03599723,0.9640028,23
3230,5,1,0.034774855,0.96522516,23
3231,1,9,0.038228773,0.96177125,23
3231,2,2,0.037446335,0.9625537,23
3231,3,8,0.036280587,0.9637194,23
3231,4,16,0.03615863,0.9638414,23
3231,5,29,0.034989867,0.9650101,23
3232,1,9,0.038127456,0.9618725,23
3232,2,2,0.037671845,0.96232814,23
3232,3,16,0.036210947,0.96378905,23
3232,4,8,0.0362045,0.9637955,23
3232,5,29,0.034776274,0.9652237,23
3233,1,9,0.038047973,0.96195203,23
3233,2,2,0.03764735,0.96235263,23
3233,3,8,0.036261804,0.9637382,23
3233,4,16,0.036199942,0.9638001,23
3233,5,29,0.034884907,0.9651151,23
3234,1,9,0.03820524,0.96179473,23
3234,2,2,0.037706353,0.9622936,23
3234,3,8,0.036180362,0.9638196,23
3234,4,16,0.036080398,0.9639196,23
3234,5,29,0.03487776,0.9651222,23
3235,1,9,0.038214978,0.961785,23
3235,2,2,0.03738069,0.9626193,23
3235,3,16,0.03622779,0.96377224,23
3235,4,8,0.036195096,0.9638049,23
3235,5,29,0.034823548,0.96517646,23
3236,1,9,0.038002793,0.9619972,23
3236,2,2,0.03737985,0.96262014,23
3236,3,8,0.03636294,0.96363705,23
3236,4,16,0.036188327,0.9638117,23
3236,5,29,0.035063025,0.964937,23
3237,1,9,0.038237207,0.9617628,23
3237,2,2,0.037488084,0.9625119,23
3237,3,8,0.03613355,0.9638665,23
3237,4,16,0.03605189,0.96394813,23
3237,5,29,0.034737755,0.96526223,23
3238,1,9,0.038133502,0.9618665,23
3238,2,2,0.03738662,0.9626134,23
3238,3,16,0.036332257,0.96366775,23
3238,4,8,0.036242917,0.9637571,23
3238,5,29,0.034856234,0.96514374,23
3239,1,9,0.03793137,0.9620686,23
3239,2,2,0.03754059,0.9624594,23
3239,3,16,0.036373887,0.9636261,23
3239,4,8,0.036235437,0.96376455,23
3239,5,29,0.034910314,0.9650897,23
3240,1,9,0.038335428,0.96166456,23
3240,2,2,0.037384935,0.9626151,23
3240,3,8,0.03633835,0.9636617,23
3240,4,16,0.036195923,0.96380407,23
3240,5,1,0.03472868,0.9652713,23
3241,1,9,0.038709972,0.96129,23
3241,2,2,0.037653815,0.9623462,23
3241,3,16,0.03600413,0.9639959,23
3241,4,8,0.03599014,0.9640099,23
3241,5,18,0.034779325,0.9652207,23
3242,1,9,0.038130675,0.9618693,23
3242,2,2,0.03726511,0.9627349,23
3242,3,16,0.036383513,0.9636165,23
3242,4,8,0.03632712,0.9636729,23
3242,5,29,0.035002895,0.9649971,23
3243,1,9,0.03831077,0.96168923,23
3243,2,2,0.03733365,0.96266633,23
3243,3,16,0.036265306,0.9637347,23
3243,4,8,0.03617848,0.96382153,23
3243,5,29,0.034751993,0.965248,23
3244,1,9,0.03805554,0.96194446,23
3244,2,2,0.03774797,0.962252,23
3244,3,16,0.03621688,0.96378314,23
3244,4,8,0.03612686,0.96387315,23
3244,5,1,0.03470423,0.9652958,23
3245,1,9,0.03817638,0.96182364,23
3245,2,2,0.037872884,0.9621271,23
3245,3,8,0.036344554,0.9636555,23
3245,4,16,0.03586125,0.96413875,23
3245,5,1,0.034777388,0.9652226,23
3246,1,9,0.038370516,0.9616295,23
3246,2,2,0.037557703,0.9624423,23
3246,3,8,0.036303163,0.96369684,23
3246,4,16,0.036112405,0.9638876,23
3246,5,29,0.034785032,0.96521497,23
3247,1,9,0.038085442,0.96191454,23
3247,2,2,0.037720777,0.9622792,23
3247,3,8,0.036299348,0.96370065,23
3247,4,16,0.0359808,0.9640192,23
3247,5,1,0.034862824,0.9651372,23
3248,1,9,0.038081437,0.9619186,23
3248,2,2,0.03782345,0.96217656,23
3248,3,16,0.0361315,0.9638685,23
3248,4,8,0.036061868,0.9639381,23
3248,5,1,0.034880005,0.96512,23
3249,1,9,0.03798938,0.9620106,23
3249,2,2,0.037378196,0.9626218,23
3249,3,16,0.036496345,0.96350366,23
3249,4,8,0.035923634,0.96407634,23
3249,5,29,0.03469876,0.9653012,23
3250,1,9,0.038153093,0.9618469,23
3250,2,2,0.037351936,0.96264803,23
3250,3,8,0.036480814,0.9635192,23
3250,4,16,0.03605722,0.96394277,23
3250,5,29,0.034949057,0.96505094,23
3251,1,9,0.038413186,0.96158683,23
3251,2,2,0.037718236,0.96228176,23
3251,3,8,0.03629395,0.9637061,23
3251,4,16,0.035799067,0.9642009,23
3251,5,29,0.034654167,0.96534586,23
3252,1,9,0.038241472,0.96175855,23
3252,2,2,0.037633717,0.9623663,23
3252,3,8,0.03624745,0.96375257,23
3252,4,16,0.03597368,0.96402633,23
3252,5,29,0.034668062,0.9653319,23
3253,1,9,0.03819937,0.96180063,23
3253,2,2,0.03769727,0.96230274,23
3253,3,8,0.036273636,0.96372634,23
3253,4,16,0.035901047,0.96409893,23
3253,5,1,0.034754764,0.96524525,23
3254,1,9,0.03834408,0.9616559,23
3254,2,2,0.037762556,0.9622374,23
3254,3,8,0.036313757,0.9636862,23
3254,4,16,0.03589122,0.96410877,23
3254,5,1,0.034716636,0.9652834,23
3255,1,9,0.038196858,0.96180314,23
3255,2,2,0.037686475,0.96231353,23
3255,3,8,0.03633294,0.96366704,23
3255,4,16,0.0360055,0.9639945,23
3255,5,1,0.03475908,0.9652409,23
3256,1,9,0.03835729,0.9616427,23
3256,2,2,0.037435737,0.9625643,23
3256,3,16,0.03619573,0.96380424,23
3256,4,8,0.036185037,0.963815,23
3256,5,29,0.034708325,0.9652917,23
3257,1,9,0.03818105,0.96181893,23
3257,2,2,0.037340485,0.96265954,23
3257,3,8,0.036364846,0.96363515,23
3257,4,16,0.036255144,0.9637449,23
3257,5,29,0.035073746,0.96492624,23
3258,1,9,0.03806068,0.96193933,23
3258,2,2,0.03735765,0.9626424,23
3258,3,16,0.03680078,0.9631992,23
3258,4,8,0.036451835,0.9635482,23
3258,5,29,0.034974117,0.9650259,23
3259,1,9,0.03819805,0.96180195,23
3259,2,2,0.03733004,0.96266997,23
3259,3,8,0.03640148,0.9635985,23
3259,4,16,0.036102887,0.9638971,23
3259,5,29,0.0348462,0.9651538,23
3260,1,9,0.03821932,0.96178067,23
3260,2,2,0.03775786,0.9622421,23
3260,3,8,0.036196604,0.9638034,23
3260,4,16,0.036185984,0.963814,23
3260,5,29,0.03468495,0.96531504,23
3261,1,9,0.038528297,0.9614717,23
3261,2,2,0.037548527,0.96245146,23
3261,3,8,0.03618398,0.96381605,23
3261,4,16,0.035876717,0.9641233,23
3261,5,1,0.034728967,0.96527106,23
3262,1,9,0.038298585,0.9617014,23
3262,2,2,0.03745332,0.9625467,23
3262,3,8,0.036513712,0.9634863,23
3262,4,16,0.03595831,0.9640417,23
3262,5,1,0.034792453,0.9652076,23
3263,1,9,0.038465727,0.96153426,23
3263,2,2,0.038008507,0.9619915,23
3263,3,8,0.036207817,0.9637922,23
3263,4,16,0.035690043,0.96430993,23
3263,5,1,0.034698024,0.965302,23
3264,1,9,0.038170863,0.9618291,23
3264,2,2,0.037530635,0.96246934,23
3264,3,8,0.036405507,0.9635945,23
3264,4,16,0.03603163,0.9639684,23
3264,5,1,0.034866985,0.965133,23
3265,1,9,0.038075555,0.96192443,23
3265,2,2,0.03780176,0.96219826,23
3265,3,8,0.036427878,0.96357214,23
3265,4,16,0.03578503,0.964215,23
3265,5,1,0.034959495,0.9650405,23
3266,1,9,0.037987117,0.9620129,23
3266,2,2,0.037563976,0.962436,23
3266,3,8,0.036441512,0.9635585,23
3266,4,16,0.035944022,0.96405596,23
3266,5,29,0.03511852,0.9648815,23
3267,1,9,0.03812204,0.96187794,23
3267,2,2,0.037656505,0.9623435,23
3267,3,8,0.036143485,0.9638565,23
3267,4,16,0.036067978,0.96393204,23
3267,5,29,0.034793034,0.965207,23
3268,1,9,0.03839458,0.9616054,23
3268,2,2,0.03753339,0.9624666,23
3268,3,8,0.036155708,0.9638443,23
3268,4,16,0.03607692,0.9639231,23
3268,5,29,0.034751754,0.9652482,23
3269,1,9,0.038274784,0.96172523,23
3269,2,2,0.037642624,0.9623574,23
3269,3,16,0.036230005,0.96377,23
3269,4,8,0.036114685,0.9638853,23
3269,5,29,0.034711324,0.9652887,23
3270,1,9,0.03810826,0.9618918,23
3270,2,2,0.037997313,0.9620027,23
3270,3,8,0.036305185,0.9636948,23
3270,4,16,0.03589723,0.96410275,23
3270,5,1,0.035007607,0.9649924,23
3271,1,9,0.038517285,0.9614827,23
3271,2,2,0.037593476,0.9624065,23
3271,3,8,0.036199465,0.96380055,23
3271,4,16,0.035925627,0.9640744,23
3271,5,29,0.034733903,0.9652661,23
3272,1,9,0.03805216,0.96194786,23
3272,2,2,0.03731036,0.96268964,23
3272,3,16,0.036372054,0.96362793,23
3272,4,8,0.036359046,0.9636409,23
3272,5,29,0.03503059,0.9649694,23
3273,1,9,0.037866764,0.9621332,23
3273,2,2,0.03756846,0.96243155,23
3273,3,8,0.036260888,0.9637391,23
3273,4,16,0.036221966,0.963778,23
3273,5,29,0.035045736,0.96495426,23
3274,1,9,0.038309623,0.96169037,23
3274,2,2,0.03769508,0.96230495,23
3274,3,8,0.03634221,0.9636578,23
3274,4,16,0.03575236,0.96424764,23
3274,5,1,0.034829244,0.96517074,23
3275,1,9,0.0385917,0.9614083,23
3275,2,2,0.037462767,0.9625372,23
3275,3,8,0.03633193,0.96366805,23
3275,4,16,0.03607916,0.96392083,23
3275,5,29,0.034615565,0.9653844,23
3276,1,9,0.038207084,0.96179295,23
3276,2,2,0.03734515,0.9626548,23
3276,3,8,0.03646932,0.96353066,23
3276,4,16,0.036195435,0.96380454,23
3276,5,29,0.034917988,0.965082,23
3277,1,9,0.03825549,0.9617445,23
3277,2,2,0.03788443,0.9621156,23
3277,3,8,0.036046438,0.96395355,23
3277,4,16,0.03603234,0.9639677,23
3277,5,1,0.034582555,0.96541744,23
3278,1,9,0.038250223,0.9617498,23
3278,2,2,0.03772129,0.9622787,23
3278,3,8,0.03631123,0.9636888,23
3278,4,16,0.03602933,0.96397066,23
3278,5,29,0.03484308,0.9651569,23
3279,1,9,0.038064163,0.9619358,23
3279,2,2,0.037459187,0.9625408,23
3279,3,16,0.036130004,0.96387,23
3279,4,8,0.036078375,0.9639216,23
3279,5,29,0.03478891,0.9652111,23
3280,1,9,0.038792267,0.96120775,23
3280,2,2,0.03787514,0.9621249,23
3280,3,8,0.03594047,0.96405953,23
3280,4,16,0.03588811,0.96411186,23
3280,5,18,0.034710206,0.9652898,23
3281,1,9,0.03847075,0.96152925,23
3281,2,2,0.03747401,0.96252596,23
3281,3,8,0.036234554,0.96376544,23
3281,4,16,0.035953198,0.9640468,23
3281,5,1,0.034726355,0.9652736,23
3282,1,9,0.0379913,0.9620087,23
3282,2,2,0.037605133,0.9623949,23
3282,3,16,0.036318354,0.96368164,23
3282,4,8,0.03624238,0.96375763,23
3282,5,1,0.03492269,0.9650773,23
3283,1,9,0.03827569,0.9617243,23
3283,2,2,0.037813757,0.9621862,23
3283,3,8,0.03614576,0.96385425,23
3283,4,16,0.036027208,0.9639728,23
3283,5,29,0.034640256,0.96535975,23
3284,1,9,0.038308877,0.96169114,23
3284,2,2,0.037756924,0.9622431,23
3284,3,8,0.036253016,0.96374696,23
3284,4,16,0.035830274,0.96416974,23
3284,5,1,0.034793194,0.9652068,23
3285,1,9,0.03814076,0.9618592,23
3285,2,2,0.037450146,0.96254987,23
3285,3,8,0.03627289,0.9637271,23
3285,4,16,0.0362674,0.9637326,23
3285,5,1,0.034785345,0.96521467,23
3286,1,9,0.038338374,0.96166164,23
3286,2,2,0.03789868,0.96210134,23
3286,3,8,0.036183096,0.9638169,23
3286,4,16,0.035917,0.964083,23
3286,5,29,0.034681126,0.96531886,23
3287,1,9,0.038483024,0.961517,23
3287,2,2,0.03735444,0.96264553,23
3287,3,8,0.0363206,0.9636794,23
3287,4,16,0.035994567,0.9640054,23
3287,5,29,0.03477579,0.9652242,23
3288,1,9,0.03832249,0.9616775,23
3288,2,2,0.037538618,0.96246135,23
3288,3,8,0.03631974,0.96368027,23
3288,4,16,0.036003433,0.9639966,23
3288,5,29,0.034772377,0.9652276,23
3289,1,9,0.038139723,0.9618603,23
3289,2,2,0.037411183,0.9625888,23
3289,3,8,0.036425218,0.96357477,23
3289,4,16,0.036063254,0.96393675,23
3289,5,29,0.034860622,0.9651394,23
3290,1,9,0.03812592,0.96187407,23
3290,2,2,0.03745583,0.96254414,23
3290,3,16,0.036276605,0.9637234,23
3290,4,8,0.036015857,0.96398413,23
3290,5,1,0.034772728,0.96522725,23
3291,1,9,0.038230833,0.96176916,23
3291,2,2,0.03736273,0.96263725,23
3291,3,8,0.03630035,0.96369964,23
3291,4,16,0.036046166,0.96395385,23
3291,5,29,0.034811508,0.9651885,23
3292,1,9,0.038065083,0.9619349,23
3292,2,2,0.037469875,0.96253014,23
3292,3,16,0.036295507,0.96370447,23
3292,4,8,0.036188878,0.9638111,23
3292,5,29,0.034942206,0.9650578,23
3293,1,9,0.038200803,0.9617992,23
3293,2,2,0.03731547,0.9626845,23
3293,3,16,0.03638531,0.9636147,23
3293,4,8,0.03622145,0.96377856,23
3293,5,29,0.03492406,0.96507597,23
3294,1,9,0.038338453,0.9616616,23
3294,2,2,0.037559938,0.9624401,23
3294,3,8,0.036302894,0.9636971,23
3294,4,16,0.036055107,0.9639449,23
3294,5,1,0.03473565,0.9652643,23
3295,1,9,0.038131922,0.96186805,23
3295,2,2,0.037551958,0.96244806,23
3295,3,8,0.036531262,0.96346873,23
3295,4,16,0.03595813,0.9640419,23
3295,5,1,0.034900147,0.9650999,23
3296,1,9,0.0383421,0.9616579,23
3296,2,2,0.037843034,0.96215695,23
3296,3,8,0.03639716,0.96360284,23
3296,4,16,0.03575924,0.9642408,23
3296,5,1,0.035136495,0.9648635,23
3297,1,9,0.038044818,0.9619552,23
3297,2,2,0.037416834,0.9625832,23
3297,3,16,0.03648078,0.9635192,23
3297,4,8,0.03608411,0.9639159,23
3297,5,29,0.03479968,0.9652003,23
3298,1,9,0.038205013,0.961795,23
3298,2,2,0.03730964,0.96269035,23
3298,3,8,0.036371518,0.9636285,23
3298,4,16,0.036026586,0.9639734,23
3298,5,29,0.035020348,0.96497965,23
3299,1,9,0.03826954,0.9617305,23
3299,2,2,0.03743437,0.96256566,23
3299,3,16,0.036278877,0.9637211,23
3299,4,8,0.036243387,0.9637566,23
3299,5,29,0.034859307,0.9651407,23
3300,1,9,0.03807263,0.96192735,23
3300,2,2,0.03756532,0.96243465,23
3300,3,8,0.0365499,0.9634501,23
3300,4,16,0.03599876,0.96400124,23
3300,5,29,0.03511007,0.96488994,23
3301,1,9,0.038424093,0.9615759,23
3301,2,2,0.03775141,0.96224856,23
3301,3,8,0.0361117,0.9638883,23
3301,4,16,0.035815902,0.9641841,23
3301,5,1,0.035012983,0.96498704,23
3302,1,9,0.038313944,0.9616861,23
3302,2,2,0.03770933,0.96229064,23
3302,3,8,0.036206298,0.9637937,23
3302,4,16,0.036002126,0.9639979,23
3302,5,1,0.03479697,0.96520305,23
3303,1,9,0.03828652,0.9617135,23
3303,2,2,0.037260517,0.96273947,23
3303,3,16,0.03632044,0.96367955,23
3303,4,8,0.036238093,0.9637619,23
3303,5,29,0.034885816,0.9651142,23
3304,1,9,0.03794617,0.96205384,23
3304,2,2,0.03756264,0.9624374,23
3304,3,16,0.036519818,0.9634802,23
3304,4,8,0.03610435,0.9638957,23
3304,5,29,0.034819014,0.965181,23
3305,1,9,0.03809621,0.9619038,23
3305,2,2,0.037499335,0.9625007,23
3305,3,8,0.03629485,0.9637051,23
3305,4,16,0.03601781,0.96398216,23
3305,5,29,0.034876507,0.9651235,23
3306,1,9,0.038470946,0.9615291,23
3306,2,2,0.03772001,0.96228,23
3306,3,8,0.036150638,0.96384937,23
3306,4,16,0.03584473,0.96415526,23
3306,5,1,0.034760635,0.96523935,23
3307,1,9,0.038016386,0.9619836,23
3307,2,2,0.037547298,0.9624527,23
3307,3,16,0.036422264,0.96357775,23
3307,4,8,0.036173306,0.9638267,23
3307,5,29,0.034841403,0.9651586,23
3308,1,9,0.038113706,0.9618863,23
3308,2,2,0.037477434,0.96252257,23
3308,3,8,0.036258653,0.96374136,23
3308,4,16,0.036225483,0.9637745,23
3308,5,29,0.03483455,0.96516544,23
3309,1,9,0.03812071,0.9618793,23
3309,2,2,0.03735293,0.9626471,23
3309,3,8,0.036374256,0.9636257,23
3309,4,16,0.0362673,0.9637327,23
3309,5,1,0.034907214,0.9650928,23
3310,1,9,0.03823405,0.96176594,23
3310,2,2,0.037633155,0.9623668,23
3310,3,8,0.03617088,0.9638291,23
3310,4,16,0.036053088,0.96394694,23
3310,5,1,0.03496476,0.96503526,23
3311,1,9,0.037941363,0.96205866,23
3311,2,2,0.03775271,0.9622473,23
3311,3,8,0.036340915,0.9636591,23
3311,4,16,0.036041707,0.96395826,23
3311,5,29,0.035112675,0.9648873,23
3312,1,9,0.03814937,0.96185064,23
3312,2,2,0.037409525,0.96259046,23
3312,3,8,0.03630241,0.9636976,23
3312,4,16,0.036186185,0.96381384,23
3312,5,29,0.03480933,0.96519065,23
3313,1,9,0.03840019,0.9615998,23
3313,2,2,0.037678935,0.96232104,23
3313,3,8,0.03637645,0.9636235,23
3313,4,16,0.03582243,0.96417755,23
3313,5,1,0.034938112,0.9650619,23
3314,1,9,0.038115814,0.9618842,23
3314,2,2,0.03759425,0.96240574,23
3314,3,16,0.03622072,0.9637793,23
3314,4,8,0.03620559,0.9637944,23
3314,5,1,0.034951407,0.9650486,23
3315,1,9,0.037867658,0.96213233,23
3315,2,2,0.0375483,0.9624517,23
3315,3,8,0.036431026,0.963569,23
3315,4,16,0.03616476,0.96383524,23
3315,5,29,0.035253003,0.964747,23
3316,1,9,0.038064145,0.9619359,23
3316,2,2,0.037923153,0.96207684,23
3316,3,8,0.036302295,0.96369773,23
3316,4,16,0.035909705,0.9640903,23
3316,5,29,0.03492115,0.96507883,23
3317,1,9,0.03887029,0.9611297,23
3317,2,2,0.037435506,0.96256447,23
3317,3,16,0.03607823,0.9639218,23
3317,4,8,0.035816617,0.9641834,23
3317,5,18,0.034993116,0.9650069,23
3318,1,9,0.03805721,0.9619428,23
3318,2,2,0.037670113,0.96232986,23
3318,3,16,0.0361976,0.9638024,23
3318,4,8,0.036042724,0.96395725,23
3318,5,1,0.034887515,0.9651125,23
3319,1,9,0.038333792,0.9616662,23
3319,2,2,0.037718903,0.9622811,23
3319,3,8,0.036159374,0.9638406,23
3319,4,16,0.035977215,0.96402276,23
3319,5,29,0.034623668,0.9653763,23
3320,1,9,0.037976045,0.962024,23
3320,2,2,0.037525363,0.96247464,23
3320,3,16,0.03639307,0.96360695,23
3320,4,8,0.03625665,0.9637433,23
3320,5,29,0.03485302,0.96514696,23
3321,1,9,0.038327858,0.9616721,23
3321,2,2,0.03753864,0.96246135,23
3321,3,8,0.03630874,0.96369123,23
3321,4,16,0.036071707,0.9639283,23
3321,5,29,0.03484372,0.96515626,23
3322,1,9,0.038196743,0.96180326,23
3322,2,2,0.037858944,0.96214104,23
3322,3,8,0.036118407,0.9638816,23
3322,4,16,0.03596904,0.964031,23
3322,5,29,0.034783777,0.9652162,23
3323,1,9,0.038426686,0.9615733,23
3323,2,2,0.037732698,0.9622673,23
3323,3,8,0.03605411,0.96394587,23
3323,4,16,0.036006562,0.96399343,23
3323,5,29,0.034650408,0.9653496,23
3324,1,9,0.03793191,0.9620681,23
3324,2,2,0.037669357,0.96233064,23
3324,3,8,0.036302827,0.9636972,23
3324,4,16,0.036237977,0.96376204,23
3324,5,29,0.035165735,0.9648343,23
3325,1,9,0.038347874,0.9616521,23
3325,2,2,0.037454147,0.9625459,23
3325,3,8,0.036224253,0.96377575,23
3325,4,16,0.03603091,0.9639691,23
3325,5,29,0.03477702,0.96522295,23
3326,1,9,0.037932172,0.96206784,23
3326,2,2,0.03754043,0.96245956,23
3326,3,8,0.036320817,0.9636792,23
3326,4,16,0.036158238,0.96384174,23
3326,5,29,0.034885276,0.9651147,23
3327,1,9,0.038478993,0.961521,23
3327,2,2,0.038090803,0.9619092,23
3327,3,8,0.03595463,0.96404535,23
3327,4,16,0.035844643,0.9641554,23
3327,5,29,0.034486007,0.965514,23
3328,1,9,0.038359623,0.96164036,23
3328,2,2,0.037729375,0.9622706,23
3328,3,8,0.03605471,0.96394527,23
3328,4,16,0.03595238,0.9640476,23
3328,5,29,0.03473636,0.96526366,23
3329,1,9,0.038465504,0.9615345,23
3329,2,2,0.0377314,0.9622686,23
3329,3,8,0.03619111,0.9638089,23
3329,4,16,0.035954043,0.96404594,23
3329,5,29,0.03459049,0.9654095,23
3330,1,9,0.038119193,0.9618808,23
3330,2,2,0.03771789,0.9622821,23
3330,3,16,0.036217596,0.9637824,23
3330,4,8,0.036119007,0.963881,23
3330,5,29,0.034723725,0.9652763,23
3331,1,9,0.038276806,0.9617232,23
3331,2,2,0.037885178,0.9621148,23
3331,3,8,0.0362718,0.9637282,23
3331,4,16,0.036003582,0.9639964,23
3331,5,1,0.03471083,0.9652892,23
3332,1,9,0.038142998,0.961857,23
3332,2,2,0.03755354,0.96244645,23
3332,3,16,0.03619132,0.96380866,23
3332,4,8,0.036138404,0.9638616,23
3332,5,1,0.034750737,0.96524924,23
3333,1,9,0.038117576,0.9618824,23
3333,2,2,0.03761425,0.9623858,23
3333,3,16,0.03634447,0.96365553,23
3333,4,8,0.03590749,0.9640925,23
3333,5,29,0.03494095,0.96505904,23
3334,1,9,0.03816003,0.96184,23
3334,2,2,0.038131513,0.96186846,23
3334,3,8,0.036222987,0.963777,23
3334,4,16,0.035659052,0.9643409,23
3334,5,1,0.035294607,0.9647054,23
3335,1,9,0.038343467,0.9616565,23
3335,2,2,0.037915736,0.9620843,23
3335,3,8,0.03641362,0.9635864,23
3335,4,16,0.035762545,0.96423745,23
3335,5,1,0.034898683,0.9651013,23
3336,1,9,0.038002882,0.9619971,23
3336,2,2,0.037537273,0.9624627,23
3336,3,16,0.036291026,0.963709,23
3336,4,8,0.03615258,0.9638474,23
3336,5,29,0.03488227,0.96511775,23
3337,1,9,0.038006004,0.961994,23
3337,2,2,0.03758333,0.96241665,23
3337,3,8,0.03623699,0.963763,23
3337,4,16,0.03608864,0.96391135,23
3337,5,1,0.03485856,0.9651414,23
3338,1,9,0.038264688,0.9617353,23
3338,2,2,0.03766498,0.962335,23
3338,3,8,0.03639952,0.96360046,23
3338,4,16,0.035956953,0.964043,23
3338,5,29,0.03476751,0.9652325,23
3339,1,9,0.038455836,0.96154416,23
3339,2,2,0.037576187,0.9624238,23
3339,3,8,0.03616475,0.96383524,23
3339,4,16,0.03587016,0.96412987,23
3339,5,1,0.03469166,0.9653083,23
3340,1,9,0.038132817,0.9618672,23
3340,2,2,0.037379738,0.96262026,23
3340,3,16,0.03648998,0.96351004,23
3340,4,8,0.036238864,0.96376115,23
3340,5,29,0.034775387,0.9652246,23
3341,1,9,0.038309574,0.9616904,23
3341,2,2,0.03722131,0.9627787,23
3341,3,8,0.03623783,0.96376216,23
3341,4,16,0.036056582,0.9639434,23
3341,5,29,0.03477179,0.9652282,23
3342,1,9,0.038154762,0.9618452,23
3342,2,2,0.03736714,0.96263283,23
3342,3,16,0.036366887,0.9636331,23
3342,4,8,0.036156964,0.96384305,23
3342,5,1,0.0347948,0.9652052,23
3343,1,9,0.038141303,0.9618587,23
3343,2,2,0.0379919,0.9620081,23
3343,3,8,0.03625876,0.96374124,23
3343,4,16,0.036024105,0.9639759,23
3343,5,1,0.035019852,0.9649801,23
3344,1,9,0.03813974,0.96186024,23
3344,2,2,0.037877295,0.9621227,23
3344,3,8,0.03633224,0.96366775,23
3344,4,16,0.03575339,0.96424663,23
3344,5,1,0.03511756,0.96488243,23
3345,1,9,0.038096342,0.96190363,23
3345,2,2,0.037496235,0.9625038,23
3345,3,8,0.03643188,0.9635681,23
3345,4,16,0.036228795,0.9637712,23
3345,5,29,0.034893844,0.9651061,23
3346,1,9,0.038103655,0.96189636,23
3346,2,2,0.037695237,0.9623048,23
3346,3,8,0.0364663,0.9635337,23
3346,4,16,0.036023792,0.9639762,23
3346,5,29,0.03481746,0.96518254,23
3347,1,9,0.03803779,0.9619622,23
3347,2,2,0.037511382,0.9624886,23
3347,3,16,0.036492337,0.96350765,23
3347,4,8,0.03603665,0.9639633,23
3347,5,29,0.034844175,0.96515584,23
3348,1,9,0.038282342,0.96171767,23
3348,2,2,0.037527256,0.96247274,23
3348,3,16,0.03616039,0.9638396,23
3348,4,8,0.036154322,0.9638457,23
3348,5,29,0.03467454,0.9653255,23
3349,1,9,0.037927333,0.9620727,23
3349,2,2,0.037403833,0.9625962,23
3349,3,16,0.036478207,0.9635218,23
3349,4,8,0.03610808,0.9638919,23
3349,5,29,0.03489884,0.9651012,23
3350,1,9,0.038061474,0.9619385,23
3350,2,2,0.03757416,0.9624258,23
3350,3,8,0.036292415,0.96370757,23
3350,4,16,0.036163937,0.9638361,23
3350,5,29,0.034759928,0.96524006,23
3351,1,9,0.03836371,0.9616363,23
3351,2,2,0.037631165,0.96236885,23
3351,3,8,0.036245227,0.9637548,23
3351,4,16,0.036095906,0.9639041,23
3351,5,29,0.034691356,0.96530867,23
3352,1,9,0.038127836,0.96187216,23
3352,2,2,0.037814222,0.9621858,23
3352,3,8,0.03621153,0.96378845,23
3352,4,16,0.035804976,0.964195,23
3352,5,29,0.034755018,0.965245,23
3353,1,9,0.03827074,0.9617293,23
3353,2,2,0.03802822,0.96197176,23
3353,3,8,0.036213584,0.9637864,23
3353,4,16,0.035852466,0.9641475,23
3353,5,29,0.034662105,0.9653379,23
3354,1,9,0.03804324,0.96195674,23
3354,2,2,0.03762712,0.9623729,23
3354,3,8,0.036354724,0.9636453,23
3354,4,16,0.03602358,0.96397644,23
3354,5,29,0.034927733,0.9650723,23
3355,1,9,0.038167138,0.9618329,23
3355,2,2,0.037668396,0.9623316,23
3355,3,8,0.036223147,0.9637768,23
3355,4,16,0.0361295,0.9638705,23
3355,5,29,0.034682266,0.9653177,23
3356,1,9,0.03823787,0.96176213,23
3356,2,2,0.037605483,0.96239454,23
3356,3,16,0.036138084,0.96386194,23
3356,4,8,0.036013898,0.9639861,23
3356,5,29,0.03466566,0.96533436,23
3357,1,9,0.03833719,0.9616628,23
3357,2,2,0.0378902,0.9621098,23
3357,3,8,0.036133498,0.9638665,23
3357,4,16,0.03580166,0.96419835,23
3357,5,1,0.034719232,0.9652808,23
3358,1,9,0.038262658,0.96173733,23
3358,2,2,0.03793488,0.9620651,23
3358,3,8,0.036212966,0.963787,23
3358,4,16,0.03582739,0.9641726,23
3358,5,1,0.034804326,0.96519566,23
3359,1,9,0.03818369,0.9618163,23
3359,2,2,0.03779047,0.9622095,23
3359,3,8,0.036172945,0.9638271,23
3359,4,16,0.036021255,0.96397877,23
3359,5,29,0.034600113,0.96539986,23
3360,1,9,0.038075235,0.9619248,23
3360,2,2,0.037608586,0.96239144,23
3360,3,8,0.036423955,0.963576,23
3360,4,16,0.036119457,0.96388054,23
3360,5,29,0.034944184,0.9650558,23
3361,1,9,0.038233414,0.9617666,23
3361,2,2,0.03768828,0.96231174,23
3361,3,8,0.036183346,0.96381664,23
3361,4,16,0.03578976,0.9642102,23
3361,5,1,0.034726243,0.96527374,23
3362,1,9,0.038149185,0.9618508,23
3362,2,2,0.037451293,0.96254873,23
3362,3,8,0.036208272,0.9637917,23
3362,4,16,0.036200568,0.9637994,23
3362,5,29,0.03497964,0.96502036,23
3363,1,9,0.03820823,0.96179175,23
3363,2,2,0.03785172,0.9621483,23
3363,3,8,0.036361296,0.9636387,23
3363,4,16,0.036005415,0.96399456,23
3363,5,29,0.03484131,0.9651587,23
3364,1,9,0.03811639,0.9618836,23
3364,2,2,0.037433043,0.962567,23
3364,3,16,0.036475673,0.96352434,23
3364,4,8,0.03602792,0.9639721,23
3364,5,29,0.034877736,0.9651223,23
3365,1,9,0.038315017,0.961685,23
3365,2,2,0.037448026,0.96255195,23
3365,3,8,0.03631953,0.96368045,23
3365,4,16,0.035918314,0.9640817,23
3365,5,1,0.034752008,0.965248,23
3366,1,9,0.038418632,0.96158135,23
3366,2,2,0.037810043,0.96219,23
3366,3,8,0.03620789,0.9637921,23
3366,4,16,0.036033537,0.9639665,23
3366,5,29,0.03460332,0.9653967,23
3367,1,9,0.038232125,0.96176785,23
3367,2,2,0.037336774,0.96266323,23
3367,3,8,0.03626973,0.9637303,23
3367,4,16,0.036261365,0.9637386,23
3367,5,29,0.034864705,0.9651353,23
3368,1,9,0.03806741,0.9619326,23
3368,2,2,0.03765414,0.96234584,23
3368,3,8,0.03626642,0.96373355,23
3368,4,16,0.03616934,0.96383065,23
3368,5,29,0.035058927,0.9649411,23
3369,1,9,0.038367596,0.96163243,23
3369,2,2,0.03732186,0.96267813,23
3369,3,8,0.036215197,0.9637848,23
3369,4,16,0.03620043,0.9637996,23
3369,5,29,0.034786418,0.9652136,23
3370,1,9,0.038356427,0.9616436,23
3370,2,2,0.03754312,0.9624569,23
3370,3,8,0.036362458,0.96363753,23
3370,4,16,0.036057394,0.9639426,23
3370,5,1,0.034918003,0.965082,23
3371,1,9,0.03823902,0.961761,23
3371,2,2,0.037765183,0.9622348,23
3371,3,8,0.036223866,0.9637761,23
3371,4,16,0.03592699,0.964073,23
3371,5,1,0.034699596,0.9653004,23
3372,1,9,0.03814019,0.9618598,23
3372,2,2,0.037247866,0.9627521,23
3372,3,16,0.036728185,0.9632718,23
3372,4,8,0.035946272,0.96405375,23
3372,5,29,0.034896363,0.9651036,23
3373,1,9,0.037880227,0.96211976,23
3373,2,2,0.037561152,0.9624388,23
3373,3,8,0.03641961,0.96358037,23
3373,4,16,0.0362657,0.96373427,23
3373,5,29,0.035205204,0.9647948,23
3374,1,9,0.038065318,0.9619347,23
3374,2,2,0.03750339,0.96249664,23
3374,3,16,0.036325075,0.9636749,23
3374,4,8,0.03614491,0.9638551,23
3374,5,29,0.034963205,0.9650368,23
3375,1,9,0.03823805,0.96176195,23
3375,2,2,0.03720705,0.96279293,23
3375,3,16,0.036341522,0.96365845,23
3375,4,8,0.03631455,0.96368545,23
3375,5,29,0.035142597,0.9648574,23
3376,1,9,0.038287167,0.96171284,23
3376,2,2,0.03728422,0.9627158,23
3376,3,8,0.03626783,0.9637322,23
3376,4,16,0.036244035,0.96375597,23
3376,5,29,0.03481968,0.96518034,23
3377,1,9,0.038766265,0.96123374,23
3377,2,2,0.037561376,0.96243864,23
3377,3,16,0.036057774,0.9639422,23
3377,4,8,0.035919912,0.9640801,23
3377,5,18,0.034679763,0.9653202,23
3378,1,9,0.03822839,0.9617716,23
3378,2,2,0.03758624,0.9624138,23
3378,3,8,0.036359716,0.9636403,23
3378,4,16,0.03585296,0.96414703,23
3378,5,1,0.034862664,0.96513736,23
3379,1,9,0.038021874,0.96197814,23
3379,2,2,0.037340738,0.96265924,23
3379,3,16,0.03651851,0.9634815,23
3379,4,8,0.036241084,0.96375895,23
3379,5,29,0.034905843,0.96509415,23
3380,1,9,0.038251933,0.96174806,23
3380,2,2,0.03783167,0.96216834,23
3380,3,8,0.036460128,0.9635399,23
3380,4,16,0.035799067,0.9642009,23
3380,5,1,0.035000112,0.9649999,23
3381,1,9,0.038188227,0.9618118,23
3381,2,2,0.037954606,0.9620454,23
3381,3,8,0.03638632,0.9636137,23
3381,4,16,0.035749704,0.9642503,23
3381,5,1,0.03491958,0.96508044,23
3382,1,9,0.037950367,0.9620496,23
3382,2,2,0.03760513,0.9623949,23
3382,3,16,0.03622747,0.96377254,23
3382,4,8,0.036068197,0.9639318,23
3382,5,29,0.034968417,0.96503156,23
3383,1,9,0.03845644,0.96154356,23
3383,2,2,0.03771185,0.96228814,23
3383,3,8,0.03611103,0.96388894,23
3383,4,16,0.0359002,0.9640998,23
3383,5,1,0.0347141,0.9652859,23
3384,1,9,0.038300656,0.96169937,23
3384,2,2,0.038082067,0.96191794,23
3384,3,8,0.036203153,0.96379685,23
3384,4,16,0.035659377,0.9643406,23
3384,5,1,0.034791812,0.9652082,23
3385,1,9,0.038367286,0.9616327,23
3385,2,2,0.03737998,0.96262,23
3385,3,16,0.036238223,0.9637618,23
3385,4,8,0.036228817,0.96377116,23
3385,5,29,0.034819968,0.96518004,23
3386,1,9,0.038403254,0.9615967,23
3386,2,2,0.0374206,0.96257937,23
3386,3,8,0.03616838,0.9638316,23
3386,4,16,0.036057074,0.96394295,23
3386,5,1,0.034677852,0.96532214,23
3387,1,9,0.03830301,0.961697,23
3387,2,2,0.03729824,0.96270174,23
3387,3,8,0.036426138,0.9635739,23
3387,4,16,0.03597349,0.9640265,23
3387,5,29,0.034840032,0.96515995,23
3388,1,9,0.03833094,0.9616691,23
3388,2,2,0.03781435,0.9621856,23
3388,3,8,0.036146782,0.96385324,23
3388,4,16,0.03594619,0.9640538,23
3388,5,1,0.034790576,0.9652094,23
3389,1,9,0.038193993,0.961806,23
3389,2,2,0.03737504,0.96262497,23
3389,3,8,0.03630431,0.9636957,23
3389,4,16,0.03615882,0.9638412,23
3389,5,1,0.03484192,0.9651581,23
3390,1,9,0.03807625,0.9619237,23
3390,2,2,0.037281062,0.96271896,23
3390,3,16,0.036642615,0.9633574,23
3390,4,8,0.036204714,0.9637953,23
3390,5,29,0.034801748,0.9651983,23
3391,1,9,0.038095802,0.96190417,23
3391,2,2,0.03722961,0.9627704,23
3391,3,16,0.036557328,0.9634427,23
3391,4,8,0.036357645,0.96364236,23
3391,5,29,0.035009354,0.9649906,23
3392,1,9,0.03843847,0.96156156,23
3392,2,2,0.037510905,0.96248907,23
3392,3,8,0.036400475,0.9635995,23
3392,4,16,0.03585883,0.9641412,23
3392,5,1,0.0347661,0.9652339,23
3393,1,9,0.03810232,0.9618977,23
3393,2,2,0.037605602,0.9623944,23
3393,3,8,0.036250338,0.96374965,23
3393,4,16,0.036208924,0.9637911,23
3393,5,29,0.035029247,0.96497077,23
3394,1,9,0.03826188,0.9617381,23
3394,2,2,0.037905615,0.96209437,23
3394,3,8,0.036160573,0.9638394,23
3394,4,16,0.035902813,0.9640972,23
3394,5,29,0.034864824,0.96513516,23
3395,1,9,0.03838575,0.96161425,23
3395,2,2,0.037744418,0.9622556,23
3395,3,8,0.036166977,0.96383303,23
3395,4,16,0.0360528,0.9639472,23
3395,5,29,0.03461675,0.96538323,23
3396,1,9,0.038136996,0.961863,23
3396,2,2,0.03760415,0.96239585,23
3396,3,16,0.036265615,0.9637344,23
3396,4,8,0.03601488,0.96398515,23
3396,5,29,0.034953266,0.96504676,23
3397,1,9,0.038310982,0.961689,23
3397,2,2,0.0374685,0.9625315,23
3397,3,8,0.036262896,0.96373713,23
3397,4,16,0.036003876,0.9639961,23
3397,5,29,0.03479378,0.9652062,23
3398,1,9,0.038263008,0.961737,23
3398,2,2,0.037700035,0.96229994,23
3398,3,8,0.036267385,0.9637326,23
3398,4,16,0.035937708,0.9640623,23
3398,5,1,0.034769844,0.96523017,23
3399,1,9,0.038039792,0.9619602,23
3399,2,2,0.03755497,0.962445,23
3399,3,8,0.03633189,0.9636681,23
3399,4,16,0.03603256,0.96396744,23
3399,5,29,0.035075106,0.9649249,23
3400,1,9,0.038610287,0.9613897,23
3400,2,2,0.037548587,0.9624514,23
3400,3,8,0.03611353,0.9638865,23
3400,4,16,0.03593879,0.9640612,23
3400,5,1,0.03475598,0.965244,23
3401,1,9,0.038028304,0.9619717,23
3401,2,2,0.03740964,0.96259034,23
3401,3,8,0.03643532,0.9635647,23
3401,4,16,0.036175404,0.96382457,23
3401,5,29,0.034959197,0.9650408,23
3402,1,9,0.038077626,0.96192235,23
3402,2,2,0.03729875,0.96270126,23
3402,3,8,0.036381837,0.96361816,23
3402,4,16,0.03635155,0.96364844,23
3402,5,29,0.035139028,0.964861,23
3403,1,9,0.037948743,0.9620513,23
3403,2,2,0.037659723,0.9623403,23
3403,3,16,0.036242418,0.9637576,23
3403,4,8,0.03624202,0.963758,23
3403,5,29,0.034840804,0.9651592,23
3404,1,9,0.038145144,0.9618549,23
3404,2,2,0.037577275,0.9624227,23
3404,3,8,0.036252357,0.9637476,23
3404,4,16,0.036118627,0.9638814,23
3404,5,29,0.034847565,0.96515244,23
3405,1,9,0.03819232,0.96180767,23
3405,2,2,0.037708648,0.96229136,23
3405,3,16,0.036220483,0.9637795,23
3405,4,8,0.03620231,0.9637977,23
3405,5,29,0.034767445,0.96523255,23
3406,1,9,0.038119167,0.9618808,23
3406,2,2,0.03784591,0.9621541,23
3406,3,8,0.03622375,0.96377623,23
3406,4,16,0.03604703,0.96395296,23
3406,5,29,0.034736093,0.9652639,23
3407,1,9,0.038130626,0.96186936,23
3407,2,2,0.037420314,0.96257967,23
3407,3,16,0.036568265,0.9634317,23
3407,4,8,0.036384188,0.96361583,23
3407,5,29,0.03480193,0.96519804,23
3408,1,9,0.03807908,0.9619209,23
3408,2,2,0.037439365,0.96256065,23
3408,3,16,0.03635994,0.96364003,23
3408,4,8,0.036271103,0.9637289,23
3408,5,29,0.03485703,0.96514297,23
3409,1,9,0.038087487,0.9619125,23
3409,2,2,0.037770085,0.9622299,23
3409,3,8,0.036177367,0.9638226,23
3409,4,16,0.036125813,0.96387416,23
3409,5,29,0.035022642,0.9649774,23
3410,1,9,0.038212642,0.96178734,23
3410,2,2,0.037433542,0.96256644,23
3410,3,16,0.036341947,0.96365803,23
3410,4,8,0.03622973,0.9637703,23
3410,5,29,0.034722086,0.9652779,23
3411,1,9,0.038226243,0.96177375,23
3411,2,2,0.03781144,0.96218854,23
3411,3,8,0.03615151,0.9638485,23
3411,4,16,0.03601122,0.9639888,23
3411,5,1,0.034943465,0.96505654,23
3412,1,9,0.038228575,0.9617714,23
3412,2,2,0.037715137,0.96228486,23
3412,3,8,0.036252722,0.96374726,23
3412,4,16,0.036097083,0.9639029,23
3412,5,29,0.034839068,0.9651609,23
3413,1,9,0.03821673,0.9617833,23
3413,2,2,0.037471905,0.9625281,23
3413,3,16,0.036341466,0.9636585,23
3413,4,8,0.03612742,0.96387255,23
3413,5,29,0.034733422,0.9652666,23
3414,1,9,0.038280856,0.96171916,23
3414,2,2,0.037532877,0.96246713,23
3414,3,8,0.036148682,0.96385133,23
3414,4,16,0.036079,0.963921,23
3414,5,29,0.034847643,0.9651524,23
3415,1,9,0.038461562,0.96153843,23
3415,2,2,0.037788488,0.9622115,23
3415,3,8,0.036396276,0.96360373,23
3415,4,16,0.035734367,0.96426564,23
3415,5,1,0.034827918,0.96517205,23
3416,1,9,0.038135998,0.961864,23
3416,2,2,0.03755885,0.96244115,23
3416,3,8,0.03629976,0.96370023,23
3416,4,16,0.036091972,0.963908,23
3416,5,1,0.03471966,0.96528035,23
3417,1,9,0.038353868,0.96164614,23
3417,2,2,0.037862096,0.9621379,23
3417,3,8,0.036148865,0.96385115,23
3417,4,16,0.035882253,0.96411777,23
3417,5,1,0.03493962,0.96506035,23
3418,1,9,0.038197458,0.96180254,23
3418,2,2,0.037872367,0.9621276,23
3418,3,8,0.036233593,0.9637664,23
3418,4,16,0.035946425,0.9640536,23
3418,5,29,0.034746815,0.9652532,23
3419,1,9,0.038154542,0.96184546,23
3419,2,2,0.037770044,0.96222997,23
3419,3,8,0.036458805,0.9635412,23
3419,4,16,0.035980362,0.96401966,23
3419,5,29,0.034736246,0.9652637,23
3420,1,9,0.038294036,0.961706,23
3420,2,2,0.037501592,0.9624984,23
3420,3,8,0.036359314,0.9636407,23
3420,4,16,0.035891816,0.96410817,23
3420,5,1,0.034896962,0.96510303,23
3421,1,9,0.038054835,0.9619452,23
3421,2,2,0.037516844,0.96248317,23
3421,3,8,0.036385927,0.96361405,23
3421,4,16,0.0362598,0.9637402,23
3421,5,1,0.034969594,0.96503043,23
3422,1,9,0.037980504,0.9620195,23
3422,2,2,0.03737328,0.9626267,23
3422,3,8,0.036470704,0.9635293,23
3422,4,16,0.036232457,0.9637675,23
3422,5,29,0.034980655,0.96501935,23
3423,1,9,0.03842446,0.96157557,23
3423,2,2,0.03773166,0.96226835,23
3423,3,8,0.036194526,0.9638055,23
3423,4,16,0.035907667,0.9640923,23
3423,5,1,0.034835044,0.96516496,23
3424,1,9,0.038042232,0.96195775,23
3424,2,2,0.037565798,0.9624342,23
3424,3,16,0.03633173,0.9636683,23
3424,4,8,0.03611366,0.9638863,23
3424,5,29,0.034803078,0.9651969,23
3425,1,9,0.038357884,0.96164215,23
3425,2,2,0.03767311,0.9623269,23
3425,3,8,0.036201786,0.9637982,23
3425,4,16,0.03604405,0.96395594,23
3425,5,1,0.034771897,0.9652281,23
3426,1,9,0.038167793,0.9618322,23
3426,2,2,0.037365116,0.96263486,23
3426,3,8,0.036436077,0.9635639,23
3426,4,16,0.035981525,0.96401846,23
3426,5,1,0.034910463,0.96508956,23
3427,1,9,0.038550895,0.9614491,23
3427,2,2,0.037744023,0.96225595,23
3427,3,8,0.036250394,0.9637496,23
3427,4,16,0.035928134,0.96407187,23
3427,5,29,0.034561455,0.96543854,23
3428,1,9,0.038307246,0.96169275,23
3428,2,2,0.03767811,0.9623219,23
3428,3,8,0.03636044,0.96363956,23
3428,4,16,0.03602307,0.9639769,23
3428,5,1,0.035009623,0.9649904,23
3429,1,9,0.038288776,0.9617112,23
3429,2,2,0.03730699,0.96269304,23
3429,3,8,0.03624093,0.96375906,23
3429,4,16,0.03623691,0.9637631,23
3429,5,29,0.034866586,0.9651334,23
3430,1,9,0.038490426,0.9615096,23
3430,2,2,0.037678596,0.9623214,23
3430,3,8,0.03617243,0.96382755,23
3430,4,16,0.035960816,0.9640392,23
3430,5,1,0.034708984,0.965291,23
3431,1,9,0.038276456,0.96172357,23
3431,2,2,0.037810843,0.96218914,23
3431,3,8,0.036262058,0.96373796,23
3431,4,16,0.035878696,0.9641213,23
3431,5,1,0.03471981,0.9652802,23
3432,1,9,0.03864728,0.9613527,23
3432,2,2,0.038006328,0.9619937,23
3432,3,8,0.036200356,0.96379966,23
3432,4,16,0.035766784,0.9642332,23
3432,5,1,0.03470677,0.9652932,23
3433,1,9,0.03833307,0.96166694,23
3433,2,2,0.037880305,0.9621197,23
3433,3,16,0.036020987,0.963979,23
3433,4,8,0.035876613,0.96412337,23
3433,5,29,0.034719467,0.96528053,23
3434,1,9,0.038183574,0.96181643,23
3434,2,2,0.037479315,0.96252066,23
3434,3,8,0.036293525,0.9637065,23
3434,4,16,0.036054414,0.96394557,23
3434,5,29,0.03475161,0.9652484,23
3435,1,9,0.038075652,0.9619244,23
3435,2,2,0.037429795,0.9625702,23
3435,3,16,0.036268156,0.9637318,23
3435,4,8,0.03618579,0.9638142,23
3435,5,1,0.0347771,0.9652229,23
3436,1,9,0.03817399,0.961826,23
3436,2,2,0.03752383,0.9624762,23
3436,3,8,0.036279876,0.96372014,23
3436,4,16,0.036183283,0.9638167,23
3436,5,29,0.034813583,0.9651864,23
3437,1,9,0.038091857,0.96190816,23
3437,2,2,0.037362717,0.9626373,23
3437,3,16,0.036374636,0.9636254,23
3437,4,8,0.03617025,0.96382976,23
3437,5,29,0.034885187,0.96511483,23
3438,1,9,0.038326703,0.9616733,23
3438,2,2,0.037800834,0.96219915,23
3438,3,8,0.036369797,0.9636302,23
3438,4,16,0.035901245,0.96409875,23
3438,5,1,0.034670416,0.9653296,23
3439,1,9,0.03795809,0.9620419,23
3439,2,2,0.037378766,0.9626212,23
3439,3,16,0.03653987,0.96346015,23
3439,4,8,0.036196314,0.9638037,23
3439,5,29,0.03478058,0.96521944,23
3440,1,9,0.038837362,0.9611626,23
3440,2,2,0.037650757,0.96234924,23
3440,3,8,0.036090534,0.96390945,23
3440,4,16,0.03590089,0.9640991,23
3440,5,18,0.03476639,0.9652336,23
3441,1,9,0.038216703,0.9617833,23
3441,2,2,0.03762685,0.96237314,23
3441,3,8,0.036179483,0.9638205,23
3441,4,16,0.03605533,0.9639447,23
3441,5,1,0.034731563,0.96526843,23
3442,1,9,0.03825324,0.96174675,23
3442,2,2,0.037191093,0.9628089,23
3442,3,8,0.036304712,0.9636953,23
3442,4,16,0.036173187,0.96382684,23
3442,5,29,0.035012018,0.964988,23
3443,1,9,0.0380745,0.9619255,23
3443,2,2,0.03771138,0.9622886,23
3443,3,8,0.036329497,0.9636705,23
3443,4,16,0.036168206,0.9638318,23
3443,5,1,0.0348335,0.9651665,23
3444,1,9,0.03797802,0.962022,23
3444,2,2,0.0377328,0.9622672,23
3444,3,8,0.036347687,0.9636523,23
3444,4,16,0.035994913,0.9640051,23
3444,5,29,0.035078447,0.96492153,23
3445,1,9,0.03840423,0.9615958,23
3445,2,2,0.038074683,0.9619253,23
3445,3,8,0.036224984,0.96377504,23
3445,4,16,0.03564234,0.9643577,23
3445,5,1,0.034902554,0.9650974,23
3446,1,9,0.03833866,0.96166134,23
3446,2,2,0.038092278,0.96190774,23
3446,3,8,0.03623751,0.96376246,23
3446,4,16,0.035763342,0.9642367,23
3446,5,1,0.03480398,0.965196,23
3447,1,9,0.03822886,0.96177113,23
3447,2,2,0.03770192,0.9622981,23
3447,3,16,0.036165133,0.9638349,23
3447,4,8,0.03616345,0.96383655,23
3447,5,29,0.03473618,0.96526384,23
3448,1,9,0.0381248,0.9618752,23
3448,2,2,0.037963532,0.9620365,23
3448,3,8,0.03639293,0.9636071,23
3448,4,16,0.03582634,0.9641737,23
3448,5,1,0.03487151,0.9651285,23
3449,1,9,0.03820446,0.96179557,23
3449,2,2,0.03785935,0.9621407,23
3449,3,8,0.036145385,0.9638546,23
3449,4,16,0.035873856,0.96412617,23
3449,5,1,0.03466229,0.9653377,23
3450,1,9,0.038191393,0.9618086,23
3450,2,2,0.037552595,0.9624474,23
3450,3,8,0.03630588,0.9636941,23
3450,4,16,0.035932,0.964068,23
3450,5,29,0.034833644,0.96516633,23
3451,1,9,0.038031258,0.9619687,23
3451,2,2,0.03742273,0.9625773,23
3451,3,8,0.036355395,0.9636446,23
3451,4,16,0.036122553,0.96387744,23
3451,5,29,0.03491361,0.9650864,23
3452,1,9,0.038164314,0.9618357,23
3452,2,2,0.037463155,0.9625369,23
3452,3,16,0.036274582,0.96372545,23
3452,4,8,0.03616461,0.96383536,23
3452,5,1,0.03477911,0.96522087,23
3453,1,9,0.038571876,0.9614281,23
3453,2,2,0.037638396,0.9623616,23
3453,3,8,0.036246266,0.96375376,23
3453,4,16,0.035719555,0.9642804,23
3453,5,1,0.0347166,0.9652834,23
3454,1,9,0.038503177,0.96149683,23
3454,2,2,0.037918493,0.9620815,23
3454,3,8,0.03645227,0.9635477,23
3454,4,16,0.03555482,0.9644452,23
3454,5,1,0.03485526,0.96514475,23
3455,1,9,0.03830791,0.9616921,23
3455,2,2,0.03763952,0.9623605,23
3455,3,8,0.03610662,0.96389335,23
3455,4,16,0.035985406,0.9640146,23
3455,5,1,0.034657963,0.96534204,23
3456,1,9,0.0378308,0.9621692,23
3456,2,2,0.037549082,0.9624509,23
3456,3,8,0.03640785,0.9635922,23
3456,4,16,0.036119055,0.96388096,23
3456,5,29,0.035192173,0.9648078,23
3457,1,9,0.03817494,0.9618251,23
3457,2,2,0.0374476,0.9625524,23
3457,3,8,0.036383398,0.9636166,23
3457,4,16,0.03606153,0.9639385,23
3457,5,29,0.03484029,0.9651597,23
3458,1,9,0.03807351,0.96192646,23
3458,2,2,0.037494536,0.96250546,23
3458,3,16,0.036322683,0.9636773,23
3458,4,8,0.036140576,0.96385944,23
3458,5,29,0.034791313,0.9652087,23
3459,1,9,0.037951317,0.9620487,23
3459,2,2,0.03737617,0.96262383,23
3459,3,8,0.03631381,0.96368617,23
3459,4,16,0.036132433,0.96386755,23
3459,5,29,0.034805804,0.9651942,23
3460,1,9,0.03827944,0.9617206,23
3460,2,2,0.038070757,0.96192926,23
3460,3,8,0.03635888,0.9636411,23
3460,4,16,0.03568122,0.96431875,23
3460,5,1,0.034948833,0.9650512,23
3461,1,9,0.038041662,0.96195835,23
3461,2,2,0.037410222,0.9625898,23
3461,3,16,0.036299556,0.9637004,23
3461,4,8,0.03626695,0.9637331,23
3461,5,29,0.034941394,0.9650586,23
3462,1,9,0.03823309,0.9617669,23
3462,2,2,0.037902184,0.9620978,23
3462,3,8,0.036251325,0.9637487,23
3462,4,16,0.03587838,0.96412164,23
3462,5,1,0.034856025,0.965144,23
3463,1,9,0.038039833,0.9619602,23
3463,2,2,0.0377321,0.9622679,23
3463,3,8,0.036262788,0.9637372,23
3463,4,16,0.03608295,0.9639171,23
3463,5,29,0.034860212,0.9651398,23
3464,1,9,0.03846153,0.9615385,23
3464,2,2,0.037541907,0.9624581,23
3464,3,16,0.036207605,0.9637924,23
3464,4,8,0.035933845,0.96406615,23
3464,5,29,0.03473984,0.96526015,23
3465,1,9,0.03838601,0.961614,23
3465,2,2,0.037657276,0.96234274,23
3465,3,16,0.036034063,0.96396595,23
3465,4,8,0.036017913,0.9639821,23
3465,5,1,0.034607217,0.96539277,23
3466,1,9,0.03812828,0.96187174,23
3466,2,2,0.037645914,0.96235406,23
3466,3,8,0.036350954,0.96364903,23
3466,4,16,0.036050092,0.9639499,23
3466,5,1,0.034803495,0.9651965,23
3467,1,9,0.03829977,0.9617002,23
3467,2,2,0.037754998,0.962245,23
3467,3,8,0.0362769,0.9637231,23
3467,4,16,0.035945747,0.9640542,23
3467,5,1,0.034927983,0.96507204,23
3468,1,9,0.038319867,0.9616801,23
3468,2,2,0.03754504,0.962455,23
3468,3,8,0.03633988,0.9636601,23
3468,4,16,0.036066882,0.9639331,23
3468,5,29,0.034777287,0.9652227,23
3469,1,9,0.03796058,0.9620394,23
3469,2,2,0.037340738,0.96265924,23
3469,3,16,0.03638131,0.9636187,23
3469,4,8,0.036370102,0.9636299,23
3469,5,29,0.03525341,0.9647466,23
3470,1,9,0.038233,0.961767,23
3470,2,2,0.037717707,0.9622823,23
3470,3,16,0.0361453,0.9638547,23
3470,4,8,0.036038507,0.9639615,23
3470,5,29,0.0347508,0.9652492,23
3471,1,9,0.038225446,0.9617745,23
3471,2,2,0.037609402,0.9623906,23
3471,3,8,0.036284897,0.9637151,23
3471,4,16,0.035922628,0.96407735,23
3471,5,29,0.034949653,0.96505034,23
3472,1,9,0.03795802,0.962042,23
3472,2,2,0.03741541,0.9625846,23
3472,3,16,0.036401603,0.9635984,23
3472,4,8,0.03618229,0.9638177,23
3472,5,29,0.034776036,0.96522397,23
3473,1,9,0.03805236,0.9619476,23
3473,2,2,0.037425455,0.96257454,23
3473,3,16,0.036264487,0.9637355,23
3473,4,8,0.036245123,0.9637549,23
3473,5,29,0.03495377,0.9650462,23
3474,1,9,0.03821711,0.9617829,23
3474,2,2,0.0377031,0.9622969,23
3474,3,16,0.036130365,0.96386963,23
3474,4,8,0.03599385,0.9640061,23
3474,5,29,0.0348024,0.9651976,23
3475,1,9,0.03843531,0.96156466,23
3475,2,2,0.0374285,0.9625715,23
3475,3,8,0.036229935,0.9637701,23
3475,4,16,0.03604897,0.96395105,23
3475,5,29,0.034835808,0.9651642,23
3476,1,9,0.038191307,0.9618087,23
3476,2,2,0.03776945,0.96223056,23
3476,3,8,0.03616394,0.9638361,23
3476,4,16,0.036133926,0.96386606,23
3476,5,29,0.03477476,0.9652252,23
3477,1,9,0.038070716,0.96192926,23
3477,2,2,0.03774364,0.9622564,23
3477,3,8,0.03628594,0.96371406,23
3477,4,16,0.03599395,0.96400607,23
3477,5,1,0.03471469,0.9652853,23
3478,1,9,0.0380449,0.9619551,23
3478,2,2,0.037445936,0.96255404,23
3478,3,16,0.036314752,0.9636853,23
3478,4,8,0.036049973,0.96395004,23
3478,5,29,0.034780167,0.96521986,23
3479,1,9,0.03829115,0.96170884,23
3479,2,2,0.03729642,0.9627036,23
3479,3,8,0.036302567,0.96369743,23
3479,4,16,0.03621399,0.963786,23
3479,5,29,0.034854133,0.9651459,23
3480,1,9,0.0381874,0.9618126,23
3480,2,2,0.037475683,0.9625243,23
3480,3,8,0.03625924,0.96374077,23
3480,4,16,0.036107037,0.96389294,23
3480,5,29,0.03483862,0.9651614,23
3481,1,9,0.038011905,0.9619881,23
3481,2,2,0.03763607,0.96236396,23
3481,3,8,0.036418892,0.9635811,23
3481,4,16,0.035957236,0.9640428,23
3481,5,1,0.034901224,0.9650988,23
3482,1,9,0.038043644,0.9619564,23
3482,2,2,0.037434824,0.9625652,23
3482,3,8,0.036465038,0.96353495,23
3482,4,16,0.036078677,0.9639213,23
3482,5,29,0.034919597,0.9650804,23
3483,1,9,0.038275745,0.9617243,23
3483,2,2,0.037729792,0.9622702,23
3483,3,8,0.036176305,0.9638237,23
3483,4,16,0.03609382,0.96390617,23
3483,5,1,0.034637317,0.96536267,23
3484,1,9,0.038300913,0.96169907,23
3484,2,2,0.037441675,0.9625583,23
3484,3,16,0.03628112,0.9637189,23
3484,4,8,0.03620555,0.96379447,23
3484,5,29,0.034780245,0.96521974,23
3485,1,9,0.038960233,0.9610398,23
3485,2,2,0.037732787,0.9622672,23
3485,3,8,0.036133755,0.96386623,23
3485,4,16,0.035821192,0.9641788,23
3485,5,18,0.034824077,0.9651759,23
3486,1,9,0.037966132,0.96203387,23
3486,2,2,0.03750155,0.9624984,23
3486,3,8,0.036438666,0.96356136,23
3486,4,16,0.036085874,0.96391416,23
3486,5,29,0.034955572,0.96504444,23
3487,1,9,0.037989218,0.9620108,23
3487,2,2,0.037574444,0.96242553,23
3487,3,8,0.03626056,0.96373945,23
3487,4,16,0.036223415,0.9637766,23
3487,5,29,0.035002936,0.96499705,23
3488,1,9,0.037971195,0.9620288,23
3488,2,2,0.03749904,0.96250093,23
3488,3,16,0.036840003,0.96316,23
3488,4,8,0.03605643,0.9639436,23
3488,5,29,0.034777436,0.96522254,23
3489,1,9,0.038301125,0.9616989,23
3489,2,2,0.03729516,0.96270484,23
3489,3,8,0.036317598,0.9636824,23
3489,4,16,0.03617517,0.9638248,23
3489,5,29,0.03486372,0.9651363,23
3490,1,9,0.03832015,0.9616799,23
3490,2,2,0.037772734,0.9622273,23
3490,3,8,0.035994057,0.96400595,23
3490,4,16,0.035992175,0.96400785,23
3490,5,1,0.034606308,0.96539366,23
3491,1,9,0.03796686,0.96203315,23
3491,2,2,0.037343,0.962657,23
3491,3,8,0.03638854,0.9636115,23
3491,4,16,0.03622348,0.9637765,23
3491,5,29,0.035027437,0.96497256,23
3492,1,9,0.038334746,0.9616653,23
3492,2,2,0.037861362,0.96213865,23
3492,3,16,0.03602969,0.9639703,23
3492,4,8,0.035983223,0.9640168,23
3492,5,29,0.03479655,0.96520346,23
3493,1,9,0.038378723,0.9616213,23
3493,2,2,0.03784647,0.96215355,23
3493,3,8,0.036109693,0.9638903,23
3493,4,16,0.03576841,0.9642316,23
3493,5,1,0.03466916,0.96533084,23
3494,1,9,0.038040735,0.96195924,23
3494,2,2,0.037863825,0.96213615,23
3494,3,8,0.036245733,0.9637543,23
3494,4,16,0.036128752,0.96387124,23
3494,5,1,0.034989636,0.96501034,23
3495,1,9,0.03828014,0.9617199,23
3495,2,2,0.037518602,0.9624814,23
3495,3,16,0.036192838,0.96380717,23
3495,4,8,0.03589273,0.9641073,23
3495,5,29,0.03468212,0.9653179,23
3496,1,9,0.037995007,0.962005,23
3496,2,2,0.03756706,0.9624329,23
3496,3,8,0.036317714,0.9636823,23
3496,4,16,0.036124013,0.963876,23
3496,5,1,0.0348721,0.9651279,23
3497,1,9,0.038182613,0.9618174,23
3497,2,2,0.037721775,0.96227825,23
3497,3,16,0.036182933,0.96381706,23
3497,4,8,0.03612562,0.9638744,23
3497,5,29,0.034589097,0.9654109,23
3498,1,9,0.0382418,0.9617582,23
3498,2,2,0.037661355,0.9623386,23
3498,3,8,0.036153667,0.9638463,23
3498,4,16,0.036086086,0.9639139,23
3498,5,29,0.034677513,0.9653225,23
3499,1,9,0.03815726,0.9618427,23
3499,2,2,0.037615173,0.9623848,23
3499,3,8,0.036267683,0.9637323,23
3499,4,16,0.03597852,0.9640215,23
3499,5,1,0.03478644,0.96521354,23
3500,1,9,0.038118828,0.96188116,23
3500,2,2,0.03751241,0.9624876,23
3500,3,8,0.036363922,0.9636361,23
3500,4,16,0.036154557,0.96384543,23
3500,5,1,0.034994695,0.9650053,23
3501,1,9,0.038046554,0.96195346,23
3501,2,2,0.03767059,0.9623294,23
3501,3,8,0.03655762,0.9634424,23
3501,4,16,0.03590668,0.9640933,23
3501,5,1,0.034904502,0.9650955,23
3502,1,9,0.03805732,0.9619427,23
3502,2,2,0.037462983,0.962537,23
3502,3,8,0.036537137,0.9634629,23
3502,4,16,0.03604783,0.9639522,23
3502,5,29,0.034977045,0.965023,23
3503,1,9,0.038396664,0.96160334,23
3503,2,2,0.037537098,0.9624629,23
3503,3,8,0.036213342,0.96378666,23
3503,4,16,0.035982586,0.9640174,23
3503,5,1,0.03472463,0.96527535,23
3504,1,9,0.03817219,0.9618278,23
3504,2,2,0.037316598,0.9626834,23
3504,3,16,0.036301836,0.96369815,23
3504,4,8,0.03615587,0.9638441,23
3504,5,29,0.03489938,0.96510065,23
3505,1,9,0.03823685,0.96176314,23
3505,2,2,0.0378069,0.96219313,23
3505,3,8,0.03612106,0.9638789,23
3505,4,16,0.036110584,0.9638894,23
3505,5,29,0.03463245,0.96536756,23
3506,1,9,0.03823436,0.96176565,23
3506,2,2,0.037475567,0.9625244,23
3506,3,8,0.036301374,0.9636986,23
3506,4,16,0.036016572,0.9639834,23
3506,5,29,0.034818362,0.96518165,23
3507,1,9,0.03798372,0.9620163,23
3507,2,2,0.037409216,0.9625908,23
3507,3,16,0.03646898,0.963531,23
3507,4,8,0.036227796,0.9637722,23
3507,5,29,0.034918733,0.9650813,23
3508,1,9,0.038346294,0.9616537,23
3508,2,2,0.037642997,0.962357,23
3508,3,8,0.03614566,0.9638543,23
3508,4,16,0.03603375,0.96396625,23
3508,5,29,0.034844033,0.96515596,23
3509,1,9,0.03828124,0.96171874,23
3509,2,2,0.03780693,0.9621931,23
3509,3,8,0.0362887,0.9637113,23
3509,4,16,0.03581921,0.96418077,23
3509,5,1,0.03464903,0.965351,23
3510,1,9,0.03813823,0.9618618,23
3510,2,2,0.037692912,0.9623071,23
3510,3,8,0.036404297,0.9635957,23
3510,4,16,0.036011577,0.9639884,23
3510,5,29,0.034828942,0.96517104,23
3511,1,9,0.03819622,0.9618038,23
3511,2,2,0.037795667,0.96220434,23
3511,3,8,0.036467597,0.9635324,23
3511,4,16,0.035957817,0.9640422,23
3511,5,1,0.034729995,0.96527,23
3512,1,9,0.03842539,0.9615746,23
3512,2,2,0.03769681,0.96230316,23
3512,3,16,0.036081802,0.9639182,23
3512,4,8,0.035986453,0.9640136,23
3512,5,29,0.034759562,0.9652404,23
3513,1,9,0.03851302,0.961487,23
3513,2,2,0.037622023,0.96237797,23
3513,3,8,0.036229778,0.9637702,23
3513,4,16,0.035873044,0.96412694,23
3513,5,1,0.03477471,0.9652253,23
3514,1,9,0.038128562,0.96187145,23
3514,2,2,0.03777572,0.9622243,23
3514,3,8,0.0361804,0.9638196,23
3514,4,16,0.03606167,0.96393836,23
3514,5,1,0.03476949,0.9652305,23
3515,1,9,0.038184334,0.96181566,23
3515,2,2,0.037499636,0.96250033,23
3515,3,16,0.036272336,0.96372765,23
3515,4,8,0.036092725,0.9639073,23
3515,5,29,0.034986783,0.9650132,23
3516,1,9,0.03815851,0.96184146,23
3516,2,2,0.037607666,0.96239233,23
3516,3,8,0.036445446,0.96355456,23
3516,4,16,0.035998605,0.9640014,23
3516,5,1,0.03505277,0.9649472,23
3517,1,9,0.03798692,0.96201307,23
3517,2,2,0.037690654,0.96230936,23
3517,3,8,0.036515635,0.96348435,23
3517,4,16,0.036090154,0.96390986,23
3517,5,29,0.035040915,0.9649591,23
3518,1,9,0.038124695,0.9618753,23
3518,2,2,0.03754077,0.9624592,23
3518,3,8,0.036238514,0.9637615,23
3518,4,16,0.036153212,0.9638468,23
3518,5,29,0.034843646,0.9651564,23
3519,1,9,0.037906375,0.96209365,23
3519,2,2,0.03734623,0.96265376,23
3519,3,16,0.03654215,0.9634578,23
3519,4,8,0.036321934,0.96367806,23
3519,5,29,0.035142053,0.96485794,23
3520,1,9,0.038447317,0.9615527,23
3520,2,2,0.03746869,0.9625313,23
3520,3,8,0.03622699,0.963773,23
3520,4,16,0.035843838,0.96415615,23
3520,5,1,0.034895282,0.9651047,23
3521,1,9,0.038245358,0.9617546,23
3521,2,2,0.037345022,0.96265495,23
3521,3,8,0.036467157,0.96353287,23
3521,4,16,0.036031608,0.9639684,23
3521,5,1,0.03482469,0.96517533,23
3522,1,9,0.038195003,0.961805,23
3522,2,2,0.037368957,0.96263105,23
3522,3,16,0.03636821,0.9636318,23
3522,4,8,0.03614221,0.96385777,23
3522,5,29,0.034733385,0.9652666,23
3523,1,9,0.038405746,0.9615942,23
3523,2,2,0.037500713,0.96249926,23
3523,3,8,0.036252026,0.963748,23
3523,4,16,0.036053702,0.9639463,23
3523,5,29,0.03470188,0.9652981,23
3524,1,9,0.038164,0.961836,23
3524,2,2,0.03764023,0.9623598,23
3524,3,8,0.03620831,0.96379167,23
3524,4,16,0.036187544,0.9638125,23
3524,5,29,0.034802426,0.96519756,23
3525,1,9,0.037980825,0.9620192,23
3525,2,2,0.03759124,0.9624088,23
3525,3,16,0.036274765,0.9637252,23
3525,4,8,0.03617011,0.9638299,23
3525,5,29,0.034919742,0.96508026,23
3526,1,9,0.038007386,0.9619926,23
3526,2,2,0.037688628,0.9623114,23
3526,3,8,0.03630726,0.9636927,23
3526,4,16,0.03615688,0.9638431,23
3526,5,1,0.034872152,0.9651278,23
3527,1,9,0.038084235,0.9619158,23
3527,2,2,0.037418902,0.9625811,23
3527,3,8,0.03623966,0.9637603,23
3527,4,16,0.036164384,0.9638356,23
3527,5,29,0.03483314,0.96516687,23
3528,1,9,0.038139917,0.96186006,23
3528,2,2,0.037704315,0.9622957,23
3528,3,16,0.036134653,0.96386534,23
3528,4,8,0.03611876,0.96388125,23
3528,5,1,0.034760263,0.96523976,23
3529,1,9,0.03805573,0.9619443,23
3529,2,2,0.037713937,0.96228606,23
3529,3,8,0.036466643,0.96353334,23
3529,4,16,0.03586314,0.96413684,23
3529,5,29,0.035090074,0.9649099,23
3530,1,9,0.038008973,0.961991,23
3530,2,2,0.037337724,0.9626623,23
3530,3,16,0.036508,0.963492,23
3530,4,8,0.036272515,0.9637275,23
3530,5,29,0.03487222,0.96512777,23
3531,1,9,0.038567882,0.9614321,23
3531,2,2,0.037346527,0.96265346,23
3531,3,8,0.036363013,0.963637,23
3531,4,16,0.035873167,0.9641268,23
3531,5,1,0.03489382,0.9651062,23
3532,1,9,0.038078483,0.9619215,23
3532,2,2,0.03743561,0.9625644,23
3532,3,16,0.036272943,0.96372706,23
3532,4,8,0.036248457,0.96375155,23
3532,5,29,0.034906555,0.96509343,23
3533,1,9,0.038566615,0.9614334,23
3533,2,2,0.037484173,0.96251583,23
3533,3,8,0.03625638,0.9637436,23
3533,4,16,0.03594159,0.9640584,23
3533,5,1,0.034668207,0.9653318,23
3534,1,9,0.03841262,0.96158737,23
3534,2,2,0.037869543,0.9621304,23
3534,3,8,0.03635156,0.96364844,23
3534,4,16,0.035816513,0.9641835,23
3534,5,1,0.034786694,0.9652133,23
3535,1,9,0.038323835,0.9616762,23
3535,2,2,0.03753659,0.9624634,23
3535,3,8,0.036333453,0.96366656,23
3535,4,16,0.036067586,0.9639324,23
3535,5,1,0.03478415,0.96521586,23
3536,1,9,0.038103987,0.961896,23
3536,2,2,0.037484534,0.9625155,23
3536,3,16,0.036267016,0.96373296,23
3536,4,8,0.036147926,0.96385205,23
3536,5,29,0.03468523,0.96531475,23
3537,1,9,0.037815697,0.9621843,23
3537,2,2,0.037528988,0.962471,23
3537,3,8,0.03656132,0.9634387,23
3537,4,16,0.036065515,0.9639345,23
3537,5,29,0.035325766,0.96467423,23
3538,1,9,0.038222797,0.9617772,23
3538,2,2,0.037701324,0.9622987,23
3538,3,8,0.03637747,0.9636225,23
3538,4,16,0.035916373,0.9640836,23
3538,5,1,0.03478073,0.96521926,23
3539,1,9,0.03798473,0.9620153,23
3539,2,2,0.037565544,0.9624345,23
3539,3,8,0.036457304,0.9635427,23
3539,4,16,0.036112964,0.96388704,23
3539,5,29,0.035250686,0.96474934,23
3540,1,9,0.03811722,0.96188277,23
3540,2,2,0.03744375,0.96255624,23
3540,3,8,0.036338788,0.9636612,23
3540,4,16,0.035982758,0.9640173,23
3540,5,1,0.034861747,0.96513826,23
3541,1,9,0.03805489,0.9619451,23
3541,2,2,0.037499446,0.9625006,23
3541,3,16,0.036378987,0.963621,23
3541,4,8,0.0361353,0.9638647,23
3541,5,1,0.03476376,0.96523625,23
3542,1,9,0.038315758,0.9616842,23
3542,2,2,0.03790667,0.96209335,23
3542,3,8,0.03633819,0.9636618,23
3542,4,16,0.035845794,0.9641542,23
3542,5,1,0.034903184,0.96509683,23
3543,1,9,0.03826968,0.9617303,23
3543,2,2,0.037631612,0.96236837,23
3543,3,8,0.036310624,0.9636894,23
3543,4,16,0.036073808,0.9639262,23
3543,5,29,0.034708768,0.96529126,23
3544,1,9,0.03870238,0.96129763,23
3544,2,2,0.037984252,0.96201575,23
3544,3,8,0.036178976,0.96382105,23
3544,4,16,0.035683606,0.96431637,23
3544,5,18,0.034744136,0.96525586,23
3545,1,9,0.038306918,0.9616931,23
3545,2,2,0.03761881,0.9623812,23
3545,3,8,0.036200147,0.96379983,23
3545,4,16,0.03606109,0.9639389,23
3545,5,29,0.03476992,0.9652301,23
3546,1,9,0.03829477,0.9617052,23
3546,2,2,0.037570674,0.96242934,23
3546,3,8,0.036215644,0.96378434,23
3546,4,16,0.036018956,0.96398103,23
3546,5,1,0.034771442,0.96522856,23
3547,1,9,0.038117144,0.9618828,23
3547,2,2,0.037698284,0.96230173,23
3547,3,8,0.03637578,0.96362424,23
3547,4,16,0.035998132,0.9640019,23
3547,5,1,0.034877107,0.9651229,23
3548,1,9,0.03817963,0.96182036,23
3548,2,2,0.03735325,0.9626467,23
3548,3,16,0.036337823,0.96366215,23
3548,4,8,0.03621372,0.9637863,23
3548,5,29,0.03492237,0.96507764,23
3549,1,9,0.03790554,0.9620945,23
3549,2,2,0.037472434,0.9625276,23
3549,3,16,0.036553912,0.9634461,23
3549,4,8,0.03609601,0.96390396,23
3549,5,29,0.034921948,0.96507806,23
3550,1,9,0.03836588,0.9616341,23
3550,2,2,0.037538752,0.96246123,23
3550,3,8,0.036156803,0.9638432,23
3550,4,16,0.035947837,0.96405214,23
3550,5,1,0.03473898,0.96526104,23
3551,1,9,0.038193874,0.9618061,23
3551,2,2,0.037592623,0.96240735,23
3551,3,8,0.036383547,0.96361643,23
3551,4,16,0.03612372,0.9638763,23
3551,5,29,0.034748904,0.9652511,23
3552,1,9,0.038086865,0.9619131,23
3552,2,2,0.037646584,0.9623534,23
3552,3,8,0.036329005,0.96367097,23
3552,4,16,0.036057588,0.9639424,23
3552,5,29,0.03489397,0.965106,23
3553,1,9,0.038396012,0.961604,23
3553,2,2,0.03757064,0.96242934,23
3553,3,8,0.036145274,0.96385473,23
3553,4,16,0.03596064,0.9640394,23
3553,5,1,0.03483319,0.9651668,23
3554,1,9,0.038058665,0.96194136,23
3554,2,2,0.03788088,0.9621191,23
3554,3,8,0.036070216,0.9639298,23
3554,4,16,0.03602748,0.9639725,23
3554,5,29,0.034889463,0.96511054,23
3555,1,9,0.038264688,0.9617353,23
3555,2,2,0.03771522,0.9622848,23
3555,3,8,0.03613622,0.9638638,23
3555,4,16,0.035987552,0.96401244,23
3555,5,29,0.03476208,0.9652379,23
3556,1,9,0.03863081,0.9613692,23
3556,2,2,0.037434947,0.96256506,23
3556,3,16,0.036201667,0.96379834,23
3556,4,8,0.035938848,0.96406114,23
3556,5,29,0.03473577,0.9652642,23
3557,1,9,0.03798882,0.96201116,23
3557,2,2,0.03743857,0.9625614,23
3557,3,16,0.036688164,0.96331185,23
3557,4,8,0.036160372,0.96383965,23
3557,5,29,0.035041116,0.9649589,23
3558,1,9,0.038195014,0.961805,23
3558,2,2,0.037355192,0.9626448,23
3558,3,16,0.036328953,0.963671,23
3558,4,8,0.036151998,0.963848,23
3558,5,29,0.034698542,0.96530145,23
3559,1,9,0.03828872,0.9617113,23
3559,2,2,0.037550654,0.9624494,23
3559,3,8,0.036381427,0.9636186,23
3559,4,16,0.03613977,0.9638602,23
3559,5,1,0.034802295,0.9651977,23
3560,1,9,0.038218115,0.96178186,23
3560,2,2,0.03762306,0.96237695,23
3560,3,16,0.036109213,0.9638908,23
3560,4,8,0.036089856,0.96391016,23
3560,5,29,0.03485422,0.96514577,23
3561,1,9,0.038214967,0.961785,23
3561,2,2,0.037863284,0.96213675,23
3561,3,8,0.036239713,0.96376026,23
3561,4,16,0.03576858,0.96423143,23
3561,5,1,0.034958556,0.96504146,23
3562,1,9,0.03829639,0.9617036,23
3562,2,2,0.037797205,0.9622028,23
3562,3,8,0.03611166,0.96388835,23
3562,4,16,0.03581107,0.96418893,23
3562,5,1,0.035007406,0.9649926,23
3563,1,9,0.03826651,0.96173346,23
3563,2,2,0.037424378,0.9625756,23
3563,3,8,0.036431335,0.9635687,23
3563,4,16,0.036107574,0.9638924,23
3563,5,29,0.034841232,0.96515876,23
3564,1,9,0.03828862,0.9617114,23
3564,2,2,0.037594043,0.962406,23
3564,3,8,0.036437444,0.96356255,23
3564,4,16,0.03595987,0.96404016,23
3564,5,29,0.03476971,0.9652303,23
3565,1,9,0.038390268,0.9616097,23
3565,2,2,0.03777762,0.9622224,23
3565,3,8,0.036377378,0.9636226,23
3565,4,16,0.035771016,0.964229,23
3565,5,1,0.03468886,0.96531117,23
3566,1,9,0.038426004,0.961574,23
3566,2,2,0.03788568,0.96211433,23
3566,3,8,0.036329087,0.9636709,23
3566,4,16,0.035708874,0.9642911,23
3566,5,1,0.034925394,0.9650746,23
3567,1,9,0.038066775,0.96193326,23
3567,2,2,0.037491404,0.9625086,23
3567,3,16,0.036289796,0.9637102,23
3567,4,8,0.036066767,0.9639332,23
3567,5,29,0.034844726,0.96515524,23
3568,1,9,0.0383555,0.96164453,23
3568,2,2,0.0375714,0.96242857,23
3568,3,8,0.03623632,0.96376365,23
3568,4,16,0.03607103,0.963929,23
3568,5,29,0.03460139,0.9653986,23
3569,1,9,0.03819815,0.9618018,23
3569,2,2,0.037944164,0.96205586,23
3569,3,8,0.03621421,0.96378577,23
3569,4,16,0.03593022,0.9640698,23
3569,5,1,0.034691222,0.9653088,23
3570,1,9,0.038645685,0.9613543,23
3570,2,2,0.03745732,0.96254265,23
3570,3,8,0.036020078,0.9639799,23
3570,4,16,0.03598979,0.96401024,23
3570,5,1,0.0346847,0.9653153,23
3571,1,9,0.038256314,0.9617437,23
3571,2,2,0.03765592,0.96234405,23
3571,3,8,0.036229085,0.9637709,23
3571,4,16,0.036072113,0.96392787,23
3571,5,29,0.034823444,0.9651766,23
3572,1,9,0.03817145,0.96182853,23
3572,2,2,0.03760963,0.96239036,23
3572,3,8,0.036208928,0.9637911,23
3572,4,16,0.036035173,0.9639648,23
3572,5,29,0.03485018,0.9651498,23
3573,1,9,0.038284563,0.96171546,23
3573,2,2,0.03781851,0.9621815,23
3573,3,8,0.03628451,0.9637155,23
3573,4,16,0.03565057,0.96434945,23
3573,5,1,0.034789097,0.9652109,23
3574,1,9,0.038325276,0.96167475,23
3574,2,2,0.03800306,0.9619969,23
3574,3,8,0.036142793,0.96385723,23
3574,4,16,0.035840742,0.96415925,23
3574,5,1,0.034692742,0.96530724,23
3575,1,9,0.03828884,0.96171117,23
3575,2,2,0.037413064,0.96258694,23
3575,3,8,0.036284916,0.9637151,23
3575,4,16,0.036007613,0.96399236,23
3575,5,1,0.034994066,0.96500593,23
3576,1,9,0.03823973,0.9617603,23
3576,2,2,0.03768968,0.9623103,23
3576,3,8,0.03619306,0.9638069,23
3576,4,16,0.035831466,0.96416855,23
3576,5,1,0.034952354,0.96504766,23
3577,1,9,0.038190212,0.9618098,23
3577,2,2,0.037518878,0.96248114,23
3577,3,8,0.03626399,0.963736,23
3577,4,16,0.03625291,0.9637471,23
3577,5,29,0.03502953,0.96497047,23
3578,1,9,0.038362846,0.96163714,23
3578,2,2,0.037803147,0.9621968,23
3578,3,8,0.036116645,0.96388334,23
3578,4,16,0.03577955,0.96422046,23
3578,5,1,0.034737784,0.96526223,23
3579,1,9,0.037905853,0.9620941,23
3579,2,2,0.03744266,0.9625573,23
3579,3,16,0.03656398,0.963436,23
3579,4,8,0.036238622,0.9637614,23
3579,5,29,0.035006978,0.964993,23
3580,1,9,0.03840681,0.9615932,23
3580,2,2,0.037402596,0.9625974,23
3580,3,16,0.03628113,0.9637189,23
3580,4,8,0.036202986,0.96379703,23
3580,5,29,0.034742888,0.9652571,23
3581,1,9,0.03821363,0.9617864,23
3581,2,2,0.037453245,0.96254677,23
3581,3,8,0.03635937,0.96364063,23
3581,4,16,0.036142245,0.96385777,23
3581,5,29,0.034800384,0.9651996,23
3582,1,9,0.038446795,0.9615532,23
3582,2,2,0.03762112,0.96237886,23
3582,3,8,0.036368117,0.96363187,23
3582,4,16,0.03582518,0.9641748,23
3582,5,1,0.03481454,0.96518546,23
3583,1,9,0.03823854,0.9617615,23
3583,2,2,0.03754783,0.9624522,23
3583,3,8,0.03616323,0.9638368,23
3583,4,16,0.03609665,0.96390337,23
3583,5,29,0.034799162,0.96520084,23
3584,1,9,0.038521655,0.96147835,23
3584,2,2,0.037872367,0.9621276,23
3584,3,8,0.03616147,0.9638385,23
3584,4,16,0.03582741,0.9641726,23
3584,5,1,0.034616183,0.9653838,23
3585,1,9,0.038374133,0.9616259,23
3585,2,2,0.03783916,0.9621608,23
3585,3,8,0.03615978,0.96384025,23
3585,4,16,0.03603523,0.96396476,23
3585,5,29,0.034642316,0.96535766,23
3586,1,9,0.038203772,0.9617962,23
3586,2,2,0.037903905,0.9620961,23
3586,3,8,0.036162708,0.96383727,23
3586,4,16,0.035911452,0.96408856,23
3586,5,1,0.034645,0.965355,23
3587,1,9,0.038037844,0.96196216,23
3587,2,2,0.03749898,0.96250105,23
3587,3,8,0.036283173,0.9637168,23
3587,4,16,0.03618604,0.96381396,23
3587,5,29,0.034853123,0.9651469,23
3588,1,9,0.038497448,0.96150255,23
3588,2,2,0.037513126,0.96248686,23
3588,3,16,0.03613723,0.9638628,23
3588,4,8,0.036094714,0.9639053,23
3588,5,29,0.03468071,0.9653193,23
3589,1,9,0.03828452,0.96171546,23
3589,2,2,0.037648488,0.9623515,23
3589,3,8,0.036137775,0.96386224,23
3589,4,16,0.035958223,0.96404177,23
3589,5,29,0.034685254,0.96531475,23
3590,1,9,0.03814103,0.961859,23
3590,2,2,0.037804525,0.96219546,23
3590,3,8,0.03634292,0.9636571,23
3590,4,16,0.035973836,0.96402615,23
3590,5,29,0.034777023,0.96522295,23
3591,1,9,0.038421944,0.9615781,23
3591,2,2,0.037905652,0.96209437,23
3591,3,8,0.036226854,0.96377313,23
3591,4,16,0.035685454,0.9643145,23
3591,5,1,0.034961622,0.96503836,23
3592,1,9,0.038170516,0.9618295,23
3592,2,2,0.037748687,0.9622513,23
3592,3,8,0.036427155,0.96357286,23
3592,4,16,0.03596762,0.9640324,23
3592,5,29,0.034678947,0.96532106,23
3593,1,9,0.03814395,0.96185607,23
3593,2,2,0.03783611,0.96216387,23
3593,3,8,0.0362781,0.9637219,23
3593,4,16,0.03593388,0.96406615,23
3593,5,29,0.03480514,0.9651949,23
3594,1,9,0.038309712,0.9616903,23
3594,2,2,0.037275497,0.9627245,23
3594,3,16,0.036407717,0.9635923,23
3594,4,8,0.03608493,0.96391505,23
3594,5,29,0.034916155,0.96508384,23
3595,1,9,0.038197253,0.9618027,23
3595,2,2,0.038031243,0.9619688,23
3595,3,8,0.036040697,0.9639593,23
3595,4,16,0.035852544,0.96414745,23
3595,5,1,0.034742292,0.9652577,23
3596,1,9,0.037976526,0.9620235,23
3596,2,2,0.037373856,0.96262616,23
3596,3,16,0.036485232,0.96351475,23
3596,4,8,0.03628298,0.96371704,23
3596,5,29,0.03507785,0.96492213,23
3597,1,9,0.038079225,0.9619208,23
3597,2,2,0.037958425,0.96204156,23
3597,3,8,0.036365196,0.9636348,23
3597,4,16,0.035775412,0.9642246,23
3597,5,1,0.035218876,0.9647811,23
3598,1,9,0.037998173,0.9620018,23
3598,2,2,0.03724904,0.962751,23
3598,3,16,0.036553714,0.96344626,23
3598,4,8,0.03638695,0.96361303,23
3598,5,29,0.035105202,0.9648948,23
3599,1,9,0.038414292,0.9615857,23
3599,2,2,0.037495494,0.9625045,23
3599,3,8,0.036154944,0.9638451,23
3599,4,16,0.03595376,0.96404624,23
3599,5,29,0.03469292,0.96530706,23
3600,1,9,0.038251556,0.9617484,23
3600,2,2,0.03733392,0.9626661,23
3600,3,16,0.0363086,0.9636914,23
3600,4,8,0.036231134,0.96376884,23
3600,5,29,0.03486374,0.9651363,23
3601,1,9,0.038622625,0.9613774,23
3601,2,2,0.037649743,0.96235025,23
3601,3,16,0.036133673,0.96386635,23
3601,4,8,0.03607525,0.96392477,23
3601,5,29,0.03463807,0.96536195,23
3602,1,9,0.038079415,0.96192056,23
3602,2,2,0.03748197,0.96251804,23
3602,3,16,0.036629222,0.9633708,23
3602,4,8,0.036098644,0.96390134,23
3602,5,29,0.034771327,0.9652287,23
3603,1,9,0.038234,0.961766,23
3603,2,2,0.03760366,0.9623963,23
3603,3,8,0.036422227,0.96357775,23
3603,4,16,0.035813633,0.9641864,23
3603,5,1,0.03493995,0.96506006,23
3604,1,9,0.038069036,0.961931,23
3604,2,2,0.037434995,0.962565,23
3604,3,16,0.036427666,0.9635723,23
3604,4,8,0.036177088,0.9638229,23
3604,5,29,0.034811314,0.9651887,23
3605,1,9,0.038157746,0.96184224,23
3605,2,2,0.03774231,0.9622577,23
3605,3,8,0.03624952,0.9637505,23
3605,4,16,0.036026917,0.9639731,23
3605,5,1,0.03484363,0.9651564,23
3606,1,9,0.0383311,0.9616689,23
3606,2,2,0.037459344,0.9625406,23
3606,3,8,0.036299843,0.9637002,23
3606,4,16,0.03611943,0.96388054,23
3606,5,29,0.034715977,0.96528405,23
3607,1,9,0.03828743,0.9617126,23
3607,2,2,0.037545204,0.9624548,23
3607,3,8,0.036338236,0.9636618,23
3607,4,16,0.036109224,0.9638908,23
3607,5,29,0.034693696,0.9653063,23
3608,1,9,0.038338095,0.96166193,23
3608,2,2,0.037787408,0.96221256,23
3608,3,8,0.036332853,0.96366715,23
3608,4,16,0.035762414,0.9642376,23
3608,5,1,0.034904547,0.96509546,23
3609,1,9,0.038533445,0.96146655,23
3609,2,2,0.0378007,0.96219933,23
3609,3,8,0.03630735,0.96369267,23
3609,4,16,0.035680614,0.9643194,23
3609,5,1,0.034727305,0.96527267,23
3610,1,9,0.038420144,0.96157986,23
3610,2,2,0.037682302,0.9623177,23
3610,3,8,0.036331993,0.963668,23
3610,4,16,0.03575092,0.9642491,23
3610,5,1,0.034845952,0.96515405,23
3611,1,9,0.038167436,0.9618326,23
3611,2,2,0.037470672,0.9625293,23
3611,3,16,0.036310177,0.9636898,23
3611,4,8,0.036135342,0.9638647,23
3611,5,29,0.03491742,0.9650826,23
3612,1,9,0.038028166,0.9619718,23
3612,2,2,0.03737321,0.9626268,23
3612,3,16,0.036344595,0.9636554,23
3612,4,8,0.036253434,0.96374655,23
3612,5,29,0.03484723,0.96515274,23
3613,1,9,0.038325332,0.9616747,23
3613,2,2,0.037711192,0.9622888,23
3613,3,8,0.036232676,0.96376735,23
3613,4,16,0.03581283,0.96418715,23
3613,5,1,0.034709886,0.9652901,23
3614,1,9,0.03817195,0.96182805,23
3614,2,2,0.037794385,0.9622056,23
3614,3,8,0.036328353,0.9636716,23
3614,4,16,0.035780758,0.9642192,23
3614,5,1,0.034743924,0.9652561,23
3615,1,9,0.03814926,0.96185076,23
3615,2,2,0.037555143,0.96244484,23
3615,3,8,0.03639273,0.96360725,23
3615,4,16,0.035974566,0.96402544,23
3615,5,29,0.03484127,0.9651587,23
3616,1,9,0.038209975,0.96179,23
3616,2,2,0.03757963,0.96242034,23
3616,3,8,0.036286987,0.963713,23
3616,4,16,0.03593467,0.9640653,23
3616,5,1,0.03491287,0.9650871,23
3617,1,9,0.038080588,0.9619194,23
3617,2,2,0.03748748,0.9625125,23
3617,3,8,0.036416013,0.963584,23
3617,4,16,0.036070455,0.96392953,23
3617,5,29,0.03480643,0.96519357,23
3618,1,9,0.038213484,0.9617865,23
3618,2,2,0.03784785,0.9621521,23
3618,3,8,0.03616678,0.9638332,23
3618,4,16,0.035960373,0.9640396,23
3618,5,29,0.034863833,0.9651362,23
3619,1,9,0.03815831,0.9618417,23
3619,2,2,0.037799407,0.9622006,23
3619,3,8,0.036501527,0.9634985,23
3619,4,16,0.035822753,0.96417725,23
3619,5,1,0.034904584,0.9650954,23
3620,1,9,0.038183812,0.9618162,23
3620,2,2,0.037714016,0.962286,23
3620,3,8,0.03629423,0.9637058,23
3620,4,16,0.03597271,0.9640273,23
3620,5,29,0.034715857,0.96528417,23
3621,1,9,0.038053,0.961947,23
3621,2,2,0.037645962,0.96235406,23
3621,3,8,0.0364326,0.9635674,23
3621,4,16,0.03603903,0.96396095,23
3621,5,29,0.03490071,0.9650993,23
3622,1,9,0.037950046,0.96204996,23
3622,2,2,0.037336413,0.9626636,23
3622,3,16,0.03671461,0.9632854,23
3622,4,8,0.036193255,0.96380675,23
3622,5,29,0.034980327,0.9650197,23
3623,1,9,0.03815801,0.961842,23
3623,2,2,0.03739971,0.9626003,23
3623,3,16,0.036269784,0.9637302,23
3623,4,8,0.036108084,0.9638919,23
3623,5,29,0.034751713,0.9652483,23
3624,1,9,0.03814105,0.9618589,23
3624,2,2,0.037573203,0.9624268,23
3624,3,16,0.036358573,0.9636414,23
3624,4,8,0.035876073,0.9641239,23
3624,5,29,0.034879368,0.9651206,23
3625,1,9,0.038267888,0.9617321,23
3625,2,2,0.037342068,0.9626579,23
3625,3,8,0.036318976,0.96368104,23
3625,4,16,0.03601816,0.96398187,23
3625,5,29,0.0348424,0.9651576,23
3626,1,9,0.038024355,0.96197563,23
3626,2,2,0.03745202,0.96254796,23
3626,3,16,0.03653406,0.9634659,23
3626,4,8,0.036165938,0.96383405,23
3626,5,29,0.03491517,0.96508485,23
3627,1,9,0.038170256,0.9618297,23
3627,2,2,0.03768949,0.9623105,23
3627,3,8,0.036438063,0.96356195,23
3627,4,16,0.03599145,0.96400857,23
3627,5,29,0.034784038,0.965216,23
3628,1,9,0.038119115,0.96188086,23
3628,2,2,0.037419226,0.9625808,23
3628,3,8,0.03637832,0.9636217,23
3628,4,16,0.036308117,0.9636919,23
3628,5,29,0.034845114,0.9651549,23
3629,1,9,0.038186252,0.96181375,23
3629,2,2,0.037581526,0.9624185,23
3629,3,8,0.03639023,0.96360976,23
3629,4,16,0.03623155,0.9637684,23
3629,5,29,0.034760736,0.9652393,23
3630,1,9,0.03837766,0.96162236,23
3630,2,2,0.037800193,0.9621998,23
3630,3,8,0.036150616,0.96384937,23
3630,4,16,0.035875935,0.9641241,23
3630,5,1,0.034811378,0.9651886,23
3631,1,9,0.0382878,0.9617122,23
3631,2,2,0.03782402,0.96217597,23
3631,3,8,0.03646017,0.96353984,23
3631,4,16,0.035763163,0.96423686,23
3631,5,1,0.034931608,0.9650684,23
3632,1,9,0.037993535,0.96200645,23
3632,2,2,0.037524905,0.9624751,23
3632,3,8,0.03626882,0.96373117,23
3632,4,16,0.036179952,0.96382004,23
3632,5,29,0.034921207,0.9650788,23
3633,1,9,0.03824756,0.9617524,23
3633,2,2,0.037702594,0.9622974,23
3633,3,8,0.036212586,0.96378744,23
3633,4,16,0.0358331,0.9641669,23
3633,5,1,0.035115868,0.96488416,23
3634,1,9,0.03841699,0.961583,23
3634,2,2,0.037294038,0.96270597,23
3634,3,8,0.036317583,0.9636824,23
3634,4,16,0.036089905,0.9639101,23
3634,5,29,0.03477172,0.96522826,23
3635,1,9,0.038666535,0.96133345,23
3635,2,2,0.037597783,0.9624022,23
3635,3,8,0.036266953,0.9637331,23
3635,4,16,0.03593201,0.964068,23
3635,5,18,0.03466554,0.9653345,23
3636,1,9,0.03819377,0.96180624,23
3636,2,2,0.03740989,0.9625901,23
3636,3,16,0.03624023,0.9637598,23
3636,4,8,0.036203213,0.9637968,23
3636,5,29,0.034818456,0.9651815,23
3637,1,9,0.038286533,0.9617135,23
3637,2,2,0.037686788,0.96231323,23
3637,3,8,0.03631837,0.96368164,23
3637,4,16,0.03603119,0.9639688,23
3637,5,1,0.03472498,0.96527505,23
3638,1,9,0.038454816,0.96154517,23
3638,2,2,0.03785891,0.9621411,23
3638,3,8,0.03621131,0.9637887,23
3638,4,16,0.035797726,0.9642023,23
3638,5,1,0.034723412,0.9652766,23
3639,1,9,0.03807886,0.96192116,23
3639,2,2,0.03742673,0.9625733,23
3639,3,16,0.036308244,0.9636918,23
3639,4,8,0.036179572,0.96382046,23
3639,5,29,0.034956098,0.9650439,23
3640,1,9,0.038178712,0.9618213,23
3640,2,2,0.03743529,0.9625647,23
3640,3,8,0.036338698,0.9636613,23
3640,4,16,0.036192823,0.96380717,23
3640,5,29,0.034760952,0.96523905,23
3641,1,9,0.038007397,0.9619926,23
3641,2,2,0.0373682,0.9626318,23
3641,3,16,0.03660117,0.9633988,23
3641,4,8,0.036129996,0.96387,23
3641,5,29,0.03502974,0.96497023,23
3642,1,9,0.038295493,0.9617045,23
3642,2,2,0.03782006,0.96217996,23
3642,3,8,0.036210503,0.9637895,23
3642,4,16,0.035797663,0.96420234,23
3642,5,1,0.034858793,0.9651412,23
3643,1,9,0.038209945,0.9617901,23
3643,2,2,0.03741199,0.962588,23
3643,3,8,0.036283426,0.96371657,23
3643,4,16,0.03613069,0.96386933,23
3643,5,29,0.03484778,0.9651522,23
3644,1,9,0.038275786,0.9617242,23
3644,2,2,0.03758288,0.9624171,23
3644,3,8,0.036185775,0.9638142,23
3644,4,16,0.036124382,0.9638756,23
3644,5,29,0.034778524,0.96522146,23
3645,1,9,0.038547464,0.96145254,23
3645,2,2,0.03793023,0.96206975,23
3645,3,8,0.03617007,0.96382993,23
3645,4,16,0.035829768,0.9641702,23
3645,5,1,0.034677893,0.96532214,23
3646,1,9,0.03808083,0.9619192,23
3646,2,2,0.03733349,0.9626665,23
3646,3,8,0.036296654,0.96370333,23
3646,4,16,0.03618155,0.96381843,23
3646,5,29,0.034872293,0.9651277,23
3647,1,9,0.037979487,0.9620205,23
3647,2,2,0.03764344,0.96235657,23
3647,3,8,0.03632332,0.9636767,23
3647,4,16,0.03610201,0.963898,23
3647,5,1,0.034824286,0.9651757,23
3648,1,9,0.03830568,0.9616943,23
3648,2,2,0.03764862,0.9623514,23
3648,3,8,0.036213495,0.9637865,23
3648,4,16,0.03586796,0.9641321,23
3648,5,1,0.034768395,0.9652316,23
3649,1,9,0.038222093,0.9617779,23
3649,2,2,0.037469573,0.96253043,23
3649,3,16,0.036164988,0.963835,23
3649,4,8,0.036153685,0.9638463,23
3649,5,29,0.034805182,0.9651948,23
3650,1,9,0.03796881,0.9620312,23
3650,2,2,0.037419055,0.9625809,23
3650,3,16,0.0367869,0.9632131,23
3650,4,8,0.03620438,0.9637956,23
3650,5,29,0.035012767,0.9649872,23
3651,1,9,0.038460005,0.96154,23
3651,2,2,0.037695754,0.96230423,23
3651,3,8,0.03616782,0.9638322,23
3651,4,16,0.03596408,0.9640359,23
3651,5,29,0.03477414,0.9652259,23
3652,1,9,0.03810698,0.961893,23
3652,2,2,0.03749583,0.96250415,23
3652,3,16,0.03624533,0.96375465,23
3652,4,8,0.03606947,0.96393055,23
3652,5,29,0.034823187,0.9651768,23
3653,1,9,0.037838414,0.9621616,23
3653,2,2,0.037532974,0.962467,23
3653,3,16,0.036695223,0.96330476,23
3653,4,8,0.035982322,0.9640177,23
3653,5,29,0.034948308,0.9650517,23
3654,1,9,0.038196716,0.96180326,23
3654,2,2,0.037392702,0.9626073,23
3654,3,16,0.036197912,0.9638021,23
3654,4,8,0.036196243,0.96380377,23
3654,5,29,0.03481259,0.96518743,23
3655,1,9,0.038362198,0.9616378,23
3655,2,2,0.03767023,0.96232975,23
3655,3,8,0.036233496,0.9637665,23
3655,4,16,0.036029365,0.96397066,23
3655,5,29,0.034855068,0.96514493,23
3656,1,9,0.038203973,0.96179605,23
3656,2,2,0.037497845,0.9625022,23
3656,3,8,0.03630667,0.9636933,23
3656,4,16,0.035882823,0.96411717,23
3656,5,1,0.03486597,0.965134,23
3657,1,9,0.038386755,0.96161324,23
3657,2,2,0.037903726,0.9620963,23
3657,3,8,0.036194697,0.9638053,23
3657,4,16,0.03578237,0.9642176,23
3657,5,1,0.03463761,0.96536237,23
3658,1,9,0.038126227,0.96187377,23
3658,2,2,0.03743597,0.96256405,23
3658,3,16,0.03639276,0.96360725,23
3658,4,8,0.036011986,0.963988,23
3658,5,29,0.034857072,0.9651429,23
3659,1,9,0.03844648,0.9615535,23
3659,2,2,0.037531797,0.9624682,23
3659,3,16,0.036273073,0.96372694,23
3659,4,8,0.036000326,0.9639997,23
3659,5,29,0.034643497,0.9653565,23
3660,1,9,0.038161237,0.9618388,23
3660,2,2,0.037405334,0.9625947,23
3660,3,8,0.0363558,0.9636442,23
3660,4,16,0.036171336,0.9638287,23
3660,5,29,0.03490306,0.96509695,23
3661,1,9,0.03811484,0.96188515,23
3661,2,2,0.037458725,0.9625413,23
3661,3,16,0.03644521,0.9635548,23
3661,4,8,0.036296718,0.9637033,23
3661,5,29,0.03481204,0.96518797,23
3662,1,9,0.03815379,0.96184623,23
3662,2,2,0.03766323,0.9623368,23
3662,3,8,0.036203332,0.9637967,23
3662,4,16,0.03606948,0.96393055,23
3662,5,29,0.034744985,0.965255,23
3663,1,9,0.038435567,0.9615644,23
3663,2,2,0.03811048,0.9618895,23
3663,3,8,0.036245417,0.9637546,23
3663,4,16,0.03571864,0.9642814,23
3663,5,1,0.03487662,0.96512336,23
3664,1,9,0.03798237,0.96201766,23
3664,2,2,0.03742216,0.9625778,23
3664,3,16,0.03673818,0.96326184,23
3664,4,8,0.036153644,0.9638463,23
3664,5,29,0.034781713,0.9652183,23
3665,1,9,0.038119655,0.9618803,23
3665,2,2,0.037711967,0.962288,23
3665,3,16,0.036192805,0.9638072,23
3665,4,8,0.036092512,0.9639075,23
3665,5,29,0.034813315,0.9651867,23
3666,1,9,0.038248483,0.9617515,23
3666,2,2,0.037834134,0.9621659,23
3666,3,8,0.03626429,0.9637357,23
3666,4,16,0.03598035,0.96401966,23
3666,5,29,0.034675907,0.9653241,23
3667,1,9,0.03851923,0.9614808,23
3667,2,2,0.03730124,0.96269876,23
3667,3,8,0.03620693,0.96379304,23
3667,4,16,0.036109038,0.96389097,23
3667,5,29,0.034632295,0.9653677,23
3668,1,9,0.03817309,0.9618269,23
3668,2,2,0.037804723,0.9621953,23
3668,3,8,0.036197793,0.9638022,23
3668,4,16,0.03603078,0.96396923,23
3668,5,1,0.034671642,0.96532834,23
3669,1,9,0.03835386,0.96164614,23
3669,2,2,0.037542816,0.9624572,23
3669,3,8,0.036193766,0.9638062,23
3669,4,16,0.035978463,0.96402156,23
3669,5,29,0.034803513,0.9651965,23
3670,1,9,0.038273174,0.96172684,23
3670,2,2,0.037436888,0.9625631,23
3670,3,8,0.03633583,0.9636642,23
3670,4,16,0.0360105,0.9639895,23
3670,5,29,0.034841586,0.9651584,23
3671,1,9,0.0381568,0.9618432,23
3671,2,2,0.0376778,0.9623222,23
3671,3,8,0.036142014,0.963858,23
3671,4,16,0.036089737,0.9639103,23
3671,5,1,0.034720965,0.96527904,23
3672,1,9,0.037965197,0.9620348,23
3672,2,2,0.03758272,0.9624173,23
3672,3,16,0.036312066,0.96368796,23
3672,4,8,0.03615655,0.96384346,23
3672,5,29,0.034906235,0.9650938,23
3673,1,9,0.038068384,0.9619316,23
3673,2,2,0.03762364,0.96237636,23
3673,3,8,0.03630476,0.9636952,23
3673,4,16,0.03614024,0.96385974,23
3673,5,29,0.03474804,0.965252,23
3674,1,9,0.038226895,0.9617731,23
3674,2,2,0.03725051,0.9627495,23
3674,3,16,0.036292396,0.9637076,23
3674,4,8,0.03628349,0.9637165,23
3674,5,29,0.034904737,0.9650953,23
3675,1,9,0.038104724,0.9618953,23
3675,2,2,0.037527442,0.96247256,23
3675,3,8,0.036217578,0.9637824,23
3675,4,16,0.03600051,0.9639995,23
3675,5,1,0.03483664,0.96516335,23
3676,1,9,0.0384261,0.9615739,23
3676,2,2,0.037761103,0.9622389,23
3676,3,8,0.036290377,0.9637096,23
3676,4,16,0.03591882,0.96408117,23
3676,5,29,0.034612965,0.96538705,23
3677,1,9,0.038231272,0.96176875,23
3677,2,2,0.037615005,0.962385,23
3677,3,8,0.036208935,0.9637911,23
3677,4,16,0.03582681,0.9641732,23
3677,5,1,0.034815848,0.96518415,23
3678,1,9,0.0382433,0.9617567,23
3678,2,2,0.037487477,0.9625125,23
3678,3,16,0.0362222,0.9637778,23
3678,4,8,0.036216594,0.9637834,23
3678,5,1,0.034943826,0.9650562,23
3679,1,9,0.03801908,0.96198094,23
3679,2,2,0.037540186,0.9624598,23
3679,3,16,0.036323857,0.96367615,23
3679,4,8,0.03618817,0.9638118,23
3679,5,29,0.03481104,0.965189,23
3680,1,9,0.0384059,0.9615941,23
3680,2,2,0.03788973,0.9621103,23
3680,3,8,0.03612068,0.96387935,23
3680,4,16,0.035754234,0.9642458,23
3680,5,1,0.034584768,0.96541524,23
3681,1,9,0.0380332,0.9619668,23
3681,2,2,0.0373161,0.9626839,23
3681,3,16,0.03635128,0.96364874,23
3681,4,8,0.03632883,0.96367115,23
3681,5,29,0.035040956,0.964959,23
3682,1,9,0.038058154,0.96194184,23
3682,2,2,0.037538853,0.9624612,23
3682,3,8,0.036304366,0.96369565,23
3682,4,16,0.0359652,0.9640348,23
3682,5,29,0.03480078,0.96519923,23
3683,1,9,0.03809912,0.9619009,23
3683,2,2,0.03750645,0.96249354,23
3683,3,8,0.036323953,0.96367604,23
3683,4,16,0.03610178,0.96389824,23
3683,5,29,0.034911703,0.9650883,23
3684,1,9,0.038309935,0.96169007,23
3684,2,2,0.037627615,0.96237236,23
3684,3,8,0.03608051,0.9639195,23
3684,4,16,0.036037717,0.96396226,23
3684,5,29,0.03464867,0.96535134,23
3685,1,9,0.038282417,0.9617176,23
3685,2,2,0.037778318,0.9622217,23
3685,3,8,0.036113497,0.9638865,23
3685,4,16,0.036037613,0.9639624,23
3685,5,29,0.0346219,0.9653781,23
3686,1,9,0.038076393,0.9619236,23
3686,2,2,0.037216797,0.9627832,23
3686,3,16,0.03652734,0.96347266,23
3686,4,8,0.03607338,0.9639266,23
3686,5,29,0.034867756,0.96513224,23
3687,1,9,0.03825763,0.9617424,23
3687,2,2,0.037556276,0.9624437,23
3687,3,16,0.036130577,0.96386945,23
3687,4,8,0.03610206,0.96389794,23
3687,5,29,0.0347443,0.9652557,23
3688,1,9,0.038309548,0.9616904,23
3688,2,2,0.037554614,0.9624454,23
3688,3,8,0.03627984,0.96372014,23
3688,4,16,0.03590207,0.9640979,23
3688,5,29,0.034795012,0.965205,23
3689,1,9,0.038152684,0.9618473,23
3689,2,2,0.03775918,0.9622408,23
3689,3,8,0.036228657,0.96377134,23
3689,4,16,0.036017485,0.9639825,23
3689,5,29,0.034827888,0.9651721,23
3690,1,9,0.038258124,0.96174186,23
3690,2,2,0.03751198,0.962488,23
3690,3,8,0.036387403,0.9636126,23
3690,4,16,0.035983466,0.96401656,23
3690,5,1,0.034924764,0.96507525,23
3691,1,9,0.038389314,0.9616107,23
3691,2,2,0.0376809,0.9623191,23
3691,3,8,0.036285147,0.96371484,23
3691,4,16,0.0359657,0.9640343,23
3691,5,29,0.034687277,0.9653127,23
3692,1,9,0.03792374,0.96207625,23
3692,2,2,0.037728496,0.9622715,23
3692,3,8,0.036232926,0.96376705,23
3692,4,16,0.036128663,0.96387136,23
3692,5,29,0.034936633,0.9650634,23
3693,1,9,0.038249604,0.9617504,23
3693,2,2,0.03747787,0.96252215,23
3693,3,8,0.036256753,0.96374327,23
3693,4,16,0.036094543,0.96390545,23
3693,5,1,0.034957077,0.96504295,23
3694,1,9,0.038208425,0.9617916,23
3694,2,2,0.03809678,0.9619032,23
3694,3,8,0.036261514,0.9637385,23
3694,4,16,0.035745688,0.9642543,23
3694,5,1,0.03491597,0.965084,23
3695,1,9,0.038261633,0.96173835,23
3695,2,2,0.037705097,0.9622949,23
3695,3,8,0.0362559,0.9637441,23
3695,4,16,0.03590264,0.9640974,23
3695,5,1,0.034706455,0.9652935,23
3696,1,9,0.038178544,0.96182144,23
3696,2,2,0.03751989,0.9624801,23
3696,3,8,0.0362782,0.9637218,23
3696,4,16,0.03622805,0.96377194,23
3696,5,29,0.03480269,0.9651973,23
3697,1,9,0.038277254,0.96172273,23
3697,2,2,0.03756929,0.9624307,23
3697,3,16,0.036208726,0.96379125,23
3697,4,8,0.036155373,0.96384466,23
3697,5,29,0.03474049,0.9652595,23
3698,1,9,0.037922587,0.96207744,23
3698,2,2,0.037508674,0.96249133,23
3698,3,16,0.03644305,0.96355695,23
3698,4,8,0.036216795,0.9637832,23
3698,5,29,0.03493964,0.96506035,23
3699,1,9,0.038348895,0.9616511,23
3699,2,2,0.03803959,0.96196043,23
3699,3,8,0.036256697,0.9637433,23
3699,4,16,0.03566382,0.96433616,23
3699,5,1,0.034942746,0.96505725,23
3700,1,9,0.038402967,0.961597,23
3700,2,2,0.037461836,0.9625382,23
3700,3,8,0.03634319,0.9636568,23
3700,4,16,0.03601864,0.9639814,23
3700,5,29,0.03495546,0.96504456,23
3701,1,9,0.03805139,0.96194863,23
3701,2,2,0.037526123,0.96247387,23
3701,3,8,0.036369007,0.963631,23
3701,4,16,0.03618119,0.9638188,23
3701,5,29,0.034754477,0.96524554,23
3702,1,9,0.038108528,0.9618915,23
3702,2,2,0.037209433,0.96279055,23
3702,3,8,0.03640194,0.9635981,23
3702,4,16,0.036379524,0.9636205,23
3702,5,29,0.03494168,0.9650583,23
3703,1,9,0.038209107,0.9617909,23
3703,2,2,0.03759619,0.96240383,23
3703,3,8,0.036468476,0.9635315,23
3703,4,16,0.035915315,0.9640847,23
3703,5,1,0.034824584,0.9651754,23
3704,1,9,0.03807199,0.961928,23
3704,2,2,0.03729679,0.9627032,23
3704,3,8,0.036318373,0.96368164,23
3704,4,16,0.036313184,0.9636868,23
3704,5,29,0.034806337,0.9651937,23
3705,1,9,0.03818749,0.9618125,23
3705,2,2,0.037485767,0.9625142,23
3705,3,8,0.03639797,0.963602,23
3705,4,16,0.03614668,0.9638533,23
3705,5,29,0.03480339,0.9651966,23
3706,1,9,0.03800876,0.96199125,23
3706,2,2,0.037421424,0.9625786,23
3706,3,8,0.03644074,0.96355927,23
3706,4,16,0.036051348,0.96394867,23
3706,5,29,0.03505223,0.96494776,23
3707,1,9,0.038059436,0.9619406,23
3707,2,2,0.037649795,0.9623502,23
3707,3,8,0.03634307,0.9636569,23
3707,4,16,0.036147848,0.96385217,23
3707,5,29,0.03495435,0.96504563,23
3708,1,9,0.03835629,0.9616437,23
3708,2,2,0.037486356,0.9625136,23
3708,3,8,0.036430757,0.9635692,23
3708,4,16,0.036063682,0.9639363,23
3708,5,1,0.034827154,0.9651728,23
3709,1,9,0.038667426,0.96133256,23
3709,2,2,0.037638463,0.9623615,23
3709,3,16,0.0360514,0.9639486,23
3709,4,8,0.03572011,0.9642799,23
3709,5,18,0.034816165,0.96518385,23
3710,1,9,0.038156707,0.9618433,23
3710,2,2,0.037383918,0.9626161,23
3710,3,8,0.03630525,0.96369475,23
3710,4,16,0.036190894,0.96380913,23
3710,5,29,0.034755863,0.9652441,23
3711,1,9,0.03827464,0.96172535,23
3711,2,2,0.037588883,0.9624111,23
3711,3,8,0.03616764,0.9638324,23
3711,4,16,0.03606374,0.96393627,23
3711,5,29,0.034677822,0.9653222,23
3712,1,9,0.038298707,0.9617013,23
3712,2,2,0.037751626,0.9622484,23
3712,3,8,0.036156554,0.96384346,23
3712,4,16,0.036080193,0.9639198,23
3712,5,1,0.034632288,0.96536773,23
3713,1,9,0.038200945,0.961799,23
3713,2,2,0.037629087,0.96237093,23
3713,3,8,0.03626889,0.9637311,23
3713,4,16,0.035977453,0.9640225,23
3713,5,1,0.03481547,0.9651845,23
3714,1,9,0.0381778,0.9618222,23
3714,2,2,0.037468,0.962532,23
3714,3,16,0.036515675,0.96348435,23
3714,4,8,0.036113504,0.9638865,23
3714,5,29,0.03475507,0.96524495,23
3715,1,9,0.038090084,0.9619099,23
3715,2,2,0.037422445,0.9625776,23
3715,3,16,0.036227927,0.96377206,23
3715,4,8,0.03610824,0.96389174,23
3715,5,1,0.034880187,0.96511984,23
3716,1,9,0.0381613,0.9618387,23
3716,2,2,0.037360296,0.9626397,23
3716,3,16,0.036285117,0.9637149,23
3716,4,8,0.03621819,0.96378183,23
3716,5,29,0.03479804,0.965202,23
3717,1,9,0.038196664,0.9618033,23
3717,2,2,0.03774366,0.9622563,23
3717,3,8,0.03634972,0.9636503,23
3717,4,16,0.03596951,0.9640305,23
3717,5,29,0.034755114,0.9652449,23
3718,1,9,0.038318463,0.96168154,23
3718,2,2,0.037911598,0.9620884,23
3718,3,8,0.036015797,0.9639842,23
3718,4,16,0.03586709,0.9641329,23
3718,5,1,0.034568578,0.96543145,23
3719,1,9,0.038197365,0.96180266,23
3719,2,2,0.037346147,0.9626539,23
3719,3,8,0.036265243,0.96373475,23
3719,4,16,0.03617676,0.96382326,23
3719,5,29,0.034777846,0.9652222,23
3720,1,9,0.03812843,0.96187156,23
3720,2,2,0.0377519,0.9622481,23
3720,3,8,0.03617244,0.96382755,23
3720,4,16,0.036156204,0.9638438,23
3720,5,29,0.034652144,0.9653479,23
3721,1,9,0.03805262,0.9619474,23
3721,2,2,0.037505914,0.9624941,23
3721,3,8,0.036333557,0.96366644,23
3721,4,16,0.03607724,0.96392274,23
3721,5,29,0.0349575,0.9650425,23
3722,1,9,0.03804658,0.9619534,23
3722,2,2,0.037242763,0.96275723,23
3722,3,16,0.03655602,0.963444,23
3722,4,8,0.036238234,0.96376175,23
3722,5,29,0.034958642,0.96504134,23
3723,1,9,0.038149625,0.9618504,23
3723,2,2,0.037649237,0.9623508,23
3723,3,16,0.036274657,0.9637253,23
3723,4,8,0.0361717,0.9638283,23
3723,5,1,0.034828033,0.965172,23
3724,1,9,0.03831387,0.96168613,23
3724,2,2,0.03775626,0.96224374,23
3724,3,16,0.036164533,0.9638355,23
3724,4,8,0.03610598,0.963894,23
3724,5,29,0.034842584,0.9651574,23
3725,1,9,0.03780776,0.96219224,23
3725,2,2,0.037566505,0.9624335,23
3725,3,8,0.036433924,0.96356606,23
3725,4,16,0.03621483,0.9637852,23
3725,5,29,0.0351316,0.9648684,23
3726,1,9,0.03814149,0.9618585,23
3726,2,2,0.037617877,0.96238214,23
3726,3,16,0.03623288,0.9637671,23
3726,4,8,0.03608743,0.96391255,23
3726,5,29,0.03483572,0.9651643,23
3727,1,9,0.038145933,0.96185404,23
3727,2,2,0.037342507,0.9626575,23
3727,3,8,0.036266353,0.9637337,23
3727,4,16,0.036138,0.963862,23
3727,5,29,0.034850053,0.96514994,23
3728,1,9,0.038267102,0.9617329,23
3728,2,2,0.03781933,0.9621807,23
3728,3,8,0.036331262,0.96366876,23
3728,4,16,0.035991553,0.96400845,23
3728,5,1,0.03486053,0.96513945,23
3729,1,9,0.03816855,0.96183145,23
3729,2,2,0.037564415,0.9624356,23
3729,3,8,0.03654263,0.96345735,23
3729,4,16,0.03598558,0.9640144,23
3729,5,29,0.035031144,0.96496886,23
3730,1,9,0.03804602,0.961954,23
3730,2,2,0.037522588,0.9624774,23
3730,3,16,0.036367908,0.9636321,23
3730,4,8,0.036113534,0.96388644,23
3730,5,29,0.034757305,0.9652427,23
3731,1,9,0.03855699,0.961443,23
3731,2,2,0.037601516,0.96239847,23
3731,3,16,0.03599961,0.9640004,23
3731,4,8,0.035923664,0.96407634,23
3731,5,29,0.03457432,0.96542567,23
3732,1,9,0.038110096,0.9618899,23
3732,2,2,0.037491515,0.9625085,23
3732,3,16,0.03627264,0.96372736,23
3732,4,8,0.03606975,0.96393025,23
3732,5,29,0.03478465,0.9652153,23
3733,1,9,0.038158983,0.961841,23
3733,2,2,0.037340377,0.9626596,23
3733,3,8,0.03643361,0.96356636,23
3733,4,16,0.03625259,0.9637474,23
3733,5,29,0.03488128,0.9651187,23
3734,1,9,0.03836421,0.96163577,23
3734,2,2,0.037842486,0.9621575,23
3734,3,8,0.036236987,0.963763,23
3734,4,16,0.035842165,0.9641578,23
3734,5,1,0.034747973,0.96525204,23
3735,1,9,0.037993774,0.9620062,23
3735,2,2,0.037603285,0.96239674,23
3735,3,8,0.03629058,0.9637094,23
3735,4,16,0.036108963,0.963891,23
3735,5,1,0.03490422,0.96509576,23
3736,1,9,0.038331073,0.9616689,23
3736,2,2,0.037444063,0.96255594,23
3736,3,8,0.03629765,0.9637023,23
3736,4,16,0.03584249,0.9641575,23
3736,5,1,0.03482008,0.9651799,23
3737,1,9,0.038395066,0.96160495,23
3737,2,2,0.037608646,0.9623914,23
3737,3,16,0.035983283,0.96401674,23
3737,4,8,0.035970356,0.96402967,23
3737,5,1,0.03467636,0.9653236,23
3738,1,9,0.038011312,0.9619887,23
3738,2,2,0.037461262,0.9625387,23
3738,3,16,0.036263827,0.9637362,23
3738,4,8,0.036239862,0.96376014,23
3738,5,29,0.03493658,0.9650634,23
3739,1,9,0.038002044,0.961998,23
3739,2,2,0.037506465,0.96249354,23
3739,3,8,0.03653298,0.963467,23
3739,4,16,0.036169793,0.96383023,23
3739,5,29,0.035010703,0.9649893,23
3740,1,9,0.038457002,0.961543,23
3740,2,2,0.03775279,0.9622472,23
3740,3,8,0.03616118,0.9638388,23
3740,4,16,0.03575663,0.96424335,23
3740,5,1,0.03470503,0.96529496,23
3741,1,9,0.0382757,0.9617243,23
3741,2,2,0.037571263,0.96242875,23
3741,3,8,0.036351316,0.9636487,23
3741,4,16,0.036060456,0.96393955,23
3741,5,29,0.03468911,0.9653109,23
3742,1,2,0.038194887,0.9618051,23
3742,2,9,0.0381327,0.9618673,23
3742,3,8,0.036420327,0.96357965,23
3742,4,16,0.035795312,0.96420467,23
3742,5,1,0.035168268,0.9648317,23
3743,1,9,0.037991308,0.9620087,23
3743,2,2,0.03791908,0.9620809,23
3743,3,8,0.036406655,0.96359336,23
3743,4,16,0.03585326,0.96414673,23
3743,5,1,0.0351835,0.9648165,23
3744,1,9,0.038352404,0.96164757,23
3744,2,2,0.03730917,0.96269083,23
3744,3,16,0.03620154,0.96379846,23
3744,4,8,0.036186755,0.96381325,23
3744,5,29,0.034727495,0.9652725,23
3745,1,9,0.038065962,0.96193403,23
3745,2,2,0.037518144,0.96248186,23
3745,3,8,0.036390256,0.96360976,23
3745,4,16,0.03610678,0.96389323,23
3745,5,29,0.03484144,0.9651586,23
3746,1,9,0.038241312,0.9617587,23
3746,2,2,0.03732605,0.96267396,23
3746,3,16,0.0362861,0.9637139,23
3746,4,8,0.036265396,0.9637346,23
3746,5,1,0.03480191,0.9651981,23
3747,1,9,0.038008027,0.96199197,23
3747,2,2,0.03746475,0.96253526,23
3747,3,16,0.036436584,0.96356344,23
3747,4,8,0.036320627,0.9636794,23
3747,5,29,0.034795843,0.9652042,23
3748,1,9,0.038267244,0.96173275,23
3748,2,2,0.03766971,0.9623303,23
3748,3,8,0.036320977,0.963679,23
3748,4,16,0.035905357,0.96409464,23
3748,5,1,0.034931943,0.96506804,23
3749,1,9,0.038147908,0.9618521,23
3749,2,2,0.037578065,0.96242195,23
3749,3,8,0.036241762,0.96375823,23
3749,4,16,0.036034282,0.9639657,23
3749,5,1,0.03501948,0.96498054,23
3750,1,9,0.03822808,0.9617719,23
3750,2,2,0.037828423,0.96217155,23
3750,3,8,0.036365274,0.9636347,23
3750,4,16,0.035847962,0.96415204,23
3750,5,1,0.034806468,0.9651935,23
3751,1,9,0.03816417,0.96183586,23
3751,2,2,0.03773749,0.9622625,23
3751,3,8,0.036420267,0.9635797,23
3751,4,16,0.036053192,0.9639468,23
3751,5,1,0.03481937,0.96518064,23
3752,1,9,0.03819365,0.96180636,23
3752,2,2,0.037478317,0.9625217,23
3752,3,8,0.036425624,0.96357435,23
3752,4,16,0.03610605,0.96389395,23
3752,5,29,0.034902006,0.965098,23
3753,1,9,0.03809468,0.9619053,23
3753,2,2,0.037954364,0.9620456,23
3753,3,8,0.036383763,0.96361625,23
3753,4,16,0.03584067,0.9641593,23
3753,5,1,0.03497267,0.96502733,23
3754,1,9,0.03817806,0.9618219,23
3754,2,2,0.03734325,0.96265674,23
3754,3,8,0.0363814,0.9636186,23
3754,4,16,0.036311954,0.963688,23
3754,5,29,0.034850746,0.9651493,23
3755,1,9,0.038235284,0.9617647,23
3755,2,2,0.03730001,0.9627,23
3755,3,8,0.0363878,0.9636122,23
3755,4,16,0.036232512,0.96376747,23
3755,5,29,0.034976408,0.9650236,23
3756,1,9,0.038241018,0.961759,23
3756,2,2,0.037395842,0.96260417,23
3756,3,8,0.03631569,0.9636843,23
3756,4,16,0.036057528,0.96394247,23
3756,5,1,0.034838572,0.96516144,23
3757,1,9,0.03832461,0.9616754,23
3757,2,2,0.037565876,0.9624341,23
3757,3,8,0.03639374,0.96360624,23
3757,4,16,0.035895593,0.9641044,23
3757,5,29,0.034965366,0.9650346,23
3758,1,9,0.03820144,0.96179855,23
3758,2,2,0.03744478,0.9625552,23
3758,3,8,0.036337726,0.96366227,23
3758,4,16,0.036172833,0.9638272,23
3758,5,29,0.034874268,0.96512574,23
3759,1,9,0.038462203,0.9615378,23
3759,2,2,0.037428208,0.9625718,23
3759,3,8,0.03622555,0.96377444,23
3759,4,16,0.03607023,0.9639298,23
3759,5,29,0.034728214,0.9652718,23
3760,1,9,0.03808867,0.9619113,23
3760,2,2,0.03758887,0.9624111,23
3760,3,16,0.036344115,0.9636559,23
3760,4,8,0.036008548,0.96399146,23
3760,5,29,0.034751058,0.96524894,23
3761,1,9,0.037991136,0.96200883,23
3761,2,2,0.03763283,0.9623672,23
3761,3,8,0.036182366,0.96381766,23
3761,4,16,0.036066186,0.9639338,23
3761,5,29,0.03505167,0.96494836,23
3762,1,9,0.038077153,0.9619228,23
3762,2,2,0.03766493,0.96233505,23
3762,3,8,0.036182,0.963818,23
3762,4,16,0.036101483,0.96389854,23
3762,5,1,0.034886535,0.96511346,23
3763,1,9,0.03822047,0.96177953,23
3763,2,2,0.03790961,0.9620904,23
3763,3,8,0.036213003,0.963787,23
3763,4,16,0.035872128,0.9641279,23
3763,5,1,0.03473435,0.96526563,23
3764,1,9,0.03821682,0.9617832,23
3764,2,2,0.03789772,0.9621023,23
3764,3,8,0.036115486,0.96388453,23
3764,4,16,0.035944123,0.9640559,23
3764,5,1,0.034611948,0.96538806,23
3765,1,9,0.038384374,0.9616156,23
3765,2,2,0.037627276,0.9623727,23
3765,3,8,0.03621859,0.9637814,23
3765,4,16,0.03619546,0.96380454,23
3765,5,29,0.03473479,0.9652652,23
3766,1,9,0.037929285,0.9620707,23
3766,2,2,0.037569087,0.9624309,23
3766,3,8,0.036498196,0.9635018,23
3766,4,16,0.0363071,0.9636929,23
3766,5,29,0.035058305,0.9649417,23
3767,1,9,0.038428467,0.9615715,23
3767,2,2,0.037668943,0.96233106,23
3767,3,8,0.03618904,0.963811,23
3767,4,16,0.036033176,0.96396685,23
3767,5,29,0.034909967,0.96509004,23
3768,1,9,0.03818387,0.96181613,23
3768,2,2,0.037747525,0.9622525,23
3768,3,8,0.03627543,0.96372455,23
3768,4,16,0.035991497,0.9640085,23
3768,5,29,0.03480611,0.96519387,23
3769,1,9,0.038612872,0.96138716,23
3769,2,2,0.03806938,0.96193063,23
3769,3,8,0.036129985,0.96387,23
3769,4,16,0.035579324,0.9644207,23
3769,5,1,0.034729067,0.96527094,23
3770,1,9,0.037960354,0.96203965,23
3770,2,2,0.037473187,0.9625268,23
3770,3,16,0.036440685,0.9635593,23
3770,4,8,0.03625413,0.9637459,23
3770,5,29,0.035006717,0.9649933,23
3771,1,9,0.038292233,0.9617078,23
3771,2,2,0.03748132,0.9625187,23
3771,3,16,0.036425836,0.9635742,23
3771,4,8,0.03586705,0.96413296,23
3771,5,29,0.034871116,0.9651289,23
3772,1,9,0.03811412,0.96188587,23
3772,2,2,0.037470706,0.9625293,23
3772,3,8,0.03626628,0.96373373,23
3772,4,16,0.036148485,0.9638515,23
3772,5,1,0.034862034,0.96513796,23
3773,1,9,0.038208153,0.9617919,23
3773,2,2,0.037335847,0.9626641,23
3773,3,16,0.036414117,0.96358585,23
3773,4,8,0.036062416,0.9639376,23
3773,5,29,0.03472674,0.96527326,23
3774,1,9,0.03830406,0.9616959,23
3774,2,2,0.037859276,0.96214074,23
3774,3,8,0.03632684,0.9636732,23
3774,4,16,0.035903342,0.96409667,23
3774,5,29,0.034807723,0.96519226,23
3775,1,9,0.038281787,0.9617182,23
3775,2,2,0.037720744,0.96227926,23
3775,3,8,0.03622032,0.9637797,23
3775,4,16,0.035940614,0.9640594,23
3775,5,1,0.03476897,0.96523106,23
3776,1,9,0.037923414,0.9620766,23
3776,2,2,0.037607174,0.9623928,23
3776,3,16,0.036223497,0.9637765,23
3776,4,8,0.036220893,0.9637791,23
3776,5,29,0.035036534,0.96496344,23
3777,1,9,0.038268745,0.96173126,23
3777,2,2,0.037813883,0.9621861,23
3777,3,16,0.03603632,0.9639637,23
3777,4,8,0.036032896,0.9639671,23
3777,5,29,0.03474417,0.96525586,23
3778,1,9,0.038109805,0.9618902,23
3778,2,2,0.03789735,0.96210265,23
3778,3,8,0.0361732,0.9638268,23
3778,4,16,0.035969205,0.9640308,23
3778,5,29,0.03500016,0.96499985,23
3779,1,9,0.038211875,0.9617881,23
3779,2,2,0.037612136,0.96238786,23
3779,3,8,0.036308657,0.96369135,23
3779,4,16,0.036203362,0.9637966,23
3779,5,1,0.034737416,0.9652626,23
3780,1,9,0.038374614,0.9616254,23
3780,2,2,0.037826516,0.96217346,23
3780,3,8,0.03638477,0.96361524,23
3780,4,16,0.03553549,0.9644645,23
3780,5,1,0.03517161,0.9648284,23
3781,1,9,0.03810814,0.9618919,23
3781,2,2,0.03752154,0.96247846,23
3781,3,16,0.03628755,0.96371245,23
3781,4,8,0.03605347,0.9639465,23
3781,5,29,0.034831148,0.96516883,23
3782,1,9,0.038082924,0.9619171,23
3782,2,2,0.037542224,0.9624578,23
3782,3,16,0.036291752,0.9637082,23
3782,4,8,0.03601118,0.96398884,23
3782,5,29,0.03481004,0.96518993,23
3783,1,9,0.03787994,0.96212006,23
3783,2,2,0.037452437,0.96254754,23
3783,3,16,0.036341395,0.96365863,23
3783,4,8,0.036291253,0.96370876,23
3783,5,29,0.035057027,0.964943,23
3784,1,9,0.038782164,0.9612178,23
3784,2,2,0.037414517,0.9625855,23
3784,3,16,0.03613065,0.96386933,23
3784,4,8,0.03597597,0.964024,23
3784,5,29,0.03466315,0.96533686,23
3785,1,9,0.038240384,0.9617596,23
3785,2,2,0.03761644,0.96238357,23
3785,3,16,0.036096305,0.96390367,23
3785,4,8,0.03604592,0.9639541,23
3785,5,29,0.034699574,0.96530044,23
3786,1,9,0.038108554,0.9618915,23
3786,2,2,0.037742276,0.96225774,23
3786,3,8,0.036285546,0.9637145,23
3786,4,16,0.03595568,0.96404433,23
3786,5,29,0.03487383,0.96512616,23
3787,1,9,0.038034912,0.9619651,23
3787,2,2,0.037409786,0.9625902,23
3787,3,16,0.036405213,0.9635948,23
3787,4,8,0.036215473,0.9637845,23
3787,5,29,0.034862112,0.9651379,23
3788,1,9,0.038427312,0.9615727,23
3788,2,2,0.037906915,0.9620931,23
3788,3,8,0.036097076,0.96390295,23
3788,4,16,0.03585621,0.9641438,23
3788,5,1,0.0345407,0.9654593,23
3789,1,9,0.038152367,0.96184766,23
3789,2,2,0.037901107,0.9620989,23
3789,3,8,0.036241345,0.96375865,23
3789,4,16,0.035886236,0.9641138,23
3789,5,29,0.034732778,0.96526724,23
3790,1,9,0.0379983,0.9620017,23
3790,2,2,0.03748327,0.9625167,23
3790,3,8,0.03643998,0.96356004,23
3790,4,16,0.036245067,0.96375495,23
3790,5,29,0.03501221,0.9649878,23
3791,1,9,0.038272124,0.96172786,23
3791,2,2,0.037776563,0.9622234,23
3791,3,8,0.03622329,0.9637767,23
3791,4,16,0.035824683,0.96417534,23
3791,5,1,0.034813225,0.9651868,23
3792,1,9,0.038481,0.961519,23
3792,2,2,0.037692577,0.96230745,23
3792,3,8,0.03627555,0.96372443,23
3792,4,16,0.035843063,0.9641569,23
3792,5,1,0.03462152,0.96537846,23
3793,1,9,0.03842111,0.9615789,23
3793,2,2,0.037593294,0.9624067,23
3793,3,8,0.03653402,0.963466,23
3793,4,16,0.035889115,0.9641109,23
3793,5,1,0.03491701,0.965083,23
3794,1,9,0.03809991,0.9619001,23
3794,2,2,0.037308805,0.9626912,23
3794,3,16,0.036418837,0.96358114,23
3794,4,8,0.036228966,0.96377105,23
3794,5,29,0.034865588,0.9651344,23
3795,1,9,0.038245913,0.9617541,23
3795,2,2,0.037758615,0.9622414,23
3795,3,8,0.03630867,0.96369135,23
3795,4,16,0.0357803,0.9642197,23
3795,5,1,0.034989953,0.96501005,23
3796,1,9,0.038343884,0.9616561,23
3796,2,2,0.037876002,0.962124,23
3796,3,8,0.036022943,0.96397704,23
3796,4,16,0.036002994,0.963997,23
3796,5,29,0.034566276,0.9654337,23
3797,1,9,0.038258106,0.9617419,23
3797,2,2,0.037790094,0.9622099,23
3797,3,8,0.036229983,0.96377003,23
3797,4,16,0.03598803,0.96401197,23
3797,5,29,0.034655992,0.965344,23
3798,1,9,0.038239162,0.9617608,23
3798,2,2,0.037533477,0.96246654,23
3798,3,8,0.03623294,0.96376705,23
3798,4,16,0.036081914,0.9639181,23
3798,5,29,0.034677695,0.9653223,23
3799,1,9,0.03820145,0.96179855,23
3799,2,2,0.037337355,0.96266264,23
3799,3,8,0.036179252,0.96382076,23
3799,4,16,0.036173083,0.9638269,23
3799,5,1,0.034787197,0.9652128,23
3800,1,9,0.03818307,0.9618169,23
3800,2,2,0.037320785,0.9626792,23
3800,3,8,0.036301717,0.96369827,23
3800,4,16,0.036267564,0.9637324,23
3800,5,29,0.034819145,0.9651809,23
3801,1,9,0.038301412,0.9616986,23
3801,2,2,0.03764698,0.962353,23
3801,3,8,0.036251843,0.96374816,23
3801,4,16,0.035815094,0.9641849,23
3801,5,1,0.035134338,0.9648657,23
3802,1,2,0.03808447,0.96191555,23
3802,2,9,0.03804724,0.96195275,23
3802,3,8,0.036373425,0.96362656,23
3802,4,16,0.035657994,0.964342,23
3802,5,1,0.03499959,0.9650004,23
3803,1,9,0.03824115,0.96175885,23
3803,2,2,0.03776877,0.9622312,23
3803,3,8,0.036214877,0.9637851,23
3803,4,16,0.036012806,0.9639872,23
3803,5,1,0.034671616,0.9653284,23
3804,1,9,0.03838171,0.9616183,23
3804,2,2,0.037806626,0.96219337,23
3804,3,8,0.036179557,0.96382046,23
3804,4,16,0.03584755,0.96415246,23
3804,5,29,0.034706153,0.9652938,23
3805,1,9,0.038554832,0.96144515,23
3805,2,2,0.03765537,0.96234465,23
3805,3,8,0.036365885,0.96363413,23
3805,4,16,0.03578523,0.96421474,23
3805,5,1,0.03470394,0.96529603,23
3806,1,9,0.03794898,0.96205103,23
3806,2,2,0.03742301,0.962577,23
3806,3,8,0.036433116,0.9635669,23
3806,4,16,0.03619522,0.9638048,23
3806,5,29,0.035172086,0.9648279,23
3807,1,9,0.038375944,0.961624,23
3807,2,2,0.037562203,0.9624378,23
3807,3,16,0.03611136,0.96388865,23
3807,4,8,0.036071774,0.9639282,23
3807,5,29,0.03469969,0.9653003,23
3808,1,9,0.038300212,0.9616998,23
3808,2,2,0.03758422,0.96241575,23
3808,3,8,0.03619957,0.96380043,23
3808,4,16,0.036002725,0.96399724,23
3808,5,29,0.03474337,0.96525663,23
3809,1,9,0.038046192,0.9619538,23
3809,2,2,0.03801849,0.96198153,23
3809,3,8,0.036262225,0.9637378,23
3809,4,16,0.03587449,0.9641255,23
3809,5,1,0.03493097,0.96506906,23
3810,1,9,0.038027737,0.96197224,23
3810,2,2,0.037516166,0.9624838,23
3810,3,16,0.036178038,0.96382195,23
3810,4,8,0.03617409,0.96382594,23
3810,5,29,0.034829892,0.9651701,23
3811,1,9,0.038222514,0.9617775,23
3811,2,2,0.03798341,0.9620166,23
3811,3,8,0.03634657,0.96365345,23
3811,4,16,0.03573848,0.96426153,23
3811,5,1,0.034863506,0.96513647,23
3812,1,9,0.038108435,0.9618916,23
3812,2,2,0.037755053,0.9622449,23
3812,3,8,0.036236268,0.9637637,23
3812,4,16,0.03591585,0.96408415,23
3812,5,1,0.034925982,0.965074,23
3813,1,9,0.038120482,0.9618795,23
3813,2,2,0.03775312,0.9622469,23
3813,3,16,0.036188364,0.96381164,23
3813,4,8,0.036043677,0.9639563,23
3813,5,29,0.034609616,0.9653904,23
3814,1,9,0.037959978,0.96204,23
3814,2,2,0.03751173,0.9624883,23
3814,3,8,0.036455475,0.96354455,23
3814,4,16,0.036116026,0.963884,23
3814,5,29,0.035137102,0.9648629,23
3815,1,9,0.038067944,0.96193206,23
3815,2,2,0.03759559,0.96240443,23
3815,3,16,0.036329847,0.96367013,23
3815,4,8,0.036173146,0.96382684,23
3815,5,29,0.035027925,0.9649721,23
3816,1,9,0.038146097,0.9618539,23
3816,2,2,0.037400674,0.96259934,23
3816,3,8,0.036308054,0.96369195,23
3816,4,16,0.036242817,0.96375716,23
3816,5,29,0.034951337,0.9650487,23
3817,1,9,0.037990503,0.9620095,23
3817,2,2,0.037491377,0.9625086,23
3817,3,16,0.03631208,0.9636879,23
3817,4,8,0.03630731,0.96369267,23
3817,5,29,0.034946933,0.9650531,23
3818,1,9,0.038046703,0.9619533,23
3818,2,2,0.037781473,0.9622185,23
3818,3,16,0.036408868,0.96359116,23
3818,4,8,0.036112156,0.9638879,23
3818,5,1,0.034732953,0.96526706,23
3819,1,9,0.037998073,0.9620019,23
3819,2,2,0.03759218,0.9624078,23
3819,3,8,0.0364477,0.9635523,23
3819,4,16,0.03602925,0.9639708,23
3819,5,1,0.034854904,0.9651451,23
3820,1,9,0.03819907,0.96180093,23
3820,2,2,0.037855223,0.9621448,23
3820,3,8,0.0363366,0.9636634,23
3820,4,16,0.035721615,0.9642784,23
3820,5,1,0.034996938,0.9650031,23
3821,1,9,0.038497575,0.96150243,23
3821,2,2,0.037258863,0.96274114,23
3821,3,8,0.036172535,0.9638275,23
3821,4,16,0.036151987,0.963848,23
3821,5,29,0.034742635,0.96525735,23
3822,1,9,0.03810492,0.9618951,23
3822,2,2,0.037568558,0.96243143,23
3822,3,8,0.036200177,0.96379983,23
3822,4,16,0.036175318,0.9638247,23
3822,5,29,0.03485509,0.96514493,23
3823,1,9,0.038075197,0.9619248,23
3823,2,2,0.03747588,0.9625241,23
3823,3,8,0.03636294,0.96363705,23
3823,4,16,0.036101267,0.9638987,23
3823,5,29,0.03492769,0.96507233,23
3824,1,9,0.03856667,0.96143335,23
3824,2,2,0.037601635,0.96239835,23
3824,3,8,0.03621856,0.9637814,23
3824,4,16,0.03586785,0.96413213,23
3824,5,1,0.03478016,0.96521986,23
3825,1,9,0.03832082,0.96167916,23
3825,2,2,0.037701584,0.9622984,23
3825,3,8,0.036147766,0.9638522,23
3825,4,16,0.036015805,0.9639842,23
3825,5,29,0.03462469,0.9653753,23
3826,1,9,0.038137637,0.9618624,23
3826,2,2,0.037780467,0.96221954,23
3826,3,8,0.036239292,0.96376073,23
3826,4,16,0.03610161,0.9638984,23
3826,5,1,0.035155896,0.9648441,23
3827,1,9,0.038098503,0.9619015,23
3827,2,2,0.03744256,0.96255744,23
3827,3,16,0.03648087,0.96351916,23
3827,4,8,0.035960954,0.964039,23
3827,5,29,0.03486798,0.965132,23
3828,1,9,0.038151313,0.9618487,23
3828,2,2,0.037481368,0.96251863,23
3828,3,8,0.036205433,0.9637946,23
3828,4,16,0.036108322,0.9638917,23
3828,5,29,0.034793217,0.9652068,23
3829,1,9,0.03830612,0.9616939,23
3829,2,2,0.0376034,0.9623966,23
3829,3,8,0.036229994,0.96377003,23
3829,4,16,0.036136907,0.9638631,23
3829,5,29,0.034701116,0.9652989,23
3830,1,9,0.037966974,0.96203303,23
3830,2,2,0.03756355,0.96243644,23
3830,3,8,0.03657966,0.96342033,23
3830,4,16,0.03598681,0.9640132,23
3830,5,29,0.034931548,0.96506846,23
3831,1,9,0.03822674,0.9617733,23
3831,2,2,0.037464257,0.96253574,23
3831,3,8,0.036428317,0.96357167,23
3831,4,16,0.03604198,0.963958,23
3831,5,29,0.034800973,0.96519905,23
3832,1,9,0.03832279,0.9616772,23
3832,2,2,0.037744947,0.96225506,23
3832,3,8,0.036280792,0.9637192,23
3832,4,16,0.03596919,0.9640308,23
3832,5,1,0.034794442,0.96520555,23
3833,1,9,0.038409356,0.96159065,23
3833,2,2,0.03741706,0.96258295,23
3833,3,8,0.036401387,0.9635986,23
3833,4,16,0.03600237,0.9639976,23
3833,5,29,0.034730315,0.9652697,23
3834,1,9,0.038437333,0.9615627,23
3834,2,2,0.03769032,0.96230966,23
3834,3,8,0.0361836,0.9638164,23
3834,4,16,0.035907306,0.9640927,23
3834,5,1,0.034622878,0.9653771,23
3835,1,9,0.038048964,0.961951,23
3835,2,2,0.03753611,0.9624639,23
3835,3,16,0.03645525,0.9635447,23
3835,4,8,0.036178995,0.963821,23
3835,5,29,0.03482025,0.96517974,23
3836,1,9,0.038686782,0.96131325,23
3836,2,2,0.037502497,0.9624975,23
3836,3,16,0.03620838,0.9637916,23
3836,4,8,0.035754524,0.9642455,23
3836,5,29,0.034695182,0.9653048,23
3837,1,9,0.038019262,0.96198076,23
3837,2,2,0.03786801,0.962132,23
3837,3,8,0.036317047,0.96368295,23
3837,4,16,0.035785206,0.9642148,23
3837,5,1,0.03489146,0.9651085,23
3838,1,9,0.038301192,0.96169883,23
3838,2,2,0.03751364,0.9624864,23
3838,3,8,0.036174096,0.9638259,23
3838,4,16,0.03608741,0.9639126,23
3838,5,29,0.03481359,0.9651864,23
3839,1,9,0.03810598,0.96189404,23
3839,2,2,0.037508104,0.96249187,23
3839,3,16,0.036288064,0.9637119,23
3839,4,8,0.03610186,0.9638981,23
3839,5,29,0.034905452,0.96509457,23
3840,1,9,0.037967294,0.9620327,23
3840,2,2,0.03752082,0.9624792,23
3840,3,8,0.03635012,0.96364987,23
3840,4,16,0.036283217,0.9637168,23
3840,5,29,0.03512504,0.964875,23
3841,1,9,0.038417753,0.96158224,23
3841,2,2,0.037717003,0.962283,23
3841,3,8,0.03617962,0.9638204,23
3841,4,16,0.03617308,0.9638269,23
3841,5,29,0.034634713,0.9653653,23
3842,1,9,0.038066477,0.9619335,23
3842,2,2,0.037430897,0.9625691,23
3842,3,16,0.03644445,0.9635556,23
3842,4,8,0.036159873,0.9638401,23
3842,5,29,0.0348057,0.9651943,23
3843,1,9,0.038020853,0.96197915,23
3843,2,2,0.03747326,0.96252674,23
3843,3,16,0.03682357,0.9631764,23
3843,4,8,0.036087245,0.9639127,23
3843,5,29,0.03489337,0.9651066,23
3844,1,9,0.038358066,0.9616419,23
3844,2,2,0.038142245,0.96185774,23
3844,3,8,0.036142804,0.9638572,23
3844,4,16,0.035801075,0.96419895,23
3844,5,1,0.0347037,0.96529627,23
3845,1,9,0.03814699,0.961853,23
3845,2,2,0.03780059,0.9621994,23
3845,3,8,0.036198005,0.963802,23
3845,4,16,0.036116034,0.963884,23
3845,5,29,0.03477907,0.9652209,23
3846,1,9,0.038368806,0.9616312,23
3846,2,2,0.037480224,0.96251976,23
3846,3,8,0.036165886,0.9638341,23
3846,4,16,0.036064543,0.96393543,23
3846,5,29,0.034746416,0.9652536,23
3847,1,9,0.0383239,0.9616761,23
3847,2,2,0.037357986,0.962642,23
3847,3,16,0.036563948,0.96343607,23
3847,4,8,0.03592366,0.96407634,23
3847,5,29,0.03488792,0.9651121,23
3848,1,9,0.038280267,0.96171975,23
3848,2,2,0.037693918,0.9623061,23
3848,3,8,0.036142126,0.9638579,23
3848,4,16,0.03608476,0.9639152,23
3848,5,1,0.034773163,0.9652268,23
3849,1,9,0.038164485,0.9618355,23
3849,2,2,0.037750274,0.96224976,23
3849,3,8,0.03637917,0.96362084,23
3849,4,16,0.036012955,0.96398705,23
3849,5,29,0.03469761,0.9653024,23
3850,1,9,0.0381959,0.9618041,23
3850,2,2,0.03775263,0.9622474,23
3850,3,8,0.036165092,0.9638349,23
3850,4,16,0.036020298,0.9639797,23
3850,5,29,0.034680165,0.9653198,23
3851,1,9,0.038361736,0.9616383,23
3851,2,2,0.037997942,0.96200204,23
3851,3,8,0.03636988,0.96363014,23
3851,4,16,0.03580857,0.96419144,23
3851,5,1,0.0346923,0.9653077,23
3852,1,9,0.038315788,0.9616842,23
3852,2,2,0.037501387,0.9624986,23
3852,3,8,0.03626678,0.9637332,23
3852,4,16,0.036039174,0.9639608,23
3852,5,1,0.034817535,0.9651825,23
3853,1,9,0.038222678,0.9617773,23
3853,2,2,0.037765402,0.9622346,23
3853,3,8,0.03635827,0.9636417,23
3853,4,16,0.035933893,0.9640661,23
3853,5,1,0.034779627,0.9652204,23
3854,1,9,0.038089335,0.96191067,23
3854,2,2,0.037413884,0.9625861,23
3854,3,16,0.036527332,0.96347266,23
3854,4,8,0.03611117,0.9638888,23
3854,5,29,0.03479918,0.96520084,23
3855,1,9,0.03838302,0.961617,23
3855,2,2,0.037951395,0.9620486,23
3855,3,8,0.03585691,0.9641431,23
3855,4,16,0.03581448,0.96418554,23
3855,5,1,0.034629755,0.96537024,23
3856,1,9,0.038640212,0.9613598,23
3856,2,2,0.037613064,0.96238697,23
3856,3,8,0.036208197,0.9637918,23
3856,4,16,0.035779823,0.96422017,23
3856,5,1,0.034797788,0.9652022,23
3857,1,9,0.038243935,0.96175605,23
3857,2,2,0.03753236,0.9624677,23
3857,3,16,0.036249235,0.9637508,23
3857,4,8,0.036154617,0.9638454,23
3857,5,29,0.034759115,0.9652409,23
3858,1,9,0.038362674,0.9616373,23
3858,2,2,0.037987467,0.9620125,23
3858,3,8,0.03603071,0.9639693,23
3858,4,16,0.035838764,0.9641612,23
3858,5,29,0.034542862,0.96545714,23
3859,1,9,0.038224846,0.9617752,23
3859,2,2,0.03767046,0.96232957,23
3859,3,8,0.03636506,0.96363497,23
3859,4,16,0.036000393,0.9639996,23
3859,5,29,0.03485602,0.965144,23
3860,1,9,0.038094345,0.96190566,23
3860,2,2,0.037595008,0.96240497,23
3860,3,8,0.03624247,0.9637575,23
3860,4,16,0.035941217,0.96405876,23
3860,5,1,0.03503555,0.96496445,23
3861,1,9,0.0380598,0.96194017,23
3861,2,2,0.037807554,0.9621924,23
3861,3,8,0.036371607,0.9636284,23
3861,4,16,0.03599528,0.9640047,23
3861,5,29,0.034869708,0.96513027,23
3862,1,9,0.03813842,0.9618616,23
3862,2,2,0.03753956,0.96246046,23
3862,3,8,0.036214594,0.9637854,23
3862,4,16,0.036184005,0.963816,23
3862,5,29,0.034745738,0.96525425,23
3863,1,9,0.038008057,0.96199197,23
3863,2,2,0.03774064,0.96225935,23
3863,3,16,0.036239274,0.96376073,23
3863,4,8,0.03607943,0.9639206,23
3863,5,29,0.03505687,0.9649431,23
3864,1,9,0.038633008,0.961367,23
3864,2,2,0.037468325,0.9625317,23
3864,3,8,0.036222164,0.96377784,23
3864,4,16,0.03587763,0.96412235,23
3864,5,1,0.03464308,0.96535695,23
3865,1,9,0.03808963,0.96191037,23
3865,2,2,0.037853137,0.9621469,23
3865,3,8,0.036430094,0.9635699,23
3865,4,16,0.035827123,0.9641729,23
3865,5,1,0.034919452,0.96508056,23
3866,1,9,0.038247302,0.9617527,23
3866,2,2,0.037833262,0.9621667,23
3866,3,8,0.036151547,0.9638485,23
3866,4,16,0.035956755,0.96404326,23
3866,5,29,0.034651734,0.96534824,23
3867,1,9,0.038147546,0.96185243,23
3867,2,2,0.037869588,0.9621304,23
3867,3,8,0.03639519,0.9636048,23
3867,4,16,0.035911426,0.96408856,23
3867,5,1,0.034994833,0.96500516,23
3868,1,9,0.03811898,0.96188104,23
3868,2,2,0.037536293,0.96246374,23
3868,3,8,0.03629216,0.96370786,23
3868,4,16,0.036112707,0.9638873,23
3868,5,1,0.03500141,0.9649986,23
3869,1,9,0.03800982,0.9619902,23
3869,2,2,0.037417907,0.9625821,23
3869,3,16,0.036430903,0.9635691,23
3869,4,8,0.036009442,0.96399057,23
3869,5,29,0.034873437,0.9651266,23
3870,1,9,0.038272627,0.9617274,23
3870,2,2,0.037671827,0.9623282,23
3870,3,8,0.03612707,0.9638729,23
3870,4,16,0.03606107,0.96393895,23
3870,5,1,0.034695785,0.9653042,23
3871,1,9,0.03868184,0.96131814,23
3871,2,2,0.037764363,0.9622356,23
3871,3,8,0.035996854,0.96400315,23
3871,4,16,0.035855737,0.9641443,23
3871,5,18,0.034601945,0.9653981,23
3872,1,9,0.038038284,0.96196175,23
3872,2,2,0.037383568,0.96261644,23
3872,3,16,0.03655531,0.9634447,23
3872,4,8,0.036369298,0.9636307,23
3872,5,29,0.03496228,0.9650377,23
3873,1,9,0.038034756,0.96196526,23
3873,2,2,0.037389934,0.96261007,23
3873,3,8,0.036296293,0.9637037,23
3873,4,16,0.03625286,0.96374714,23
3873,5,29,0.035018094,0.9649819,23
3874,1,9,0.03808242,0.9619176,23
3874,2,2,0.03739964,0.96260035,23
3874,3,16,0.036295697,0.9637043,23
3874,4,8,0.03622915,0.96377087,23
3874,5,29,0.03484305,0.965157,23
3875,1,9,0.038228907,0.9617711,23
3875,2,2,0.03770873,0.96229124,23
3875,3,8,0.03626925,0.96373075,23
3875,4,16,0.036033098,0.9639669,23
3875,5,29,0.034743283,0.9652567,23
3876,1,9,0.03810001,0.9619,23
3876,2,2,0.037315357,0.96268463,23
3876,3,16,0.03652851,0.9634715,23
3876,4,8,0.036277283,0.9637227,23
3876,5,29,0.035019778,0.96498024,23
3877,1,9,0.03813556,0.9618645,23
3877,2,2,0.037631556,0.9623684,23
3877,3,8,0.03642854,0.9635714,23
3877,4,16,0.035986092,0.96401393,23
3877,5,1,0.034801204,0.9651988,23
3878,1,9,0.03829291,0.9617071,23
3878,2,2,0.037886374,0.9621136,23
3878,3,8,0.036141448,0.96385854,23
3878,4,16,0.036048282,0.9639517,23
3878,5,29,0.034649532,0.96535045,23
3879,1,9,0.038484156,0.96151584,23
3879,2,2,0.037528858,0.9624711,23
3879,3,16,0.036121078,0.9638789,23
3879,4,8,0.0359159,0.9640841,23
3879,5,29,0.034697827,0.96530217,23
3880,1,9,0.03801736,0.96198267,23
3880,2,2,0.037378047,0.9626219,23
3880,3,16,0.036372907,0.9636271,23
3880,4,8,0.03618997,0.96381,23
3880,5,29,0.035045903,0.9649541,23
3881,1,9,0.03821847,0.9617815,23
3881,2,2,0.037544772,0.9624552,23
3881,3,16,0.03619473,0.96380526,23
3881,4,8,0.036117453,0.96388257,23
3881,5,29,0.034705907,0.9652941,23
3882,1,9,0.038044967,0.961955,23
3882,2,2,0.037349716,0.9626503,23
3882,3,16,0.03637901,0.963621,23
3882,4,8,0.036180604,0.9638194,23
3882,5,29,0.034785602,0.9652144,23
3883,1,9,0.038479425,0.96152055,23
3883,2,2,0.03768777,0.9623122,23
3883,3,8,0.036233306,0.9637667,23
3883,4,16,0.035837226,0.96416277,23
3883,5,1,0.034918103,0.9650819,23
3884,1,9,0.03819134,0.9618087,23
3884,2,2,0.037690833,0.9623092,23
3884,3,8,0.03620276,0.9637972,23
3884,4,16,0.036112547,0.96388745,23
3884,5,29,0.034725312,0.9652747,23
3885,1,9,0.03809622,0.9619038,23
3885,2,2,0.037394173,0.96260583,23
3885,3,16,0.036391653,0.9636083,23
3885,4,8,0.036190584,0.96380943,23
3885,5,29,0.034751523,0.96524847,23
3886,1,9,0.038230836,0.96176916,23
3886,2,2,0.037414163,0.9625858,23
3886,3,16,0.03635419,0.9636458,23
3886,4,8,0.03624077,0.96375924,23
3886,5,29,0.034864515,0.96513546,23
3887,1,9,0.038044646,0.96195537,23
3887,2,2,0.03743053,0.9625695,23
3887,3,16,0.03635304,0.96364695,23
3887,4,8,0.03628893,0.9637111,23
3887,5,29,0.03494433,0.96505564,23
3888,1,9,0.038291182,0.96170884,23
3888,2,2,0.037549727,0.96245027,23
3888,3,8,0.036272753,0.96372724,23
3888,4,16,0.03599375,0.96400625,23
3888,5,29,0.034758158,0.96524185,23
3889,1,9,0.038506012,0.96149397,23
3889,2,2,0.03749375,0.96250623,23
3889,3,8,0.036241032,0.96375895,23
3889,4,16,0.03608963,0.96391034,23
3889,5,29,0.03484996,0.96515006,23
3890,1,9,0.03828801,0.961712,23
3890,2,2,0.037680198,0.9623198,23
3890,3,8,0.036267452,0.96373254,23
3890,4,16,0.036125604,0.9638744,23
3890,5,29,0.03461101,0.965389,23
3891,1,9,0.038155515,0.9618445,23
3891,2,2,0.03760436,0.96239567,23
3891,3,16,0.036170963,0.96382904,23
3891,4,8,0.03606452,0.9639355,23
3891,5,29,0.034736115,0.9652639,23
3892,1,9,0.038296804,0.9617032,23
3892,2,2,0.03760173,0.9623983,23
3892,3,8,0.036257893,0.96374214,23
3892,4,16,0.0360951,0.9639049,23
3892,5,29,0.03471761,0.9652824,23
3893,1,9,0.038160622,0.9618394,23
3893,2,2,0.037525766,0.9624742,23
3893,3,8,0.03630934,0.96369064,23
3893,4,16,0.03590621,0.9640938,23
3893,5,29,0.034787793,0.9652122,23
3894,1,9,0.038040396,0.9619596,23
3894,2,2,0.03770665,0.9622933,23
3894,3,8,0.03632542,0.9636746,23
3894,4,16,0.036032956,0.963967,23
3894,5,29,0.034871332,0.96512866,23
3895,1,9,0.03819321,0.9618068,23
3895,2,2,0.037581854,0.96241814,23
3895,3,8,0.036288492,0.9637115,23
3895,4,16,0.036100492,0.9638995,23
3895,5,1,0.034942076,0.9650579,23
3896,1,9,0.03798927,0.96201074,23
3896,2,2,0.037740417,0.9622596,23
3896,3,16,0.03620606,0.96379393,23
3896,4,8,0.03597609,0.9640239,23
3896,5,29,0.034984685,0.9650153,23
3897,1,9,0.0381984,0.9618016,23
3897,2,2,0.03785722,0.96214277,23
3897,3,8,0.036234207,0.9637658,23
3897,4,16,0.036015317,0.96398467,23
3897,5,29,0.03475115,0.9652488,23
3898,1,9,0.03824608,0.9617539,23
3898,2,2,0.037687067,0.96231294,23
3898,3,8,0.03619761,0.9638024,23
3898,4,16,0.036094673,0.96390533,23
3898,5,29,0.03476719,0.9652328,23
3899,1,9,0.0382415,0.9617585,23
3899,2,2,0.037793867,0.9622061,23
3899,3,8,0.036319446,0.96368057,23
3899,4,16,0.035918605,0.9640814,23
3899,5,1,0.03492749,0.9650725,23
3900,1,9,0.038075887,0.96192414,23
3900,2,2,0.03751178,0.96248823,23
3900,3,8,0.03631581,0.9636842,23
3900,4,16,0.03627961,0.9637204,23
3900,5,1,0.034818675,0.96518135,23
3901,1,9,0.038377445,0.96162254,23
3901,2,2,0.037545696,0.9624543,23
3901,3,8,0.036303267,0.9636967,23
3901,4,16,0.03591948,0.9640805,23
3901,5,1,0.034779966,0.96522003,23
3902,1,9,0.038086746,0.9619132,23
3902,2,2,0.037652038,0.962348,23
3902,3,8,0.036406223,0.9635938,23
3902,4,16,0.03608444,0.9639156,23
3902,5,29,0.034890644,0.96510935,23
3903,1,9,0.038166966,0.96183306,23
3903,2,2,0.03782173,0.9621783,23
3903,3,8,0.0362808,0.9637192,23
3903,4,16,0.03596012,0.96403986,23
3903,5,1,0.034955353,0.9650446,23
3904,1,9,0.038083073,0.9619169,23
3904,2,2,0.037612896,0.9623871,23
3904,3,8,0.036177445,0.96382254,23
3904,4,16,0.036048852,0.9639512,23
3904,5,1,0.034832254,0.96516776,23
3905,1,9,0.03805353,0.9619465,23
3905,2,2,0.037778307,0.9622217,23
3905,3,16,0.03619068,0.9638093,23
3905,4,8,0.036119062,0.96388096,23
3905,5,29,0.034925982,0.965074,23
3906,1,9,0.03821534,0.96178466,23
3906,2,2,0.03772235,0.96227765,23
3906,3,8,0.03628758,0.9637124,23
3906,4,16,0.035960834,0.96403915,23
3906,5,29,0.03474448,0.9652555,23
3907,1,9,0.038161132,0.96183884,23
3907,2,2,0.037517037,0.962483,23
3907,3,8,0.036201645,0.96379834,23
3907,4,16,0.03610631,0.9638937,23
3907,5,1,0.03502242,0.96497756,23
3908,1,9,0.03819676,0.96180326,23
3908,2,2,0.037621625,0.9623784,23
3908,3,8,0.036186375,0.9638136,23
3908,4,16,0.036143295,0.9638567,23
3908,5,29,0.03473623,0.9652638,23
3909,1,9,0.038438067,0.9615619,23
3909,2,2,0.037462436,0.9625376,23
3909,3,8,0.03633592,0.96366405,23
3909,4,16,0.035927568,0.9640724,23
3909,5,1,0.034726974,0.965273,23
3910,1,9,0.038270444,0.9617295,23
3910,2,2,0.03777422,0.9622258,23
3910,3,8,0.036264256,0.96373576,23
3910,4,16,0.035925146,0.96407485,23
3910,5,1,0.034676217,0.9653238,23
3911,1,9,0.038301643,0.96169835,23
3911,2,2,0.0374855,0.9625145,23
3911,3,8,0.036258616,0.96374136,23
3911,4,16,0.036175538,0.96382445,23
3911,5,29,0.03489381,0.9651062,23
3912,1,9,0.038154718,0.9618453,23
3912,2,2,0.03741694,0.96258307,23
3912,3,8,0.036319762,0.96368027,23
3912,4,16,0.0362261,0.9637739,23
3912,5,29,0.034836553,0.96516347,23
3913,1,9,0.03827781,0.9617222,23
3913,2,2,0.037573267,0.9624267,23
3913,3,8,0.036318827,0.96368116,23
3913,4,16,0.036029946,0.96397007,23
3913,5,1,0.034785725,0.96521425,23
3914,1,9,0.03822313,0.96177685,23
3914,2,2,0.037552092,0.9624479,23
3914,3,8,0.03629577,0.9637042,23
3914,4,16,0.036074944,0.96392506,23
3914,5,1,0.034863576,0.9651364,23
3915,1,9,0.038211193,0.96178883,23
3915,2,2,0.037660908,0.9623391,23
3915,3,8,0.036298264,0.9637017,23
3915,4,16,0.035773978,0.964226,23
3915,5,1,0.03496812,0.96503186,23
3916,1,9,0.038112458,0.96188754,23
3916,2,2,0.037579596,0.9624204,23
3916,3,16,0.036397215,0.9636028,23
3916,4,8,0.036004115,0.9639959,23
3916,5,29,0.034883667,0.9651163,23
3917,1,9,0.03830703,0.961693,23
3917,2,2,0.038089015,0.96191096,23
3917,3,8,0.036157653,0.96384233,23
3917,4,16,0.035680506,0.96431947,23
3917,5,1,0.03506031,0.9649397,23
3918,1,9,0.038247164,0.96175283,23
3918,2,2,0.037458275,0.9625417,23
3918,3,8,0.036245164,0.96375483,23
3918,4,16,0.036213342,0.96378666,23
3918,5,29,0.03478796,0.96521205,23
3919,1,9,0.03814272,0.96185726,23
3919,2,2,0.037437826,0.9625622,23
3919,3,8,0.036276106,0.9637239,23
3919,4,16,0.036202896,0.9637971,23
3919,5,29,0.03480819,0.96519184,23
3920,1,9,0.03807791,0.9619221,23
3920,2,2,0.037261263,0.96273875,23
3920,3,8,0.036318846,0.96368116,23
3920,4,16,0.036264013,0.963736,23
3920,5,29,0.034869604,0.9651304,23
3921,1,9,0.038277168,0.96172285,23
3921,2,2,0.037821844,0.9621782,23
3921,3,8,0.03635568,0.9636443,23
3921,4,16,0.035909925,0.96409005,23
3921,5,29,0.034831066,0.96516895,23
3922,1,9,0.03825683,0.9617432,23
3922,2,2,0.037914347,0.96208566,23
3922,3,8,0.03607145,0.9639286,23
3922,4,16,0.036014505,0.9639855,23
3922,5,29,0.03453334,0.9654667,23
3923,1,9,0.038579773,0.96142024,23
3923,2,2,0.037483145,0.96251684,23
3923,3,8,0.036241487,0.9637585,23
3923,4,16,0.03589547,0.96410453,23
3923,5,1,0.034867167,0.96513283,23
3924,1,9,0.03826828,0.96173173,23
3924,2,2,0.037476424,0.9625236,23
3924,3,16,0.036116425,0.9638836,23
3924,4,8,0.036107223,0.96389276,23
3924,5,29,0.034794647,0.9652054,23
3925,1,9,0.03795393,0.9620461,23
3925,2,2,0.037482966,0.962517,23
3925,3,16,0.036546115,0.9634539,23
3925,4,8,0.036079448,0.96392053,23
3925,5,29,0.03495445,0.9650456,23
3926,1,9,0.038244925,0.9617551,23
3926,2,2,0.03788685,0.96211314,23
3926,3,8,0.03627071,0.96372926,23
3926,4,16,0.035996165,0.96400386,23
3926,5,1,0.034685813,0.9653142,23
3927,1,9,0.038213067,0.9617869,23
3927,2,2,0.037838228,0.9621618,23
3927,3,8,0.036253855,0.96374613,23
3927,4,16,0.036039934,0.96396005,23
3927,5,1,0.034719754,0.96528023,23
3928,1,9,0.03805783,0.9619422,23
3928,2,2,0.037523217,0.9624768,23
3928,3,8,0.036313172,0.9636868,23
3928,4,16,0.036219295,0.9637807,23
3928,5,29,0.034846805,0.9651532,23
3929,1,9,0.03819112,0.96180886,23
3929,2,2,0.03762009,0.96237993,23
3929,3,8,0.036193125,0.96380687,23
3929,4,16,0.035936058,0.96406394,23
3929,5,1,0.0350212,0.9649788,23
3930,1,9,0.038118865,0.96188116,23
3930,2,2,0.037496086,0.9625039,23
3930,3,8,0.036329027,0.96367097,23
3930,4,16,0.03628125,0.9637188,23
3930,5,29,0.03486228,0.9651377,23
3931,1,9,0.03820205,0.96179795,23
3931,2,2,0.03759866,0.96240133,23
3931,3,16,0.03605783,0.96394217,23
3931,4,8,0.03603524,0.96396476,23
3931,5,29,0.03490502,0.965095,23
3932,1,9,0.038339444,0.96166056,23
3932,2,2,0.03723015,0.96276987,23
3932,3,8,0.03628838,0.9637116,23
3932,4,16,0.036103234,0.96389675,23
3932,5,29,0.034795288,0.9652047,23
3933,1,9,0.03849215,0.96150786,23
3933,2,2,0.03790942,0.9620906,23
3933,3,8,0.03608912,0.9639109,23
3933,4,16,0.03586847,0.96413153,23
3933,5,1,0.03472163,0.9652784,23
3934,1,9,0.03800994,0.96199006,23
3934,2,2,0.037639312,0.9623607,23
3934,3,8,0.03642341,0.9635766,23
3934,4,16,0.03606535,0.96393466,23
3934,5,29,0.03502436,0.96497566,23
3935,1,9,0.03810404,0.96189594,23
3935,2,2,0.03787584,0.96212417,23
3935,3,8,0.036225233,0.96377474,23
3935,4,16,0.036126625,0.9638734,23
3935,5,29,0.034937643,0.9650624,23
3936,1,9,0.03822156,0.96177846,23
3936,2,2,0.037434727,0.9625653,23
3936,3,8,0.03626918,0.9637308,23
3936,4,16,0.035957344,0.96404266,23
3936,5,1,0.035017505,0.9649825,23
3937,1,9,0.038053058,0.96194696,23
3937,2,2,0.037343707,0.9626563,23
3937,3,8,0.03629725,0.96370274,23
3937,4,16,0.03624734,0.9637527,23
3937,5,29,0.034856457,0.96514356,23
3938,1,9,0.03806211,0.9619379,23
3938,2,2,0.037521232,0.96247876,23
3938,3,8,0.036373742,0.96362627,23
3938,4,16,0.03611863,0.9638814,23
3938,5,29,0.034952167,0.96504784,23
3939,1,9,0.03835152,0.96164846,23
3939,2,2,0.037683822,0.96231616,23
3939,3,8,0.036434148,0.9635658,23
3939,4,16,0.03591707,0.96408296,23
3939,5,1,0.03486205,0.96513796,23
3940,1,9,0.038140792,0.9618592,23
3940,2,2,0.037620727,0.9623793,23
3940,3,8,0.036404558,0.96359545,23
3940,4,16,0.03601025,0.96398973,23
3940,5,29,0.035032485,0.9649675,23
3941,1,9,0.03796526,0.96203476,23
3941,2,2,0.03733468,0.9626653,23
3941,3,16,0.03658049,0.9634195,23
3941,4,8,0.03623792,0.9637621,23
3941,5,29,0.034909032,0.965091,23
3942,1,9,0.038122285,0.9618777,23
3942,2,2,0.03785186,0.96214813,23
3942,3,8,0.036107432,0.9638926,23
3942,4,16,0.03596533,0.9640347,23
3942,5,29,0.034878056,0.9651219,23
3943,1,9,0.03850881,0.96149117,23
3943,2,2,0.037642464,0.9623575,23
3943,3,8,0.03609879,0.9639012,23
3943,4,16,0.03600033,0.9639997,23
3943,5,1,0.03461648,0.9653835,23
3944,1,9,0.038272187,0.9617278,23
3944,2,2,0.03760186,0.9623982,23
3944,3,8,0.036406823,0.9635932,23
3944,4,16,0.035953283,0.9640467,23
3944,5,29,0.034840155,0.96515983,23
3945,1,9,0.038024087,0.96197593,23
3945,2,2,0.03735141,0.9626486,23
3945,3,16,0.03647257,0.96352744,23
3945,4,8,0.036252562,0.96374744,23
3945,5,29,0.03486957,0.96513045,23
3946,1,9,0.038201824,0.9617982,23
3946,2,2,0.03770818,0.96229184,23
3946,3,8,0.03625048,0.9637495,23
3946,4,16,0.0357992,0.9642008,23
3946,5,1,0.03494004,0.96505994,23
3947,1,9,0.038058836,0.9619412,23
3947,2,2,0.03767419,0.9623258,23
3947,3,8,0.036299404,0.9637006,23
3947,4,16,0.036297567,0.96370244,23
3947,5,29,0.03476938,0.96523064,23
3948,1,9,0.03803527,0.9619647,23
3948,2,2,0.03740315,0.96259683,23
3948,3,16,0.036499705,0.9635003,23
3948,4,8,0.03617358,0.9638264,23
3948,5,29,0.034825545,0.96517444,23
3949,1,9,0.038269058,0.96173096,23
3949,2,2,0.038077615,0.9619224,23
3949,3,8,0.03627354,0.96372646,23
3949,4,16,0.035870068,0.9641299,23
3949,5,1,0.034831315,0.9651687,23
3950,1,9,0.03830334,0.9616967,23
3950,2,2,0.037580516,0.9624195,23
3950,3,8,0.036307752,0.96369225,23
3950,4,16,0.036202718,0.9637973,23
3950,5,1,0.034785308,0.96521467,23
3951,1,9,0.038126003,0.961874,23
3951,2,2,0.037965,0.962035,23
3951,3,8,0.036281724,0.9637183,23
3951,4,16,0.035903003,0.964097,23
3951,5,1,0.034918882,0.9650811,23
3952,1,9,0.038134634,0.96186537,23
3952,2,2,0.037512667,0.96248734,23
3952,3,8,0.036433704,0.9635663,23
3952,4,16,0.03585394,0.9641461,23
3952,5,1,0.034952674,0.9650473,23
3953,1,9,0.038300473,0.96169955,23
3953,2,2,0.037635624,0.9623644,23
3953,3,16,0.036279637,0.9637204,23
3953,4,8,0.036062017,0.963938,23
3953,5,29,0.03477235,0.96522766,23
3954,1,9,0.038332958,0.96166706,23
3954,2,2,0.037560973,0.962439,23
3954,3,8,0.03624643,0.9637536,23
3954,4,16,0.036058154,0.9639419,23
3954,5,1,0.034715258,0.96528476,23
3955,1,9,0.03829236,0.96170765,23
3955,2,2,0.037698437,0.96230155,23
3955,3,8,0.036087852,0.9639121,23
3955,4,16,0.03597221,0.96402776,23
3955,5,29,0.034818407,0.9651816,23
3956,1,9,0.038231213,0.9617688,23
3956,2,2,0.037272252,0.9627277,23
3956,3,8,0.036337618,0.9636624,23
3956,4,16,0.035891328,0.96410865,23
3956,5,29,0.034845628,0.96515435,23
3957,1,9,0.03826219,0.9617378,23
3957,2,2,0.0374506,0.9625494,23
3957,3,16,0.036260262,0.96373975,23
3957,4,8,0.03606591,0.96393406,23
3957,5,29,0.034728445,0.96527153,23
3958,1,9,0.038041864,0.9619581,23
3958,2,2,0.03767034,0.9623297,23
3958,3,8,0.03620634,0.96379364,23
3958,4,16,0.036177833,0.9638222,23
3958,5,29,0.03485611,0.9651439,23
3959,1,9,0.038201407,0.9617986,23
3959,2,2,0.03771222,0.9622878,23
3959,3,8,0.03613432,0.9638657,23
3959,4,16,0.036031988,0.96396804,23
3959,5,29,0.034757283,0.96524274,23
3960,1,9,0.038202975,0.961797,23
3960,2,2,0.03786964,0.96213037,23
3960,3,8,0.03636736,0.96363264,23
3960,4,16,0.03589593,0.96410406,23
3960,5,1,0.034674075,0.96532595,23
3961,1,9,0.038169164,0.96183085,23
3961,2,2,0.037569918,0.96243006,23
3961,3,8,0.03615525,0.9638448,23
3961,4,16,0.036092117,0.9639079,23
3961,5,29,0.03486573,0.96513426,23
3962,1,9,0.03842655,0.9615735,23
3962,2,2,0.037673775,0.9623262,23
3962,3,8,0.035958126,0.9640419,23
3962,4,16,0.035858564,0.9641414,23
3962,5,29,0.03462695,0.96537304,23
3963,1,9,0.038249183,0.9617508,23
3963,2,2,0.037497796,0.9625022,23
3963,3,8,0.03634042,0.9636596,23
3963,4,16,0.035980564,0.9640194,23
3963,5,1,0.034782663,0.96521735,23
3964,1,9,0.038217187,0.9617828,23
3964,2,2,0.03790456,0.96209544,23
3964,3,8,0.036375724,0.9636243,23
3964,4,16,0.03582605,0.964174,23
3964,5,1,0.03512324,0.9648768,23
3965,1,9,0.038508873,0.9614911,23
3965,2,2,0.03773558,0.9622644,23
3965,3,8,0.036217775,0.96378225,23
3965,4,16,0.035931237,0.9640688,23
3965,5,1,0.034657095,0.9653429,23
3966,1,9,0.037951794,0.96204823,23
3966,2,2,0.0376901,0.9623099,23
3966,3,8,0.03639164,0.9636084,23
3966,4,16,0.036028076,0.9639719,23
3966,5,29,0.034923486,0.9650765,23
3967,1,9,0.038085006,0.961915,23
3967,2,2,0.037772495,0.9622275,23
3967,3,8,0.03636885,0.96363115,23
3967,4,16,0.036022227,0.96397775,23
3967,5,29,0.034823142,0.9651769,23
3968,1,9,0.038101777,0.9618982,23
3968,2,2,0.037707508,0.9622925,23
3968,3,16,0.036196932,0.96380305,23
3968,4,8,0.03618173,0.96381825,23
3968,5,29,0.034909558,0.96509045,23
3969,1,9,0.03802658,0.9619734,23
3969,2,2,0.037583314,0.9624167,23
3969,3,8,0.036221277,0.96377873,23
3969,4,16,0.036211606,0.9637884,23
3969,5,29,0.034785572,0.96521443,23
3970,1,9,0.038145393,0.9618546,23
3970,2,2,0.03746424,0.96253574,23
3970,3,8,0.036401484,0.9635985,23
3970,4,16,0.03604602,0.963954,23
3970,5,29,0.03517495,0.96482503,23
3971,1,9,0.038014326,0.96198565,23
3971,2,2,0.03734766,0.9626523,23
3971,3,8,0.03633059,0.9636694,23
3971,4,16,0.03632817,0.9636718,23
3971,5,29,0.03486459,0.9651354,23
3972,1,9,0.037791125,0.96220887,23
3972,2,2,0.037554145,0.96244586,23
3972,3,8,0.03647192,0.9635281,23
3972,4,16,0.036134697,0.9638653,23
3972,5,29,0.035122138,0.96487784,23
3973,1,9,0.03793767,0.96206236,23
3973,2,2,0.03748684,0.96251315,23
3973,3,8,0.03656829,0.9634317,23
3973,4,16,0.03619025,0.9638097,23
3973,5,29,0.034976926,0.9650231,23
3974,1,9,0.03808966,0.96191037,23
3974,2,2,0.03783114,0.9621689,23
3974,3,8,0.036313824,0.96368617,23
3974,4,16,0.036115143,0.96388483,23
3974,5,1,0.034685563,0.96531445,23
3975,1,9,0.038420957,0.961579,23
3975,2,2,0.037685562,0.9623144,23
3975,3,8,0.03624131,0.9637587,23
3975,4,16,0.035841547,0.9641585,23
3975,5,1,0.034760334,0.96523964,23
3976,1,9,0.038264696,0.9617353,23
3976,2,2,0.03763975,0.96236026,23
3976,3,8,0.036196414,0.9638036,23
3976,4,16,0.035877537,0.9641225,23
3976,5,1,0.03480572,0.9651943,23
3977,1,9,0.03850965,0.96149033,23
3977,2,2,0.037517063,0.9624829,23
3977,3,8,0.036104105,0.9638959,23
3977,4,16,0.036090028,0.96391,23
3977,5,29,0.034665525,0.9653345,23
3978,1,9,0.038291484,0.96170855,23
3978,2,2,0.03751098,0.962489,23
3978,3,16,0.036207497,0.9637925,23
3978,4,8,0.03611049,0.9638895,23
3978,5,29,0.034769945,0.96523005,23
3979,1,9,0.038124736,0.96187526,23
3979,2,2,0.037376445,0.96262354,23
3979,3,16,0.03633808,0.9636619,23
3979,4,8,0.0362193,0.9637807,23
3979,5,29,0.03492909,0.9650709,23
3980,1,9,0.03839434,0.96160567,23
3980,2,2,0.037617534,0.96238244,23
3980,3,8,0.03633479,0.9636652,23
3980,4,16,0.035992198,0.9640078,23
3980,5,29,0.03467097,0.96532905,23
3981,1,9,0.03816324,0.96183676,23
3981,2,2,0.037739597,0.9622604,23
3981,3,8,0.03630951,0.9636905,23
3981,4,16,0.035863616,0.96413636,23
3981,5,29,0.034738798,0.9652612,23
3982,1,9,0.038123786,0.9618762,23
3982,2,2,0.03758495,0.96241504,23
3982,3,8,0.036382034,0.963618,23
3982,4,16,0.036077842,0.96392214,23
3982,5,29,0.034842286,0.9651577,23
3983,1,9,0.03807529,0.96192473,23
3983,2,2,0.037815966,0.962184,23
3983,3,8,0.036379665,0.9636203,23
3983,4,16,0.035917547,0.9640825,23
3983,5,29,0.034923878,0.96507615,23
3984,1,9,0.038083296,0.9619167,23
3984,2,2,0.03789038,0.9621096,23
3984,3,8,0.036471963,0.96352804,23
3984,4,16,0.03580049,0.9641995,23
3984,5,1,0.035067268,0.96493274,23
3985,1,9,0.0383714,0.9616286,23
3985,2,2,0.037553094,0.9624469,23
3985,3,8,0.036135644,0.9638643,23
3985,4,16,0.036126893,0.9638731,23
3985,5,1,0.034664918,0.9653351,23
3986,1,9,0.037999988,0.962,23
3986,2,2,0.03747212,0.9625279,23
3986,3,16,0.036429044,0.96357095,23
3986,4,8,0.036094114,0.9639059,23
3986,5,29,0.034789443,0.96521056,23
3987,1,9,0.038201135,0.96179885,23
3987,2,2,0.037664983,0.962335,23
3987,3,8,0.036171954,0.963828,23
3987,4,16,0.03606144,0.96393853,23
3987,5,29,0.034724183,0.9652758,23
3988,1,9,0.038148995,0.961851,23
3988,2,2,0.03766656,0.96233344,23
3988,3,8,0.03628799,0.96371204,23
3988,4,16,0.035925634,0.9640744,23
3988,5,29,0.034914434,0.96508557,23
3989,1,9,0.038458046,0.96154195,23
3989,2,2,0.03761463,0.96238536,23
3989,3,8,0.036206823,0.96379316,23
3989,4,16,0.03611435,0.96388566,23
3989,5,29,0.034676548,0.96532345,23
3990,1,9,0.038192496,0.9618075,23
3990,2,2,0.03778883,0.9622112,23
3990,3,8,0.036259998,0.96374,23
3990,4,16,0.035864193,0.9641358,23
3990,5,29,0.034773026,0.96522695,23
3991,1,9,0.03828486,0.96171516,23
3991,2,2,0.03771631,0.9622837,23
3991,3,8,0.036297232,0.9637028,23
3991,4,16,0.035861943,0.96413803,23
3991,5,1,0.035140153,0.96485984,23
3992,1,9,0.038374413,0.9616256,23
3992,2,2,0.037711978,0.962288,23
3992,3,8,0.03621304,0.96378696,23
3992,4,16,0.035919476,0.9640805,23
3992,5,29,0.03475395,0.9652461,23
3993,1,9,0.038279235,0.96172076,23
3993,2,2,0.037456024,0.96254396,23
3993,3,8,0.036342196,0.9636578,23
3993,4,16,0.036018286,0.9639817,23
3993,5,29,0.03497633,0.9650237,23
3994,1,9,0.038268413,0.9617316,23
3994,2,2,0.037637085,0.9623629,23
3994,3,8,0.03629255,0.96370745,23
3994,4,16,0.03601402,0.963986,23
3994,5,1,0.0347255,0.9652745,23
3995,1,9,0.03801131,0.9619887,23
3995,2,2,0.037327375,0.96267265,23
3995,3,16,0.036543366,0.96345663,23
3995,4,8,0.036013205,0.9639868,23
3995,5,29,0.034924664,0.9650753,23
3996,1,9,0.038308635,0.9616914,23
3996,2,2,0.037457373,0.96254265,23
3996,3,8,0.03635553,0.96364444,23
3996,4,16,0.035900634,0.96409935,23
3996,5,1,0.034909375,0.96509063,23
3997,1,9,0.03827437,0.96172565,23
3997,2,2,0.038082343,0.96191764,23
3997,3,8,0.03623232,0.9637677,23
3997,4,16,0.035887852,0.96411216,23
3997,5,1,0.034806836,0.96519315,23
3998,1,9,0.03854158,0.96145844,23
3998,2,2,0.03715858,0.9628414,23
3998,3,8,0.036403384,0.96359664,23
3998,4,16,0.035966862,0.9640331,23
3998,5,1,0.03481991,0.9651801,23
3999,1,9,0.038545668,0.96145433,23
3999,2,2,0.0378886,0.9621114,23
3999,3,8,0.036107097,0.9638929,23
3999,4,16,0.035680193,0.9643198,23
3999,5,1,0.034758087,0.9652419,23
4000,1,9,0.038486905,0.9615131,23
4000,2,2,0.03755517,0.96244484,23
4000,3,16,0.036023393,0.9639766,23
4000,4,8,0.035923567,0.96407646,23
4000,5,29,0.034663036,0.965337,23
4001,1,9,0.038059596,0.9619404,23
4001,2,2,0.03790019,0.9620998,23
4001,3,8,0.036207587,0.96379244,23
4001,4,16,0.035998333,0.96400166,23
4001,5,29,0.034817353,0.96518266,23
4002,1,9,0.038391538,0.96160847,23
4002,2,2,0.03751596,0.96248406,23
4002,3,8,0.036237724,0.9637623,23
4002,4,16,0.035800647,0.96419936,23
4002,5,29,0.03471553,0.96528447,23
4003,1,9,0.038054086,0.9619459,23
4003,2,2,0.03764842,0.96235156,23
4003,3,16,0.03620966,0.96379036,23
4003,4,8,0.036069322,0.96393067,23
4003,5,29,0.03514403,0.96485597,23
4004,1,9,0.038131144,0.9618689,23
4004,2,2,0.03760297,0.96239704,23
4004,3,8,0.036394183,0.9636058,23
4004,4,16,0.036095515,0.9639045,23
4004,5,29,0.034967694,0.9650323,23
4005,1,9,0.03834026,0.9616597,23
4005,2,2,0.037906155,0.96209383,23
4005,3,8,0.036303166,0.96369684,23
4005,4,16,0.03574601,0.964254,23
4005,5,1,0.03480281,0.9651972,23
4006,1,9,0.038283136,0.9617169,23
4006,2,2,0.03763689,0.9623631,23
4006,3,8,0.036469933,0.96353006,23
4006,4,16,0.035906374,0.9640936,23
4006,5,1,0.03487792,0.9651221,23
4007,1,9,0.03834064,0.9616594,23
4007,2,2,0.037287485,0.9627125,23
4007,3,16,0.03617603,0.963824,23
4007,4,8,0.0361467,0.9638533,23
4007,5,29,0.03475525,0.96524477,23
4008,1,9,0.03840462,0.96159536,23
4008,2,2,0.037752934,0.9622471,23
4008,3,8,0.03610218,0.9638978,23
4008,4,16,0.035978265,0.96402174,23
4008,5,1,0.03462019,0.96537983,23
4009,1,9,0.038257547,0.96174246,23
4009,2,2,0.037772644,0.96222734,23
4009,3,8,0.036223747,0.96377623,23
4009,4,16,0.036021486,0.9639785,23
4009,5,1,0.034741573,0.9652584,23
4010,1,9,0.03809429,0.9619057,23
4010,2,2,0.037502848,0.9624972,23
4010,3,8,0.03621705,0.96378297,23
4010,4,16,0.036082707,0.9639173,23
4010,5,1,0.03497357,0.96502644,23
4011,1,9,0.038165253,0.9618347,23
4011,2,2,0.03787975,0.96212023,23
4011,3,8,0.036325485,0.96367455,23
4011,4,16,0.035913017,0.964087,23
4011,5,29,0.034871366,0.96512866,23
4012,1,9,0.03817797,0.96182203,23
4012,2,2,0.0374156,0.9625844,23
4012,3,16,0.03627519,0.9637248,23
4012,4,8,0.03606054,0.9639395,23
4012,5,29,0.03481139,0.9651886,23
4013,1,9,0.038211122,0.9617889,23
4013,2,2,0.0377213,0.9622787,23
4013,3,16,0.036133386,0.9638666,23
4013,4,8,0.036073375,0.9639266,23
4013,5,1,0.034777153,0.96522284,23
4014,1,9,0.038037904,0.9619621,23
4014,2,2,0.037689094,0.9623109,23
4014,3,8,0.03622164,0.9637784,23
4014,4,16,0.036195662,0.96380436,23
4014,5,29,0.03484891,0.9651511,23
4015,1,9,0.03813339,0.9618666,23
4015,2,2,0.037414324,0.9625857,23
4015,3,8,0.03615899,0.963841,23
4015,4,16,0.03613014,0.96386987,23
4015,5,1,0.034776803,0.9652232,23
4016,1,9,0.03833041,0.96166956,23
4016,2,2,0.03729279,0.9627072,23
4016,3,8,0.0363092,0.9636908,23
4016,4,16,0.03618575,0.96381426,23
4016,5,29,0.034922794,0.9650772,23
4017,1,9,0.038287647,0.96171236,23
4017,2,2,0.037550323,0.96244967,23
4017,3,8,0.036299583,0.9637004,23
4017,4,16,0.036125336,0.96387464,23
4017,5,29,0.034768358,0.96523166,23
4018,1,9,0.03826766,0.9617323,23
4018,2,2,0.037489537,0.96251047,23
4018,3,16,0.036309723,0.9636903,23
4018,4,8,0.036145866,0.96385413,23
4018,5,29,0.03470323,0.96529675,23
4019,1,9,0.038113836,0.96188617,23
4019,2,2,0.037772737,0.9622273,23
4019,3,8,0.036181923,0.9638181,23
4019,4,16,0.036076985,0.96392304,23
4019,5,29,0.034903966,0.96509606,23
4020,1,9,0.038312703,0.9616873,23
4020,2,2,0.03758803,0.962412,23
4020,3,8,0.036302853,0.96369714,23
4020,4,16,0.035915516,0.9640845,23
4020,5,1,0.03467025,0.96532977,23
4021,1,9,0.038494255,0.9615058,23
4021,2,2,0.037761524,0.9622385,23
4021,3,8,0.036378674,0.9636213,23
4021,4,16,0.03570789,0.9642921,23
4021,5,1,0.034808457,0.96519154,23
4022,1,9,0.038205553,0.96179444,23
4022,2,2,0.037293844,0.96270615,23
4022,3,16,0.0363963,0.9636037,23
4022,4,8,0.03607861,0.96392137,23
4022,5,29,0.034870353,0.9651297,23
4023,1,9,0.03806459,0.9619354,23
4023,2,2,0.037403192,0.96259683,23
4023,3,16,0.036248643,0.9637514,23
4023,4,8,0.03615642,0.9638436,23
4023,5,29,0.034795173,0.96520483,23
4024,1,9,0.03834531,0.96165466,23
4024,2,2,0.037607193,0.9623928,23
4024,3,8,0.036405295,0.9635947,23
4024,4,16,0.03581221,0.9641878,23
4024,5,1,0.035129707,0.9648703,23
4025,1,9,0.038510025,0.96149,23
4025,2,2,0.037691563,0.9623084,23
4025,3,8,0.03624711,0.96375287,23
4025,4,16,0.035860907,0.9641391,23
4025,5,1,0.034796298,0.9652037,23
4026,1,9,0.038088534,0.96191144,23
4026,2,2,0.03758092,0.9624191,23
4026,3,8,0.036336754,0.9636632,23
4026,4,16,0.036159564,0.9638404,23
4026,5,29,0.034829292,0.9651707,23
4027,1,9,0.03843192,0.96156806,23
4027,2,2,0.037516817,0.96248317,23
4027,3,16,0.036167257,0.96383274,23
4027,4,8,0.03609213,0.9639079,23
4027,5,29,0.034611575,0.9653884,23
4028,1,9,0.038359698,0.9616403,23
4028,2,2,0.03761766,0.9623823,23
4028,3,8,0.036356892,0.96364313,23
4028,4,16,0.03609178,0.9639082,23
4028,5,29,0.034720175,0.9652798,23
4029,1,9,0.038242314,0.96175766,23
4029,2,2,0.038063534,0.9619365,23
4029,3,8,0.03626478,0.9637352,23
4029,4,16,0.03561445,0.96438557,23
4029,5,1,0.034969524,0.9650305,23
4030,1,9,0.03796784,0.96203214,23
4030,2,2,0.037533022,0.96246696,23
4030,3,8,0.03632609,0.9636739,23
4030,4,16,0.036309313,0.9636907,23
4030,5,29,0.035064295,0.9649357,23
4031,1,9,0.03802108,0.9619789,23
4031,2,2,0.03750215,0.96249783,23
4031,3,8,0.036417287,0.9635827,23
4031,4,16,0.03627192,0.9637281,23
4031,5,29,0.035174843,0.96482515,23
4032,1,9,0.038193353,0.96180665,23
4032,2,2,0.03766388,0.9623361,23
4032,3,8,0.036416635,0.96358335,23
4032,4,16,0.035978526,0.96402144,23
4032,5,1,0.034844942,0.96515507,23
4033,1,9,0.038216755,0.96178323,23
4033,2,2,0.037576374,0.9624236,23
4033,3,8,0.036267214,0.9637328,23
4033,4,16,0.036115646,0.96388435,23
4033,5,29,0.03486064,0.9651394,23
4034,1,9,0.03842723,0.96157277,23
4034,2,2,0.038077697,0.9619223,23
4034,3,8,0.036159236,0.9638408,23
4034,4,16,0.035649035,0.96435094,23
4034,5,1,0.034819774,0.9651802,23
4035,1,9,0.03845425,0.96154577,23
4035,2,2,0.037411112,0.9625889,23
4035,3,8,0.03626116,0.96373886,23
4035,4,16,0.035967015,0.964033,23
4035,5,29,0.034734152,0.96526587,23
4036,1,9,0.038046204,0.9619538,23
4036,2,2,0.037552234,0.96244776,23
4036,3,8,0.036397044,0.96360296,23
4036,4,16,0.035944253,0.9640558,23
4036,5,29,0.034883924,0.9651161,23
4037,1,9,0.03841025,0.96158975,23
4037,2,2,0.037638687,0.96236134,23
4037,3,8,0.03617106,0.9638289,23
4037,4,16,0.036078744,0.96392125,23
4037,5,29,0.034774367,0.96522564,23
4038,1,9,0.038254622,0.9617454,23
4038,2,2,0.037866376,0.96213365,23
4038,3,8,0.036219556,0.96378046,23
4038,4,16,0.03583849,0.9641615,23
4038,5,29,0.034750145,0.96524984,23
4039,1,9,0.038355246,0.96164477,23
4039,2,2,0.037743587,0.96225643,23
4039,3,8,0.036200635,0.96379936,23
4039,4,16,0.036053546,0.96394646,23
4039,5,1,0.034754723,0.96524525,23
4040,1,9,0.038501836,0.96149814,23
4040,2,2,0.037446138,0.96255386,23
4040,3,8,0.036201388,0.96379864,23
4040,4,16,0.03606894,0.9639311,23
4040,5,1,0.034615263,0.9653847,23
4041,1,9,0.038393565,0.96160644,23
4041,2,2,0.037741926,0.9622581,23
4041,3,8,0.03633882,0.9636612,23
4041,4,16,0.035873003,0.964127,23
4041,5,1,0.034752138,0.96524787,23
4042,1,9,0.038019206,0.9619808,23
4042,2,2,0.03745556,0.96254444,23
4042,3,16,0.036286894,0.9637131,23
4042,4,8,0.0362795,0.9637205,23
4042,5,29,0.034888837,0.96511114,23
4043,1,9,0.038308583,0.96169144,23
4043,2,2,0.037805546,0.96219444,23
4043,3,16,0.036228254,0.96377176,23
4043,4,8,0.03609575,0.96390426,23
4043,5,29,0.03462327,0.96537673,23
4044,1,9,0.03802732,0.96197265,23
4044,2,2,0.037321903,0.9626781,23
4044,3,16,0.036431614,0.9635684,23
4044,4,8,0.0361561,0.9638439,23
4044,5,29,0.034841806,0.9651582,23
4045,1,9,0.038131643,0.96186835,23
4045,2,2,0.037334576,0.96266544,23
4045,3,8,0.036291875,0.9637081,23
4045,4,16,0.036159415,0.9638406,23
4045,5,29,0.034826744,0.96517324,23
4046,1,9,0.038176764,0.9618232,23
4046,2,2,0.03743276,0.9625672,23
4046,3,16,0.036291413,0.9637086,23
4046,4,8,0.03619611,0.9638039,23
4046,5,29,0.034895238,0.96510476,23
4047,1,9,0.038317982,0.961682,23
4047,2,2,0.037668332,0.96233165,23
4047,3,8,0.036162615,0.9638374,23
4047,4,16,0.03597387,0.96402615,23
4047,5,29,0.03475127,0.9652487,23
4048,1,9,0.038487736,0.96151227,23
4048,2,2,0.03774823,0.9622518,23
4048,3,16,0.036068603,0.9639314,23
4048,4,8,0.03596865,0.96403134,23
4048,5,29,0.034600545,0.96539944,23
4049,1,9,0.03824638,0.9617536,23
4049,2,2,0.03742487,0.96257514,23
4049,3,8,0.03618927,0.96381074,23
4049,4,16,0.036154095,0.9638459,23
4049,5,29,0.03481483,0.96518517,23
4050,1,9,0.038046654,0.96195334,23
4050,2,2,0.03731587,0.96268415,23
4050,3,16,0.036648646,0.96335137,23
4050,4,8,0.0361813,0.96381867,23
4050,5,29,0.034878153,0.96512187,23
4051,1,9,0.038238063,0.96176195,23
4051,2,2,0.037761208,0.9622388,23
4051,3,8,0.03615332,0.9638467,23
4051,4,16,0.03610383,0.96389616,23
4051,5,29,0.034630205,0.9653698,23
4052,1,9,0.03837874,0.9616213,23
4052,2,2,0.037467364,0.96253264,23
4052,3,8,0.036133345,0.96386665,23
4052,4,16,0.03597834,0.9640217,23
4052,5,29,0.034700807,0.9652992,23
4053,1,9,0.038200866,0.96179914,23
4053,2,2,0.037848152,0.9621518,23
4053,3,8,0.036163583,0.96383643,23
4053,4,16,0.03592879,0.9640712,23
4053,5,29,0.034739416,0.96526057,23
4054,1,9,0.03839742,0.96160257,23
4054,2,2,0.03730264,0.9626974,23
4054,3,16,0.036409043,0.963591,23
4054,4,8,0.036059547,0.96394044,23
4054,5,29,0.034864858,0.96513516,23
4055,1,9,0.038185876,0.9618141,23
4055,2,2,0.03731934,0.96268064,23
4055,3,16,0.03639331,0.9636067,23
4055,4,8,0.036092907,0.9639071,23
4055,5,29,0.03488171,0.9651183,23
4056,1,9,0.038437076,0.96156293,23
4056,2,2,0.037811283,0.9621887,23
4056,3,8,0.03639554,0.96360445,23
4056,4,16,0.03575938,0.9642406,23
4056,5,1,0.034747954,0.96525204,23
4057,1,9,0.038005814,0.9619942,23
4057,2,2,0.03776374,0.9622363,23
4057,3,8,0.03641255,0.96358746,23
4057,4,16,0.03610777,0.9638922,23
4057,5,29,0.03481449,0.9651855,23
4058,1,9,0.038337342,0.96166265,23
4058,2,2,0.03773474,0.96226525,23
4058,3,8,0.036277693,0.9637223,23
4058,4,16,0.035775475,0.9642245,23
4058,5,29,0.03466849,0.9653315,23
4059,1,2,0.038045634,0.96195436,23
4059,2,9,0.037992362,0.96200764,23
4059,3,8,0.03633239,0.96366763,23
4059,4,16,0.035877872,0.9641221,23
4059,5,1,0.03532459,0.9646754,23
4060,1,9,0.03826868,0.9617313,23
4060,2,2,0.03769452,0.9623055,23
4060,3,8,0.03627359,0.9637264,23
4060,4,16,0.035995454,0.9640045,23
4060,5,1,0.034823418,0.9651766,23
4061,1,9,0.038214233,0.9617858,23
4061,2,2,0.037637256,0.96236277,23
4061,3,16,0.03615006,0.96384996,23
4061,4,8,0.036035728,0.9639643,23
4061,5,29,0.034941547,0.96505845,23
4062,1,9,0.03845787,0.9615421,23
4062,2,2,0.037465367,0.9625346,23
4062,3,8,0.03633623,0.96366376,23
4062,4,16,0.035948645,0.96405137,23
4062,5,1,0.034618005,0.965382,23
4063,1,9,0.03814496,0.96185505,23
4063,2,2,0.037675455,0.96232456,23
4063,3,16,0.036191076,0.9638089,23
4063,4,8,0.035972495,0.9640275,23
4063,5,29,0.034823436,0.9651766,23
4064,1,9,0.03816327,0.96183676,23
4064,2,2,0.037417643,0.96258235,23
4064,3,16,0.036370993,0.963629,23
4064,4,8,0.036136597,0.9638634,23
4064,5,29,0.034753855,0.96524614,23
4065,1,9,0.037961185,0.9620388,23
4065,2,2,0.03767661,0.96232337,23
4065,3,16,0.036258806,0.9637412,23
4065,4,8,0.036211442,0.96378857,23
4065,5,29,0.03487176,0.96512824,23
4066,1,9,0.03829699,0.961703,23
4066,2,2,0.037269667,0.96273035,23
4066,3,8,0.0363777,0.96362233,23
4066,4,16,0.036094986,0.96390504,23
4066,5,1,0.03484172,0.9651583,23
4067,1,9,0.03794603,0.96205395,23
4067,2,2,0.037412174,0.96258783,23
4067,3,16,0.03664083,0.9633592,23
4067,4,8,0.03623703,0.963763,23
4067,5,29,0.035021834,0.96497816,23
4068,1,9,0.038208805,0.9617912,23
4068,2,2,0.037560068,0.96243995,23
4068,3,8,0.036239177,0.96376085,23
4068,4,16,0.03622724,0.9637728,23
4068,5,29,0.03478089,0.96521914,23
4069,1,9,0.037944794,0.9620552,23
4069,2,2,0.037426952,0.96257305,23
4069,3,16,0.03679142,0.96320856,23
4069,4,8,0.036044467,0.9639555,23
4069,5,29,0.03479697,0.96520305,23
4070,1,9,0.03802911,0.96197087,23
4070,2,2,0.03753886,0.9624611,23
4070,3,16,0.036433473,0.96356654,23
4070,4,8,0.03623637,0.96376365,23
4070,5,29,0.03495277,0.96504724,23
4071,1,9,0.038353547,0.96164644,23
4071,2,2,0.03769428,0.9623057,23
4071,3,8,0.03611835,0.9638817,23
4071,4,16,0.035999656,0.96400034,23
4071,5,1,0.034695793,0.9653042,23
4072,1,9,0.03820365,0.96179634,23
4072,2,2,0.037369803,0.9626302,23
4072,3,8,0.036493327,0.9635067,23
4072,4,16,0.03617519,0.9638248,23
4072,5,29,0.03489949,0.9651005,23
4073,1,9,0.038034033,0.961966,23
4073,2,2,0.037669584,0.9623304,23
4073,3,8,0.036437616,0.96356237,23
4073,4,16,0.03606425,0.96393573,23
4073,5,1,0.034791328,0.96520865,23
4074,1,9,0.03797375,0.96202624,23
4074,2,2,0.037735242,0.9622648,23
4074,3,8,0.036236327,0.96376365,23
4074,4,16,0.0360898,0.9639102,23
4074,5,1,0.034902953,0.96509707,23
4075,1,9,0.038224306,0.9617757,23
4075,2,2,0.037804086,0.96219593,23
4075,3,16,0.036175746,0.9638243,23
4075,4,8,0.036080785,0.9639192,23
4075,5,29,0.034687974,0.965312,23
4076,1,9,0.037996467,0.9620035,23
4076,2,2,0.037732728,0.9622673,23
4076,3,16,0.03622591,0.9637741,23
4076,4,8,0.036180403,0.9638196,23
4076,5,1,0.03484478,0.96515524,23
4077,1,9,0.03827939,0.9617206,23
4077,2,2,0.037255503,0.9627445,23
4077,3,8,0.036344077,0.96365595,23
4077,4,16,0.03604449,0.9639555,23
4077,5,29,0.034803532,0.9651965,23
4078,1,9,0.038245685,0.9617543,23
4078,2,2,0.037586328,0.96241367,23
4078,3,8,0.036215283,0.9637847,23
4078,4,16,0.0361169,0.9638831,23
4078,5,1,0.034748297,0.9652517,23
4079,1,9,0.038173176,0.9618268,23
4079,2,2,0.037561595,0.9624384,23
4079,3,16,0.036261957,0.963738,23
4079,4,8,0.03608295,0.9639171,23
4079,5,29,0.034828026,0.965172,23
4080,1,9,0.038188223,0.9618118,23
4080,2,2,0.037785944,0.96221405,23
4080,3,8,0.036116194,0.9638838,23
4080,4,16,0.0360798,0.9639202,23
4080,5,1,0.034741458,0.96525854,23
4081,1,9,0.038117703,0.9618823,23
4081,2,2,0.037574604,0.9624254,23
4081,3,8,0.036477573,0.96352243,23
4081,4,16,0.03605858,0.9639414,23
4081,5,29,0.034851782,0.9651482,23
4082,1,9,0.038311616,0.9616884,23
4082,2,2,0.03769248,0.9623075,23
4082,3,8,0.036061674,0.96393836,23
4082,4,16,0.03595131,0.9640487,23
4082,5,29,0.03469897,0.96530104,23
4083,1,9,0.038031537,0.9619685,23
4083,2,2,0.037573207,0.9624268,23
4083,3,8,0.03627203,0.96372795,23
4083,4,16,0.03608584,0.96391416,23
4083,5,29,0.034914073,0.9650859,23
4084,1,9,0.038295444,0.96170455,23
4084,2,2,0.03761199,0.96238804,23
4084,3,8,0.036274195,0.9637258,23
4084,4,16,0.035983853,0.96401614,23
4084,5,1,0.034772567,0.9652274,23
4085,1,9,0.03825631,0.9617437,23
4085,2,2,0.037641015,0.962359,23
4085,3,8,0.03634517,0.9636548,23
4085,4,16,0.03584615,0.9641538,23
4085,5,1,0.035090227,0.9649098,23
4086,1,9,0.03825428,0.96174574,23
4086,2,2,0.037775677,0.9622243,23
4086,3,8,0.03634106,0.9636589,23
4086,4,16,0.03575421,0.9642458,23
4086,5,1,0.034886643,0.96511334,23
4087,1,9,0.03808978,0.96191025,23
4087,2,2,0.037500523,0.9624995,23
4087,3,8,0.036366366,0.96363366,23
4087,4,16,0.036343087,0.9636569,23
4087,5,29,0.034877907,0.9651221,23
4088,1,9,0.03807285,0.9619272,23
4088,2,2,0.037623,0.962377,23
4088,3,8,0.03623063,0.9637694,23
4088,4,16,0.036154754,0.96384525,23
4088,5,29,0.034862764,0.96513724,23
4089,1,9,0.038339365,0.9616606,23
4089,2,2,0.037565492,0.96243453,23
4089,3,16,0.036124714,0.9638753,23
4089,4,8,0.036035683,0.96396434,23
4089,5,29,0.03467684,0.96532315,23
4090,1,9,0.038278997,0.961721,23
4090,2,2,0.037486527,0.96251345,23
4090,3,8,0.036203615,0.9637964,23
4090,4,16,0.03595393,0.96404606,23
4090,5,1,0.03468289,0.96531713,23
4091,1,9,0.03804996,0.96195006,23
4091,2,2,0.037241086,0.9627589,23
4091,3,16,0.03643821,0.9635618,23
4091,4,8,0.036250908,0.9637491,23
4091,5,29,0.034957502,0.9650425,23
4092,1,9,0.038207144,0.9617928,23
4092,2,2,0.037755575,0.96224445,23
4092,3,8,0.036289904,0.96371007,23
4092,4,16,0.036120135,0.9638799,23
4092,5,29,0.034731694,0.9652683,23
4093,1,9,0.038044903,0.9619551,23
4093,2,2,0.03753181,0.9624682,23
4093,3,8,0.036408175,0.9635918,23
4093,4,16,0.03617395,0.96382606,23
4093,5,29,0.03492783,0.96507215,23
4094,1,9,0.038159553,0.96184045,23
4094,2,2,0.03738271,0.9626173,23
4094,3,8,0.03623491,0.9637651,23
4094,4,16,0.036160115,0.9638399,23
4094,5,29,0.03483954,0.9651605,23
4095,1,9,0.038093213,0.9619068,23
4095,2,2,0.03768168,0.9623183,23
4095,3,8,0.03644204,0.96355796,23
4095,4,16,0.03618438,0.9638156,23
4095,5,29,0.03479035,0.96520966,23
4096,1,9,0.03796769,0.9620323,23
4096,2,2,0.03749809,0.9625019,23
4096,3,16,0.03643578,0.9635642,23
4096,4,8,0.03629867,0.9637013,23
4096,5,29,0.03495468,0.96504533,23
4097,1,9,0.038112085,0.9618879,23
4097,2,2,0.03760766,0.96239233,23
4097,3,8,0.03625931,0.9637407,23
4097,4,16,0.03608746,0.96391255,23
4097,5,29,0.034799363,0.96520066,23
4098,1,2,0.038004406,0.9619956,23
4098,2,9,0.03800012,0.9619999,23
4098,3,8,0.036322143,0.9636779,23
4098,4,16,0.035779692,0.9642203,23
4098,5,1,0.034989156,0.9650108,23
4099,1,9,0.03799434,0.9620057,23
4099,2,2,0.037520837,0.9624792,23
4099,3,16,0.036337767,0.9636622,23
4099,4,8,0.036118384,0.9638816,23
4099,5,29,0.035143152,0.96485686,23
4100,1,9,0.038388398,0.9616116,23
4100,2,2,0.03770198,0.96229804,23
4100,3,8,0.036375076,0.96362495,23
4100,4,16,0.035833284,0.9641667,23
4100,5,29,0.034725737,0.9652743,23
4101,1,9,0.038365368,0.96163464,23
4101,2,2,0.038010534,0.96198946,23
4101,3,8,0.036291014,0.963709,23
4101,4,16,0.035875782,0.9641242,23
4101,5,1,0.034696266,0.9653037,23
4102,1,9,0.03823771,0.9617623,23
4102,2,2,0.038048908,0.9619511,23
4102,3,8,0.03625896,0.96374106,23
4102,4,16,0.035735093,0.9642649,23
4102,5,1,0.034917846,0.96508217,23
4103,1,9,0.0379477,0.9620523,23
4103,2,2,0.037574995,0.962425,23
4103,3,8,0.03642134,0.96357864,23
4103,4,16,0.03605362,0.9639464,23
4103,5,29,0.035176814,0.9648232,23
4104,1,9,0.038410176,0.9615898,23
4104,2,2,0.037553344,0.96244663,23
4104,3,8,0.036241394,0.9637586,23
4104,4,16,0.035984177,0.96401584,23
4104,5,29,0.034690306,0.9653097,23
4105,1,9,0.03862322,0.9613768,23
4105,2,2,0.0379875,0.9620125,23
4105,3,8,0.03634292,0.9636571,23
4105,4,16,0.035654448,0.9643456,23
4105,5,1,0.034744136,0.96525586,23
4106,1,9,0.038022254,0.9619777,23
4106,2,2,0.037589967,0.96241003,23
4106,3,16,0.036578733,0.9634213,23
4106,4,8,0.03608173,0.96391827,23
4106,5,29,0.034874495,0.9651255,23
4107,1,9,0.03787571,0.9621243,23
4107,2,2,0.037706364,0.9622936,23
4107,3,16,0.036315918,0.9636841,23
4107,4,8,0.03616714,0.96383286,23
4107,5,29,0.03475464,0.96524537,23
4108,1,9,0.03828597,0.961714,23
4108,2,2,0.037529014,0.962471,23
4108,3,8,0.03619354,0.96380645,23
4108,4,16,0.036061153,0.96393883,23
4108,5,1,0.034711782,0.9652882,23
4109,1,9,0.038282562,0.9617174,23
4109,2,2,0.037655856,0.96234417,23
4109,3,8,0.03618337,0.96381664,23
4109,4,16,0.035998087,0.9640019,23
4109,5,29,0.034696467,0.96530354,23
4110,1,9,0.03836423,0.96163577,23
4110,2,2,0.03782372,0.96217626,23
4110,3,8,0.03615878,0.9638412,23
4110,4,16,0.036081932,0.9639181,23
4110,5,1,0.034653544,0.96534646,23
4111,1,9,0.03810712,0.9618929,23
4111,2,2,0.037658006,0.962342,23
4111,3,8,0.036269806,0.9637302,23
4111,4,16,0.036118776,0.96388125,23
4111,5,29,0.03487939,0.9651206,23
4112,1,9,0.03826054,0.9617395,23
4112,2,2,0.037754387,0.9622456,23
4112,3,8,0.036319733,0.96368027,23
4112,4,16,0.036018394,0.9639816,23
4112,5,29,0.03473842,0.9652616,23
4113,1,9,0.03809091,0.9619091,23
4113,2,2,0.037713002,0.962287,23
4113,3,8,0.036317617,0.9636824,23
4113,4,16,0.03597484,0.96402514,23
4113,5,1,0.035133258,0.96486676,23
4114,1,9,0.038059007,0.961941,23
4114,2,2,0.037435777,0.96256423,23
4114,3,16,0.03637904,0.96362096,23
4114,4,8,0.036308657,0.96369135,23
4114,5,29,0.034933265,0.96506673,23
4115,1,9,0.038176917,0.9618231,23
4115,2,2,0.03777871,0.96222126,23
4115,3,8,0.03648111,0.9635189,23
4115,4,16,0.03578982,0.96421015,23
4115,5,1,0.03505461,0.9649454,23
4116,1,9,0.03827135,0.96172863,23
4116,2,2,0.037672333,0.96232766,23
4116,3,8,0.03622215,0.96377784,23
4116,4,16,0.03597017,0.96402985,23
4116,5,29,0.03472345,0.96527654,23
4117,1,9,0.038240544,0.96175945,23
4117,2,2,0.037489068,0.96251094,23
4117,3,8,0.03623883,0.96376115,23
4117,4,16,0.036035318,0.9639647,23
4117,5,29,0.034712702,0.9652873,23
4118,1,9,0.03828586,0.96171415,23
4118,2,2,0.03766707,0.9623329,23
4118,3,8,0.03625709,0.9637429,23
4118,4,16,0.035927482,0.9640725,23
4118,5,1,0.034722146,0.96527785,23
4119,1,9,0.037869588,0.9621304,23
4119,2,2,0.037584014,0.962416,23
4119,3,8,0.036286756,0.9637132,23
4119,4,16,0.0361484,0.9638516,23
4119,5,29,0.035089687,0.9649103,23
4120,1,9,0.038321156,0.96167886,23
4120,2,2,0.037616033,0.962384,23
4120,3,8,0.036301397,0.9636986,23
4120,4,16,0.035857808,0.9641422,23
4120,5,1,0.035074167,0.9649258,23
4121,1,9,0.03817148,0.96182853,23
4121,2,2,0.03770977,0.9622902,23
4121,3,8,0.03615174,0.96384823,23
4121,4,16,0.036062434,0.9639376,23
4121,5,1,0.034856565,0.96514344,23
4122,1,9,0.03839749,0.9616025,23
4122,2,2,0.0376519,0.9623481,23
4122,3,8,0.03612948,0.9638705,23
4122,4,16,0.036077168,0.96392286,23
4122,5,29,0.034541614,0.9654584,23
4123,1,9,0.038619515,0.9613805,23
4123,2,2,0.037772566,0.96222746,23
4123,3,16,0.035932165,0.9640678,23
4123,4,8,0.035909988,0.96409,23
4123,5,18,0.034480292,0.9655197,23
4124,1,9,0.038418613,0.9615814,23
4124,2,2,0.03765152,0.96234846,23
4124,3,8,0.036214918,0.96378505,23
4124,4,16,0.03593008,0.9640699,23
4124,5,1,0.034504216,0.96549577,23
4125,1,9,0.03861849,0.9613815,23
4125,2,2,0.03787005,0.96212995,23
4125,3,16,0.035914235,0.96408576,23
4125,4,8,0.03588983,0.9641102,23
4125,5,18,0.034678772,0.96532124,23
4126,1,9,0.038057774,0.9619422,23
4126,2,2,0.037349794,0.9626502,23
4126,3,16,0.036556453,0.9634435,23
4126,4,8,0.03615349,0.9638465,23
4126,5,29,0.03470897,0.965291,23
4127,1,9,0.03821095,0.9617891,23
4127,2,2,0.0376169,0.9623831,23
4127,3,8,0.036375638,0.96362436,23
4127,4,16,0.0360113,0.9639887,23
4127,5,1,0.03477865,0.96522135,23
4128,1,9,0.038091827,0.96190816,23
4128,2,2,0.037816335,0.96218365,23
4128,3,8,0.036210153,0.9637898,23
4128,4,16,0.035904337,0.96409565,23
4128,5,29,0.03488112,0.9651189,23
4129,1,9,0.03814786,0.96185213,23
4129,2,2,0.03750862,0.9624914,23
4129,3,16,0.03624292,0.9637571,23
4129,4,8,0.036207102,0.9637929,23
4129,5,29,0.03477061,0.9652294,23
4130,1,9,0.037955187,0.96204484,23
4130,2,2,0.03765785,0.96234214,23
4130,3,8,0.03625524,0.96374476,23
4130,4,16,0.036072727,0.96392727,23
4130,5,1,0.03493754,0.96506244,23
4131,1,9,0.03809789,0.96190214,23
4131,2,2,0.037264254,0.9627358,23
4131,3,16,0.03645649,0.96354353,23
4131,4,8,0.03628298,0.96371704,23
4131,5,29,0.034980923,0.9650191,23
4132,1,9,0.038446452,0.9615536,23
4132,2,2,0.03770451,0.9622955,23
4132,3,8,0.03608158,0.96391845,23
4132,4,16,0.035842456,0.9641575,23
4132,5,1,0.03458669,0.96541333,23
4133,1,9,0.03824605,0.96175396,23
4133,2,2,0.03767,0.96233,23
4133,3,8,0.03621018,0.9637898,23
4133,4,16,0.03616797,0.963832,23
4133,5,29,0.03482243,0.9651776,23
4134,1,9,0.038405105,0.9615949,23
4134,2,2,0.037834246,0.9621658,23
4134,3,8,0.036208455,0.96379155,23
4134,4,16,0.03588312,0.9641169,23
4134,5,1,0.034616023,0.965384,23
4135,1,9,0.038237788,0.9617622,23
4135,2,2,0.037973728,0.9620263,23
4135,3,8,0.03620659,0.9637934,23
4135,4,16,0.035939794,0.9640602,23
4135,5,1,0.034760445,0.9652395,23
4136,1,9,0.038362045,0.961638,23
4136,2,2,0.037538424,0.9624616,23
4136,3,8,0.036261853,0.96373814,23
4136,4,16,0.03614044,0.96385956,23
4136,5,29,0.03469988,0.96530014,23
4137,1,9,0.03854789,0.9614521,23
4137,2,2,0.037886135,0.96211386,23
4137,3,8,0.036253884,0.96374613,23
4137,4,16,0.035621155,0.96437883,23
4137,5,1,0.034921903,0.9650781,23
4138,1,9,0.03826005,0.96173996,23
4138,2,2,0.037437543,0.96256244,23
4138,3,8,0.0362608,0.9637392,23
4138,4,16,0.03606779,0.9639322,23
4138,5,29,0.03472748,0.96527255,23
4139,1,9,0.038285,0.961715,23
4139,2,2,0.037472595,0.9625274,23
4139,3,16,0.036169924,0.96383005,23
4139,4,8,0.03608696,0.963913,23
4139,5,29,0.034756754,0.9652432,23
4140,1,9,0.03844098,0.961559,23
4140,2,2,0.03773284,0.96226716,23
4140,3,8,0.036154345,0.9638457,23
4140,4,16,0.035865363,0.96413463,23
4140,5,1,0.034639608,0.9653604,23
4141,1,9,0.03823384,0.9617662,23
4141,2,2,0.037947956,0.96205205,23
4141,3,8,0.036220506,0.9637795,23
4141,4,16,0.035834014,0.964166,23
4141,5,1,0.034906574,0.96509343,23
4142,1,9,0.038343478,0.9616565,23
4142,2,2,0.037475914,0.96252406,23
4142,3,8,0.03634471,0.9636553,23
4142,4,16,0.03607584,0.96392417,23
4142,5,29,0.03477878,0.9652212,23
4143,1,9,0.03815509,0.9618449,23
4143,2,2,0.037710976,0.96228904,23
4143,3,8,0.036371853,0.9636282,23
4143,4,16,0.036013074,0.96398693,23
4143,5,29,0.034825034,0.965175,23
4144,1,9,0.03802764,0.96197236,23
4144,2,2,0.037470113,0.9625299,23
4144,3,8,0.036231186,0.96376884,23
4144,4,16,0.03617128,0.96382874,23
4144,5,29,0.034924686,0.9650753,23
4145,1,9,0.0384119,0.9615881,23
4145,2,2,0.037768763,0.9622312,23
4145,3,8,0.036217123,0.9637829,23
4145,4,16,0.036012698,0.9639873,23
4145,5,1,0.03469055,0.96530944,23
4146,1,9,0.038067676,0.9619323,23
4146,2,2,0.03725082,0.9627492,23
4146,3,16,0.03649662,0.96350336,23
4146,4,8,0.0360204,0.9639796,23
4146,5,29,0.034833256,0.96516675,23
4147,1,9,0.03832684,0.96167314,23
4147,2,2,0.037560876,0.9624391,23
4147,3,8,0.03626274,0.96373725,23
4147,4,16,0.035951037,0.964049,23
4147,5,1,0.03477102,0.965229,23
4148,1,9,0.038202807,0.9617972,23
4148,2,2,0.037384734,0.96261525,23
4148,3,16,0.03628799,0.96371204,23
4148,4,8,0.03614861,0.9638514,23
4148,5,29,0.034885943,0.96511406,23
4149,1,9,0.038354304,0.9616457,23
4149,2,2,0.03760061,0.96239936,23
4149,3,8,0.03623116,0.96376884,23
4149,4,16,0.035916135,0.96408385,23
4149,5,1,0.034762558,0.96523744,23
4150,1,9,0.038218677,0.9617813,23
4150,2,2,0.037896752,0.96210325,23
4150,3,8,0.03617874,0.96382123,23
4150,4,16,0.035907324,0.9640927,23
4150,5,1,0.03483612,0.9651639,23
4151,1,9,0.03812611,0.9618739,23
4151,2,2,0.037802577,0.9621974,23
4151,3,8,0.036358476,0.9636415,23
4151,4,16,0.035958644,0.96404135,23
4151,5,29,0.034883566,0.96511644,23
4152,1,9,0.038215023,0.96178496,23
4152,2,2,0.037466962,0.96253306,23
4152,3,16,0.03632305,0.9636769,23
4152,4,8,0.03600324,0.96399677,23
4152,5,29,0.03498843,0.9650116,23
4153,1,9,0.038434945,0.9615651,23
4153,2,2,0.037577096,0.9624229,23
4153,3,8,0.036299255,0.9637008,23
4153,4,16,0.035937093,0.9640629,23
4153,5,29,0.034657426,0.9653426,23
4154,1,9,0.038188267,0.9618117,23
4154,2,2,0.037886303,0.9621137,23
4154,3,8,0.036212068,0.9637879,23
4154,4,16,0.03592518,0.96407485,23
4154,5,1,0.034715172,0.9652848,23
4155,1,9,0.038295176,0.96170485,23
4155,2,2,0.03788629,0.96211374,23
4155,3,8,0.036288854,0.96371114,23
4155,4,16,0.03578575,0.96421427,23
4155,5,1,0.03512186,0.96487814,23
4156,1,9,0.038315084,0.96168494,23
4156,2,2,0.037412804,0.9625872,23
4156,3,8,0.036402874,0.9635971,23
4156,4,16,0.03607524,0.96392477,23
4156,5,1,0.034800913,0.9651991,23
4157,1,9,0.03827457,0.9617254,23
4157,2,2,0.037768476,0.9622315,23
4157,3,8,0.03626121,0.9637388,23
4157,4,16,0.03597613,0.9640239,23
4157,5,29,0.03474263,0.96525735,23
4158,1,9,0.03817856,0.96182144,23
4158,2,2,0.0373252,0.9626748,23
4158,3,8,0.03644385,0.9635562,23
4158,4,16,0.036275074,0.9637249,23
4158,5,29,0.03490722,0.9650928,23
4159,1,9,0.03811566,0.9618843,23
4159,2,2,0.037308622,0.96269137,23
4159,3,16,0.03649937,0.9635006,23
4159,4,8,0.036261726,0.96373826,23
4159,5,29,0.034765813,0.96523416,23
4160,1,9,0.038340107,0.9616599,23
4160,2,2,0.037717693,0.9622823,23
4160,3,8,0.03619477,0.9638052,23
4160,4,16,0.036015514,0.9639845,23
4160,5,1,0.034732472,0.96526754,23
4161,1,9,0.038084246,0.96191573,23
4161,2,2,0.037483383,0.9625166,23
4161,3,16,0.03634537,0.96365464,23
4161,4,8,0.03611252,0.96388745,23
4161,5,29,0.03473928,0.96526074,23
4162,1,9,0.037998844,0.96200114,23
4162,2,2,0.03751799,0.96248204,23
4162,3,16,0.03629148,0.9637085,23
4162,4,8,0.036192648,0.96380734,23
4162,5,29,0.034965932,0.96503407,23
4163,1,9,0.038394768,0.96160525,23
4163,2,2,0.037851967,0.962148,23
4163,3,8,0.036226958,0.963773,23
4163,4,16,0.035753448,0.9642466,23
4163,5,1,0.03504322,0.96495676,23
4164,1,9,0.038187698,0.9618123,23
4164,2,2,0.03775847,0.96224153,23
4164,3,8,0.03638399,0.963616,23
4164,4,16,0.03587593,0.9641241,23
4164,5,1,0.034837257,0.96516275,23
4165,1,9,0.037995245,0.9620048,23
4165,2,2,0.037587687,0.9624123,23
4165,3,8,0.03634195,0.96365803,23
4165,4,16,0.03605037,0.9639496,23
4165,5,29,0.034877833,0.96512216,23
4166,1,9,0.037942197,0.9620578,23
4166,2,2,0.03764578,0.96235424,23
4166,3,8,0.03644563,0.9635544,23
4166,4,16,0.036176503,0.9638235,23
4166,5,29,0.035085827,0.9649142,23
4167,1,9,0.038419753,0.9615803,23
4167,2,2,0.03779143,0.96220857,23
4167,3,8,0.0361991,0.9638009,23
4167,4,16,0.03589421,0.9641058,23
4167,5,1,0.034601986,0.965398,23
4168,1,9,0.038197342,0.96180266,23
4168,2,2,0.037801664,0.9621983,23
4168,3,8,0.03624808,0.9637519,23
4168,4,16,0.035974625,0.9640254,23
4168,5,29,0.034860972,0.96513903,23
4169,1,9,0.038112763,0.96188724,23
4169,2,2,0.037676264,0.9623237,23
4169,3,16,0.03616888,0.9638311,23
4169,4,8,0.036070205,0.9639298,23
4169,5,29,0.034844127,0.9651559,23
4170,1,9,0.038143426,0.9618566,23
4170,2,2,0.037628405,0.9623716,23
4170,3,8,0.03626843,0.9637316,23
4170,4,16,0.036201794,0.9637982,23
4170,5,29,0.0347646,0.9652354,23
4171,1,9,0.03800121,0.9619988,23
4171,2,2,0.037583727,0.9624163,23
4171,3,8,0.03628156,0.9637184,23
4171,4,16,0.03617672,0.96382326,23
4171,5,29,0.03479343,0.96520656,23
4172,1,9,0.038183957,0.9618161,23
4172,2,2,0.037410546,0.96258944,23
4172,3,16,0.036302548,0.96369743,23
4172,4,8,0.036260758,0.9637392,23
4172,5,29,0.034897882,0.96510214,23
4173,1,9,0.03822849,0.9617715,23
4173,2,2,0.03776594,0.9622341,23
4173,3,8,0.03617868,0.9638213,23
4173,4,16,0.035985116,0.9640149,23
4173,5,1,0.034706663,0.96529335,23
4174,1,9,0.038431406,0.9615686,23
4174,2,2,0.037732683,0.96226734,23
4174,3,8,0.036226258,0.9637737,23
4174,4,16,0.035803836,0.96419615,23
4174,5,1,0.034902107,0.9650979,23
4175,1,9,0.038125064,0.96187496,23
4175,2,2,0.037778415,0.96222156,23
4175,3,8,0.03624519,0.96375483,23
4175,4,16,0.036082055,0.963918,23
4175,5,29,0.03484597,0.96515405,23
4176,1,9,0.038023572,0.9619764,23
4176,2,2,0.03775564,0.9622444,23
4176,3,8,0.03631581,0.9636842,23
4176,4,16,0.03604067,0.96395934,23
4176,5,1,0.034896325,0.9651037,23
4177,1,9,0.038165122,0.9618349,23
4177,2,2,0.037700627,0.96229935,23
4177,3,8,0.036270835,0.96372914,23
4177,4,16,0.035925657,0.9640744,23
4177,5,1,0.03487311,0.9651269,23
4178,1,9,0.038224842,0.9617752,23
4178,2,2,0.037505038,0.96249497,23
4178,3,8,0.036260467,0.9637395,23
4178,4,16,0.036017712,0.9639823,23
4178,5,1,0.034819543,0.96518046,23
4179,1,9,0.038355727,0.9616443,23
4179,2,2,0.037603855,0.96239614,23
4179,3,8,0.036240187,0.96375984,23
4179,4,16,0.03604822,0.96395177,23
4179,5,29,0.034659117,0.96534085,23
4180,1,9,0.03848107,0.96151894,23
4180,2,2,0.03778925,0.9622108,23
4180,3,8,0.03613338,0.9638666,23
4180,4,16,0.035961393,0.9640386,23
4180,5,1,0.034580834,0.9654192,23
4181,1,9,0.038126353,0.96187365,23
4181,2,2,0.037715062,0.9622849,23
4181,3,8,0.036246344,0.96375364,23
4181,4,16,0.036047596,0.9639524,23
4181,5,29,0.034741286,0.9652587,23
4182,1,9,0.03810898,0.961891,23
4182,2,2,0.03771576,0.96228427,23
4182,3,8,0.03639014,0.9636099,23
4182,4,16,0.035961967,0.964038,23
4182,5,29,0.034739602,0.9652604,23
4183,1,9,0.038321488,0.9616785,23
4183,2,2,0.0374974,0.9625026,23
4183,3,8,0.03642685,0.96357316,23
4183,4,16,0.035959397,0.9640406,23
4183,5,1,0.035023026,0.96497697,23
4184,1,9,0.038285043,0.961715,23
4184,2,2,0.037541755,0.96245825,23
4184,3,16,0.036208894,0.96379113,23
4184,4,8,0.03608847,0.96391153,23
4184,5,29,0.03470388,0.96529615,23
4185,1,9,0.038210526,0.9617895,23
4185,2,2,0.037338138,0.96266186,23
4185,3,16,0.036496535,0.9635035,23
4185,4,8,0.035969578,0.96403044,23
4185,5,29,0.034900013,0.9651,23
4186,1,9,0.038140416,0.9618596,23
4186,2,2,0.037332665,0.96266735,23
4186,3,8,0.036315914,0.9636841,23
4186,4,16,0.03622869,0.9637713,23
4186,5,29,0.034861017,0.965139,23
4187,1,9,0.038315907,0.9616841,23
4187,2,2,0.037842955,0.9621571,23
4187,3,8,0.036268666,0.96373135,23
4187,4,16,0.035945144,0.9640549,23
4187,5,1,0.034794006,0.96520597,23
4188,1,9,0.038168337,0.9618317,23
4188,2,2,0.037540317,0.9624597,23
4188,3,16,0.036280803,0.9637192,23
4188,4,8,0.035986565,0.96401346,23
4188,5,29,0.03482859,0.9651714,23
4189,1,9,0.03827057,0.9617294,23
4189,2,2,0.03729762,0.9627024,23
4189,3,8,0.036376923,0.96362305,23
4189,4,16,0.035916068,0.9640839,23
4189,5,1,0.03499389,0.9650061,23
4190,1,9,0.038072117,0.9619279,23
4190,2,2,0.03773897,0.962261,23
4190,3,8,0.03645316,0.9635468,23
4190,4,16,0.035818428,0.96418154,23
4190,5,1,0.03517191,0.9648281,23
4191,1,9,0.038149696,0.9618503,23
4191,2,2,0.037501734,0.96249825,23
4191,3,16,0.036255084,0.96374494,23
4191,4,8,0.036250487,0.9637495,23
4191,5,29,0.034841124,0.9651589,23
4192,1,9,0.038092144,0.96190786,23
4192,2,2,0.03766013,0.9623399,23
4192,3,16,0.036232106,0.9637679,23
4192,4,8,0.036186006,0.963814,23
4192,5,29,0.034751974,0.96524805,23
4193,1,9,0.03803286,0.9619671,23
4193,2,2,0.03743666,0.96256334,23
4193,3,16,0.036335785,0.96366423,23
4193,4,8,0.036326908,0.9636731,23
4193,5,29,0.03484777,0.9651522,23
4194,1,9,0.038062725,0.96193725,23
4194,2,2,0.037711903,0.9622881,23
4194,3,8,0.03625448,0.96374553,23
4194,4,16,0.03602445,0.96397555,23
4194,5,1,0.034794267,0.9652057,23
4195,1,9,0.038014643,0.96198535,23
4195,2,2,0.037749186,0.9622508,23
4195,3,8,0.036375806,0.9636242,23
4195,4,16,0.035958163,0.9640418,23
4195,5,1,0.034933843,0.96506613,23
4196,1,9,0.038170785,0.9618292,23
4196,2,2,0.037648145,0.96235186,23
4196,3,8,0.03629454,0.9637055,23
4196,4,16,0.03621267,0.9637873,23
4196,5,29,0.03478897,0.96521103,23
4197,1,9,0.038083635,0.9619164,23
4197,2,2,0.03729857,0.96270144,23
4197,3,16,0.036472484,0.9635275,23
4197,4,8,0.036100965,0.963899,23
4197,5,1,0.03483479,0.9651652,23
4198,1,9,0.03800697,0.96199304,23
4198,2,2,0.037585117,0.96241486,23
4198,3,8,0.036321804,0.9636782,23
4198,4,16,0.036127634,0.9638724,23
4198,5,29,0.0349004,0.9650996,23
4199,1,9,0.038415805,0.9615842,23
4199,2,2,0.037724957,0.962275,23
4199,3,8,0.03640533,0.9635947,23
4199,4,16,0.035814606,0.9641854,23
4199,5,1,0.034884255,0.9651157,23
4200,1,9,0.03810256,0.96189743,23
4200,2,2,0.03762435,0.96237564,23
4200,3,8,0.036387037,0.963613,23
4200,4,16,0.035993867,0.9640061,23
4200,5,29,0.034774005,0.965226,23
4201,1,9,0.03844575,0.9615542,23
4201,2,2,0.037874907,0.96212506,23
4201,3,8,0.03613586,0.96386415,23
4201,4,16,0.03594184,0.96405816,23
4201,5,1,0.03457312,0.96542686,23
4202,1,9,0.03811508,0.9618849,23
4202,2,2,0.037477925,0.9625221,23
4202,3,8,0.036404442,0.96359557,23
4202,4,16,0.03614458,0.96385545,23
4202,5,29,0.03499742,0.9650026,23
4203,1,9,0.038053427,0.96194655,23
4203,2,2,0.037524123,0.9624759,23
4203,3,16,0.036402762,0.96359724,23
4203,4,8,0.03608956,0.96391046,23
4203,5,29,0.034814324,0.9651857,23
4204,1,9,0.038448457,0.96155155,23
4204,2,2,0.037780587,0.9622194,23
4204,3,8,0.036301922,0.9636981,23
4204,4,16,0.0358294,0.9641706,23
4204,5,1,0.03480762,0.9651924,23
4205,1,9,0.03817499,0.961825,23
4205,2,2,0.037598636,0.9624014,23
4205,3,8,0.03637584,0.9636242,23
4205,4,16,0.03611584,0.9638842,23
4205,5,29,0.034895852,0.96510416,23
4206,1,9,0.038156867,0.96184313,23
4206,2,2,0.037492145,0.96250784,23
4206,3,8,0.036301777,0.9636982,23
4206,4,16,0.03614324,0.96385676,23
4206,5,29,0.034826037,0.96517396,23
4207,1,9,0.03803202,0.961968,23
4207,2,2,0.037426516,0.96257347,23
4207,3,16,0.036387097,0.9636129,23
4207,4,8,0.036221813,0.9637782,23
4207,5,29,0.03477711,0.9652229,23
4208,1,9,0.038116448,0.96188354,23
4208,2,2,0.0376705,0.9623295,23
4208,3,16,0.036213078,0.9637869,23
4208,4,8,0.036161058,0.96383893,23
4208,5,29,0.034838185,0.9651618,23
4209,1,9,0.03831516,0.9616848,23
4209,2,2,0.03768221,0.96231776,23
4209,3,8,0.03631655,0.9636834,23
4209,4,16,0.03596404,0.964036,23
4209,5,1,0.03468443,0.9653156,23
4210,1,9,0.038277287,0.96172273,23
4210,2,2,0.037512954,0.96248704,23
4210,3,8,0.03635167,0.9636483,23
4210,4,16,0.03613353,0.9638665,23
4210,5,29,0.03483123,0.9651688,23
4211,1,9,0.03847081,0.9615292,23
4211,2,2,0.037513603,0.9624864,23
4211,3,8,0.036251064,0.96374893,23
4211,4,16,0.036001496,0.9639985,23
4211,5,1,0.03474211,0.9652579,23
4212,1,9,0.038158298,0.9618417,23
4212,2,2,0.03751873,0.96248126,23
4212,3,16,0.036167137,0.96383286,23
4212,4,8,0.036166433,0.9638336,23
4212,5,29,0.0348205,0.9651795,23
4213,1,9,0.03824637,0.9617536,23
4213,2,2,0.03775763,0.96224236,23
4213,3,8,0.036111902,0.9638881,23
4213,4,16,0.035989366,0.96401066,23
4213,5,29,0.034800902,0.9651991,23
4214,1,9,0.038259394,0.9617406,23
4214,2,2,0.037421897,0.9625781,23
4214,3,8,0.036462788,0.9635372,23
4214,4,16,0.035937663,0.96406233,23
4214,5,29,0.034813344,0.96518666,23
4215,1,9,0.0381095,0.9618905,23
4215,2,2,0.03768326,0.96231675,23
4215,3,8,0.036276296,0.9637237,23
4215,4,16,0.036103312,0.9638967,23
4215,5,29,0.0349021,0.9650979,23
4216,1,9,0.03831125,0.96168876,23
4216,2,2,0.03761883,0.9623812,23
4216,3,8,0.036345664,0.96365434,23
4216,4,16,0.035959397,0.9640406,23
4216,5,1,0.0346541,0.9653459,23
4217,1,9,0.038193036,0.96180695,23
4217,2,2,0.03786432,0.9621357,23
4217,3,8,0.03625663,0.9637434,23
4217,4,16,0.035974063,0.9640259,23
4217,5,1,0.034736846,0.9652631,23
4218,1,9,0.038393877,0.96160614,23
4218,2,2,0.037636485,0.96236354,23
4218,3,8,0.03609599,0.963904,23
4218,4,16,0.03606831,0.9639317,23
4218,5,29,0.03462264,0.96537733,23
4219,1,9,0.038093287,0.96190673,23
4219,2,2,0.037585024,0.962415,23
4219,3,16,0.036251094,0.96374893,23
4219,4,8,0.036194213,0.9638058,23
4219,5,29,0.034827102,0.9651729,23
4220,1,9,0.03848273,0.9615173,23
4220,2,2,0.03773662,0.9622634,23
4220,3,8,0.036164653,0.96383536,23
4220,4,16,0.03585018,0.96414983,23
4220,5,1,0.03463413,0.9653659,23
4221,1,9,0.03820045,0.96179956,23
4221,2,2,0.037472613,0.9625274,23
4221,3,8,0.036332596,0.9636674,23
4221,4,16,0.036041554,0.96395844,23
4221,5,29,0.034872133,0.9651279,23
4222,1,9,0.038112156,0.96188784,23
4222,2,2,0.03775745,0.96224254,23
4222,3,8,0.036211375,0.9637886,23
4222,4,16,0.036102913,0.9638971,23
4222,5,29,0.034794714,0.9652053,23
4223,1,9,0.038242098,0.9617579,23
4223,2,2,0.037380867,0.9626191,23
4223,3,8,0.036380567,0.9636194,23
4223,4,16,0.035988152,0.96401185,23
4223,5,29,0.03487548,0.96512455,23
4224,1,9,0.038231168,0.9617688,23
4224,2,2,0.03787541,0.9621246,23
4224,3,8,0.036327265,0.96367276,23
4224,4,16,0.03598849,0.9640115,23
4224,5,1,0.03484175,0.9651582,23
4225,1,9,0.037905347,0.96209466,23
4225,2,2,0.037513003,0.962487,23
4225,3,8,0.03633678,0.9636632,23
4225,4,16,0.036162514,0.9638375,23
4225,5,29,0.034948036,0.96505195,23
4226,1,9,0.03816627,0.9618337,23
4226,2,2,0.037569705,0.9624303,23
4226,3,8,0.03632044,0.96367955,23
4226,4,16,0.0361133,0.9638867,23
4226,5,29,0.03482288,0.9651771,23
4227,1,9,0.038111284,0.96188873,23
4227,2,2,0.03777423,0.9622258,23
4227,3,8,0.036388725,0.96361125,23
4227,4,16,0.036074657,0.96392536,23
4227,5,29,0.034881696,0.9651183,23
4228,1,9,0.037951443,0.96204853,23
4228,2,2,0.037416544,0.9625835,23
4228,3,8,0.036320746,0.96367925,23
4228,4,16,0.036265083,0.9637349,23
4228,5,29,0.03498228,0.96501774,23
4229,1,9,0.038143963,0.961856,23
4229,2,2,0.037744686,0.9622553,23
4229,3,8,0.03644322,0.96355677,23
4229,4,16,0.035889257,0.96411073,23
4229,5,29,0.034856837,0.96514314,23
4230,1,9,0.03837778,0.96162224,23
4230,2,2,0.037429743,0.96257025,23
4230,3,16,0.03622696,0.963773,23
4230,4,8,0.036143243,0.96385676,23
4230,5,29,0.034891173,0.9651088,23
4231,1,9,0.03812023,0.9618798,23
4231,2,2,0.037312273,0.96268773,23
4231,3,8,0.03641997,0.96358,23
4231,4,16,0.036207426,0.96379256,23
4231,5,29,0.034996204,0.9650038,23
4232,1,9,0.03834327,0.96165675,23
4232,2,2,0.037801087,0.9621989,23
4232,3,8,0.03621729,0.9637827,23
4232,4,16,0.035934903,0.9640651,23
4232,5,1,0.03458818,0.96541184,23
4233,1,9,0.038255095,0.9617449,23
4233,2,2,0.037697203,0.9623028,23
4233,3,8,0.03605723,0.96394277,23
4233,4,16,0.035945226,0.96405476,23
4233,5,29,0.03465848,0.9653415,23
4234,1,9,0.03826726,0.96173275,23
4234,2,2,0.037454057,0.96254593,23
4234,3,16,0.03622416,0.9637758,23
4234,4,8,0.036172803,0.9638272,23
4234,5,29,0.034729145,0.9652709,23
4235,1,9,0.038052257,0.96194774,23
4235,2,2,0.03757369,0.9624263,23
4235,3,16,0.03624291,0.9637571,23
4235,4,8,0.036028735,0.96397126,23
4235,5,1,0.03465575,0.96534425,23
4236,1,9,0.037960436,0.9620396,23
4236,2,2,0.037603736,0.96239626,23
4236,3,16,0.03628258,0.9637174,23
4236,4,8,0.0360094,0.96399057,23
4236,5,1,0.03485465,0.96514535,23
4237,1,9,0.038314365,0.96168566,23
4237,2,2,0.037734225,0.9622658,23
4237,3,8,0.036096275,0.9639037,23
4237,4,16,0.03592089,0.96407914,23
4237,5,29,0.034660406,0.9653396,23
4238,1,9,0.03846539,0.9615346,23
4238,2,2,0.03747225,0.96252775,23
4238,3,8,0.036213025,0.96378696,23
4238,4,16,0.03607958,0.9639204,23
4238,5,29,0.034751993,0.965248,23
4239,1,9,0.038566157,0.9614338,23
4239,2,2,0.037583787,0.96241623,23
4239,3,8,0.036097303,0.9639027,23
4239,4,16,0.036023967,0.963976,23
4239,5,29,0.034662735,0.9653373,23
4240,1,9,0.038129054,0.96187097,23
4240,2,2,0.037623808,0.9623762,23
4240,3,16,0.03620747,0.9637925,23
4240,4,8,0.036162663,0.9638373,23
4240,5,1,0.034674115,0.9653259,23
4241,1,9,0.0380151,0.9619849,23
4241,2,2,0.037595216,0.9624048,23
4241,3,8,0.036238074,0.9637619,23
4241,4,16,0.036204416,0.9637956,23
4241,5,29,0.034876548,0.9651235,23
4242,1,9,0.038412735,0.96158725,23
4242,2,2,0.03743513,0.9625649,23
4242,3,16,0.036092542,0.9639075,23
4242,4,8,0.036078665,0.9639213,23
4242,5,29,0.03468146,0.96531856,23
4243,1,9,0.037928026,0.96207196,23
4243,2,2,0.037742198,0.9622578,23
4243,3,8,0.03615217,0.9638478,23
4243,4,16,0.0361194,0.9638806,23
4243,5,29,0.035101857,0.96489817,23
4244,1,9,0.038516104,0.9614839,23
4244,2,2,0.0378346,0.9621654,23
4244,3,8,0.03632434,0.9636757,23
4244,4,16,0.035664063,0.9643359,23
4244,5,1,0.034964796,0.9650352,23
4245,1,9,0.038153265,0.9618467,23
4245,2,2,0.03734912,0.9626509,23
4245,3,8,0.03633227,0.96366775,23
4245,4,16,0.03619398,0.96380603,23
4245,5,29,0.034772977,0.965227,23
4246,1,9,0.03801798,0.961982,23
4246,2,2,0.03772357,0.96227646,23
4246,3,8,0.03644969,0.9635503,23
4246,4,16,0.036160354,0.96383965,23
4246,5,1,0.034813147,0.96518683,23
4247,1,9,0.03815929,0.9618407,23
4247,2,2,0.037390593,0.9626094,23
4247,3,16,0.036198847,0.96380115,23
4247,4,8,0.03612471,0.9638753,23
4247,5,29,0.03480208,0.9651979,23
4248,1,9,0.03797894,0.96202105,23
4248,2,2,0.037605446,0.96239454,23
4248,3,8,0.036278952,0.96372104,23
4248,4,16,0.03608848,0.96391153,23
4248,5,29,0.03499647,0.96500355,23
4249,1,9,0.038232584,0.96176744,23
4249,2,2,0.0374554,0.9625446,23
4249,3,8,0.036428314,0.96357167,23
4249,4,16,0.036146685,0.9638533,23
4249,5,1,0.034860775,0.9651392,23
4250,1,9,0.03848816,0.96151185,23
4250,2,2,0.037404023,0.962596,23
4250,3,8,0.036215555,0.96378446,23
4250,4,16,0.03614952,0.9638505,23
4250,5,29,0.034741122,0.9652589,23
4251,1,9,0.038030885,0.96196914,23
4251,2,2,0.037266277,0.96273375,23
4251,3,16,0.03635301,0.963647,23
4251,4,8,0.03633213,0.96366787,23
4251,5,29,0.035128526,0.96487147,23
4252,1,9,0.038169116,0.96183085,23
4252,2,2,0.037604835,0.9623952,23
4252,3,8,0.036198985,0.963801,23
4252,4,16,0.036094297,0.9639057,23
4252,5,1,0.03471491,0.96528506,23
4253,1,9,0.038100615,0.9618994,23
4253,2,2,0.03763376,0.9623662,23
4253,3,16,0.036166683,0.96383333,23
4253,4,8,0.036149867,0.96385014,23
4253,5,29,0.034754857,0.9652451,23
4254,1,9,0.038333416,0.9616666,23
4254,2,2,0.037619684,0.9623803,23
4254,3,8,0.036241375,0.96375865,23
4254,4,16,0.03607277,0.9639272,23
4254,5,1,0.034801662,0.96519834,23
4255,1,9,0.03879621,0.9612038,23
4255,2,2,0.037871126,0.9621289,23
4255,3,16,0.0358954,0.9641046,23
4255,4,8,0.03572539,0.9642746,23
4255,5,18,0.034893923,0.96510607,23
4256,1,9,0.038291294,0.9617087,23
4256,2,2,0.037867524,0.96213245,23
4256,3,8,0.036205996,0.963794,23
4256,4,16,0.03592384,0.96407616,23
4256,5,1,0.03464633,0.96535367,23
4257,1,9,0.038055062,0.96194494,23
4257,2,2,0.03786819,0.9621318,23
4257,3,8,0.036155183,0.96384484,23
4257,4,16,0.03601486,0.96398515,23
4257,5,1,0.034709923,0.96529007,23
4258,1,9,0.038273506,0.9617265,23
4258,2,2,0.03774023,0.96225977,23
4258,3,8,0.036051676,0.9639483,23
4258,4,16,0.03605009,0.9639499,23
4258,5,29,0.03465783,0.96534216,23
4259,1,9,0.03838434,0.9616157,23
4259,2,2,0.0378557,0.9621443,23
4259,3,8,0.036228936,0.96377105,23
4259,4,16,0.035814155,0.96418583,23
4259,5,1,0.034702063,0.96529794,23
4260,1,9,0.03818084,0.9618192,23
4260,2,2,0.037466086,0.9625339,23
4260,3,16,0.03622537,0.9637746,23
4260,4,8,0.035992876,0.96400714,23
4260,5,29,0.03476729,0.96523273,23
4261,1,9,0.03815211,0.9618479,23
4261,2,2,0.037419796,0.9625802,23
4261,3,8,0.03637988,0.9636201,23
4261,4,16,0.036043555,0.9639565,23
4261,5,29,0.034872524,0.96512747,23
4262,1,9,0.038125984,0.961874,23
4262,2,2,0.03763524,0.96236473,23
4262,3,8,0.03630189,0.9636981,23
4262,4,16,0.03603291,0.9639671,23
4262,5,1,0.034937225,0.9650628,23
4263,1,9,0.03810001,0.9619,23
4263,2,2,0.037402302,0.9625977,23
4263,3,16,0.036671598,0.9633284,23
4263,4,8,0.036202338,0.9637977,23
4263,5,29,0.035026655,0.96497333,23
4264,1,9,0.038315758,0.9616842,23
4264,2,2,0.037682276,0.9623177,23
4264,3,8,0.036272824,0.9637272,23
4264,4,16,0.035923604,0.9640764,23
4264,5,1,0.034671437,0.9653286,23
4265,1,9,0.03808736,0.96191263,23
4265,2,2,0.037802547,0.9621974,23
4265,3,8,0.03633198,0.963668,23
4265,4,16,0.035847276,0.9641527,23
4265,5,29,0.03482677,0.96517324,23
4266,1,9,0.03822697,0.96177304,23
4266,2,2,0.037492227,0.9625078,23
4266,3,8,0.03622198,0.963778,23
4266,4,16,0.036191016,0.963809,23
4266,5,1,0.034776524,0.9652235,23
4267,1,9,0.03799238,0.96200764,23
4267,2,2,0.03735402,0.962646,23
4267,3,8,0.036281884,0.9637181,23
4267,4,16,0.036217652,0.96378237,23
4267,5,29,0.035013665,0.9649863,23
4268,1,9,0.038130153,0.96186984,23
4268,2,2,0.038055494,0.9619445,23
4268,3,8,0.036338635,0.9636614,23
4268,4,16,0.03564439,0.9643556,23
4268,5,1,0.035172418,0.9648276,23
4269,1,9,0.037956364,0.96204364,23
4269,2,2,0.037356783,0.9626432,23
4269,3,16,0.036429398,0.9635706,23
4269,4,8,0.03636528,0.9636347,23
4269,5,29,0.034920547,0.9650794,23
4270,1,9,0.03850276,0.96149725,23
4270,2,2,0.03790629,0.9620937,23
4270,3,8,0.03617719,0.96382284,23
4270,4,16,0.03575514,0.96424484,23
4270,5,29,0.034550965,0.96544904,23
4271,1,9,0.038214516,0.9617855,23
4271,2,2,0.037650727,0.9623493,23
4271,3,8,0.036347296,0.96365273,23
4271,4,16,0.03598517,0.9640148,23
4271,5,29,0.034710452,0.96528953,23
4272,1,9,0.038403288,0.9615967,23
4272,2,2,0.0375061,0.9624939,23
4272,3,8,0.03620011,0.9637999,23
4272,4,16,0.036052804,0.9639472,23
4272,5,29,0.034821842,0.96517813,23
4273,1,9,0.03817838,0.9618216,23
4273,2,2,0.03757416,0.9624258,23
4273,3,8,0.03623865,0.9637613,23
4273,4,16,0.036070097,0.9639299,23
4273,5,29,0.034759376,0.9652406,23
4274,1,9,0.038045034,0.96195495,23
4274,2,2,0.037569202,0.9624308,23
4274,3,8,0.036377,0.963623,23
4274,4,16,0.03613232,0.96386766,23
4274,5,29,0.034960523,0.9650395,23
4275,1,9,0.037888695,0.9621113,23
4275,2,2,0.0374956,0.9625044,23
4275,3,8,0.036547128,0.9634529,23
4275,4,16,0.036085695,0.9639143,23
4275,5,29,0.035069197,0.9649308,23
4276,1,9,0.0383829,0.9616171,23
4276,2,2,0.03725331,0.9627467,23
4276,3,8,0.036415383,0.9635846,23
4276,4,16,0.036071815,0.96392816,23
4276,5,29,0.03484928,0.9651507,23
4277,1,9,0.038000375,0.96199965,23
4277,2,2,0.037469935,0.9625301,23
4277,3,16,0.03654271,0.9634573,23
4277,4,8,0.03612964,0.96387035,23
4277,5,29,0.034799017,0.96520096,23
4278,1,9,0.03803404,0.961966,23
4278,2,2,0.037566263,0.96243376,23
4278,3,16,0.036245603,0.9637544,23
4278,4,8,0.03616788,0.96383214,23
4278,5,29,0.03478314,0.9652169,23
4279,1,9,0.03796993,0.96203005,23
4279,2,2,0.037496813,0.9625032,23
4279,3,8,0.03640843,0.9635916,23
4279,4,16,0.036099304,0.9639007,23
4279,5,1,0.034979146,0.96502084,23
4280,1,9,0.038194895,0.9618051,23
4280,2,2,0.03772111,0.9622789,23
4280,3,8,0.03645098,0.963549,23
4280,4,16,0.035863742,0.96413624,23
4280,5,1,0.03521401,0.964786,23
4281,1,9,0.038310047,0.96168995,23
4281,2,2,0.037977118,0.9620229,23
4281,3,8,0.036255162,0.9637448,23
4281,4,16,0.0357984,0.96420157,23
4281,5,1,0.034787107,0.9652129,23
4282,1,9,0.03832838,0.9616716,23
4282,2,2,0.03781538,0.9621846,23
4282,3,8,0.036003746,0.96399623,23
4282,4,16,0.035863552,0.9641364,23
4282,5,29,0.034665383,0.9653346,23
4283,1,9,0.038631715,0.96136826,23
4283,2,2,0.0377573,0.9622427,23
4283,3,8,0.036144003,0.963856,23
4283,4,16,0.03598909,0.9640109,23
4283,5,1,0.034558147,0.9654418,23
4284,1,9,0.038203426,0.9617966,23
4284,2,2,0.037936997,0.962063,23
4284,3,16,0.036026534,0.96397346,23
4284,4,8,0.03582134,0.9641787,23
4284,5,29,0.034731433,0.96526855,23
4285,1,9,0.03801934,0.96198064,23
4285,2,2,0.037442304,0.9625577,23
4285,3,16,0.036324624,0.9636754,23
4285,4,8,0.036178276,0.9638217,23
4285,5,29,0.034911048,0.96508896,23
4286,1,9,0.03811284,0.9618872,23
4286,2,2,0.037589047,0.9624109,23
4286,3,16,0.03625859,0.9637414,23
4286,4,8,0.036165886,0.9638341,23
4286,5,29,0.03475658,0.9652434,23
4287,1,9,0.038130473,0.96186954,23
4287,2,2,0.03752782,0.9624722,23
4287,3,16,0.03617127,0.96382874,23
4287,4,8,0.03616037,0.96383965,23
4287,5,29,0.034789916,0.9652101,23
4288,1,9,0.03806123,0.96193874,23
4288,2,2,0.037597213,0.96240276,23
4288,3,8,0.036194514,0.9638055,23
4288,4,16,0.03616969,0.9638303,23
4288,5,29,0.034934964,0.96506506,23
4289,1,9,0.038381156,0.96161884,23
4289,2,2,0.03746444,0.96253556,23
4289,3,16,0.036188707,0.9638113,23
4289,4,8,0.036146026,0.96385396,23
4289,5,29,0.03468474,0.9653153,23
4290,1,9,0.038056403,0.9619436,23
4290,2,2,0.037684154,0.96231586,23
4290,3,8,0.036356393,0.9636436,23
4290,4,16,0.03613039,0.96386963,23
4290,5,29,0.03478256,0.9652175,23
4291,1,9,0.03832388,0.9616761,23
4291,2,2,0.03779808,0.9622019,23
4291,3,8,0.03637912,0.9636209,23
4291,4,16,0.03570889,0.9642911,23
4291,5,1,0.0350446,0.9649554,23
4292,1,9,0.038065877,0.96193415,23
4292,2,2,0.037456032,0.96254396,23
4292,3,8,0.0362636,0.9637364,23
4292,4,16,0.036172908,0.9638271,23
4292,5,29,0.034863364,0.96513665,23
4293,1,9,0.038258888,0.9617411,23
4293,2,2,0.037167475,0.9628325,23
4293,3,16,0.03635366,0.96364635,23
4293,4,8,0.03634498,0.963655,23
4293,5,29,0.034912944,0.96508706,23
4294,1,9,0.038543977,0.961456,23
4294,2,2,0.037735578,0.9622644,23
4294,3,8,0.03613478,0.9638652,23
4294,4,16,0.03581132,0.9641887,23
4294,5,1,0.03461259,0.9653874,23
4295,1,9,0.038282778,0.96171725,23
4295,2,2,0.03732215,0.96267784,23
4295,3,8,0.036502212,0.96349776,23
4295,4,16,0.036000453,0.96399957,23
4295,5,29,0.0349363,0.9650637,23
4296,1,9,0.037998978,0.962001,23
4296,2,2,0.03729437,0.9627056,23
4296,3,16,0.03639947,0.9636005,23
4296,4,8,0.0361185,0.9638815,23
4296,5,1,0.034984335,0.96501565,23
4297,1,9,0.038177043,0.961823,23
4297,2,2,0.037494194,0.9625058,23
4297,3,16,0.03629312,0.96370685,23
4297,4,8,0.036035728,0.9639643,23
4297,5,29,0.03480356,0.96519643,23
4298,1,9,0.038286444,0.96171355,23
4298,2,2,0.037539568,0.96246046,23
4298,3,8,0.036245883,0.9637541,23
4298,4,16,0.03606698,0.963933,23
4298,5,29,0.03470614,0.9652939,23
4299,1,9,0.03790248,0.9620975,23
4299,2,2,0.03773805,0.962262,23
4299,3,16,0.036151987,0.963848,23
4299,4,8,0.03609537,0.9639046,23
4299,5,29,0.034780055,0.96522,23
4300,1,9,0.038083185,0.9619168,23
4300,2,2,0.037216794,0.9627832,23
4300,3,16,0.036392134,0.96360785,23
4300,4,8,0.036319226,0.96368074,23
4300,5,29,0.035267558,0.96473247,23
4301,1,9,0.038069073,0.96193093,23
4301,2,2,0.03718664,0.9628134,23
4301,3,16,0.0365011,0.9634989,23
4301,4,8,0.03628418,0.9637158,23
4301,5,29,0.03489566,0.96510434,23
4302,1,9,0.038472507,0.96152747,23
4302,2,2,0.037874,0.962126,23
4302,3,8,0.03618103,0.96381897,23
4302,4,16,0.03576898,0.964231,23
4302,5,1,0.034709048,0.96529096,23
4303,1,9,0.03795924,0.9620408,23
4303,2,2,0.03744806,0.96255195,23
4303,3,8,0.036550585,0.9634494,23
4303,4,16,0.036086544,0.96391344,23
4303,5,29,0.035246857,0.96475315,23
4304,1,9,0.03813368,0.9618663,23
4304,2,2,0.0373538,0.9626462,23
4304,3,16,0.03641304,0.963587,23
4304,4,8,0.036073104,0.9639269,23
4304,5,29,0.034808546,0.9651915,23
4305,1,9,0.038416512,0.9615835,23
4305,2,2,0.037489872,0.9625101,23
4305,3,8,0.036362514,0.9636375,23
4305,4,16,0.035988353,0.96401167,23
4305,5,1,0.03478265,0.96521735,23
4306,1,9,0.038145818,0.96185416,23
4306,2,2,0.037506413,0.9624936,23
4306,3,8,0.03633419,0.9636658,23
4306,4,16,0.03612903,0.96387094,23
4306,5,29,0.034939393,0.9650606,23
4307,1,9,0.03813081,0.9618692,23
4307,2,2,0.037622597,0.9623774,23
4307,3,8,0.03639864,0.96360135,23
4307,4,16,0.03592525,0.96407473,23
4307,5,29,0.034838475,0.9651615,23
4308,1,9,0.037942197,0.9620578,23
4308,2,2,0.037715323,0.9622847,23
4308,3,16,0.036316518,0.9636835,23
4308,4,8,0.036244225,0.9637558,23
4308,5,1,0.034707807,0.9652922,23
4309,1,9,0.03802874,0.9619713,23
4309,2,2,0.03736829,0.9626317,23
4309,3,16,0.036514614,0.96348536,23
4309,4,8,0.036185525,0.9638145,23
4309,5,29,0.03490894,0.96509105,23
4310,1,9,0.038188137,0.96181184,23
4310,2,2,0.03742212,0.9625779,23
4310,3,8,0.036342744,0.96365726,23
4310,4,16,0.036172327,0.96382767,23
4310,5,29,0.034791082,0.9652089,23
4311,1,9,0.038250405,0.9617496,23
4311,2,2,0.037549213,0.9624508,23
4311,3,8,0.03628446,0.96371555,23
4311,4,16,0.036144014,0.963856,23
4311,5,29,0.034821287,0.9651787,23
4312,1,9,0.03803198,0.961968,23
4312,2,2,0.037976716,0.96202326,23
4312,3,8,0.0362126,0.9637874,23
4312,4,16,0.03599341,0.9640066,23
4312,5,29,0.034701113,0.9652989,23
4313,1,9,0.038147394,0.9618526,23
4313,2,2,0.03749647,0.96250355,23
4313,3,8,0.036206078,0.96379393,23
4313,4,16,0.036133457,0.96386653,23
4313,5,29,0.03487188,0.9651281,23
4314,1,9,0.038072187,0.96192783,23
4314,2,2,0.037581757,0.96241826,23
4314,3,16,0.03631409,0.9636859,23
4314,4,8,0.036217093,0.9637829,23
4314,5,29,0.03479207,0.96520793,23
4315,1,9,0.038179513,0.9618205,23
4315,2,2,0.037506223,0.9624938,23
4315,3,16,0.036199268,0.9638007,23
4315,4,8,0.036116578,0.9638834,23
4315,5,29,0.034699403,0.9653006,23
4316,1,9,0.03801225,0.96198773,23
4316,2,2,0.037444577,0.9625554,23
4316,3,16,0.036429804,0.9635702,23
4316,4,8,0.036198266,0.96380174,23
4316,5,29,0.03484598,0.965154,23
4317,1,9,0.03815497,0.96184504,23
4317,2,2,0.03780398,0.962196,23
4317,3,8,0.036279783,0.9637202,23
4317,4,16,0.035846516,0.96415347,23
4317,5,29,0.03495395,0.96504605,23
4318,1,9,0.03858608,0.9614139,23
4318,2,2,0.037599817,0.9624002,23
4318,3,8,0.036417354,0.96358263,23
4318,4,16,0.035767145,0.96423286,23
4318,5,1,0.034848124,0.9651519,23
4319,1,9,0.03812713,0.9618729,23
4319,2,2,0.037474897,0.9625251,23
4319,3,16,0.036351033,0.963649,23
4319,4,8,0.03607153,0.96392846,23
4319,5,29,0.034786757,0.96521324,23
4320,1,9,0.03809159,0.9619084,23
4320,2,2,0.037799556,0.96220046,23
4320,3,8,0.036302544,0.96369743,23
4320,4,16,0.036010023,0.96399,23
4320,5,29,0.034813665,0.96518636,23
4321,1,9,0.038189266,0.9618107,23
4321,2,2,0.037517354,0.96248263,23
4321,3,8,0.036264233,0.96373576,23
4321,4,16,0.036232382,0.96376765,23
4321,5,1,0.034900915,0.9650991,23
4322,1,9,0.038473666,0.96152633,23
4322,2,2,0.037793744,0.96220624,23
4322,3,8,0.03624711,0.96375287,23
4322,4,16,0.03594811,0.9640519,23
4322,5,29,0.034569014,0.965431,23
4323,1,9,0.038008783,0.9619912,23
4323,2,2,0.03746548,0.96253455,23
4323,3,16,0.036452264,0.9635477,23
4323,4,8,0.036270104,0.9637299,23
4323,5,29,0.035072092,0.9649279,23
4324,1,9,0.03837116,0.96162885,23
4324,2,2,0.037840165,0.9621598,23
4324,3,8,0.0360962,0.9639038,23
4324,4,16,0.036034677,0.9639653,23
4324,5,29,0.034585025,0.965415,23
4325,1,9,0.03821983,0.9617802,23
4325,2,2,0.037959144,0.96204084,23
4325,3,8,0.036211647,0.96378833,23
4325,4,16,0.03593018,0.96406984,23
4325,5,1,0.034759708,0.9652403,23
4326,1,9,0.038123682,0.96187633,23
4326,2,2,0.03741886,0.96258116,23
4326,3,8,0.03613417,0.9638658,23
4326,4,16,0.036107868,0.9638921,23
4326,5,29,0.034826,0.965174,23
4327,1,9,0.038224094,0.9617759,23
4327,2,2,0.037617654,0.9623823,23
4327,3,8,0.036278766,0.9637212,23
4327,4,16,0.036096666,0.9639033,23
4327,5,1,0.034718696,0.9652813,23
4328,1,9,0.03839032,0.96160966,23
4328,2,2,0.03787838,0.9621216,23
4328,3,8,0.0362108,0.9637892,23
4328,4,16,0.03569495,0.96430504,23
4328,5,1,0.034851864,0.96514815,23
4329,1,9,0.03831902,0.961681,23
4329,2,2,0.037910365,0.96208966,23
4329,3,8,0.036222134,0.96377784,23
4329,4,16,0.03594423,0.9640558,23
4329,5,1,0.034714155,0.96528584,23
4330,1,9,0.038137987,0.961862,23
4330,2,2,0.037413668,0.96258634,23
4330,3,8,0.036287542,0.96371245,23
4330,4,16,0.036062784,0.9639372,23
4330,5,1,0.034867313,0.9651327,23
4331,1,9,0.038317747,0.96168226,23
4331,2,2,0.037445627,0.9625544,23
4331,3,8,0.03631004,0.96369,23
4331,4,16,0.03598374,0.96401626,23
4331,5,1,0.03515654,0.96484345,23
4332,1,9,0.038053613,0.96194637,23
4332,2,2,0.037504338,0.9624957,23
4332,3,16,0.036247853,0.96375215,23
4332,4,8,0.036192335,0.96380764,23
4332,5,29,0.034776308,0.96522367,23
4333,1,9,0.03816709,0.9618329,23
4333,2,2,0.037422393,0.9625776,23
4333,3,8,0.036303785,0.96369624,23
4333,4,16,0.03607944,0.96392053,23
4333,5,29,0.03511471,0.9648853,23
4334,1,9,0.03803965,0.9619604,23
4334,2,2,0.03768484,0.96231514,23
4334,3,16,0.0362625,0.9637375,23
4334,4,8,0.036159683,0.9638403,23
4334,5,29,0.034770723,0.9652293,23
4335,1,9,0.038655493,0.9613445,23
4335,2,2,0.037423853,0.96257615,23
4335,3,16,0.03617559,0.9638244,23
4335,4,8,0.036145054,0.96385497,23
4335,5,29,0.03468856,0.96531147,23
4336,1,9,0.03833771,0.9616623,23
4336,2,2,0.037452422,0.9625476,23
4336,3,8,0.036333818,0.9636662,23
4336,4,16,0.036027648,0.96397233,23
4336,5,29,0.034767333,0.9652327,23
4337,1,9,0.038048506,0.9619515,23
4337,2,2,0.03750973,0.96249026,23
4337,3,8,0.03634368,0.9636563,23
4337,4,16,0.036155064,0.96384495,23
4337,5,29,0.03489237,0.9651076,23
4338,1,9,0.03811109,0.9618889,23
4338,2,2,0.037532035,0.96246797,23
4338,3,8,0.036353182,0.9636468,23
4338,4,16,0.036127176,0.96387285,23
4338,5,1,0.034886528,0.96511346,23
4339,1,9,0.03800366,0.9619963,23
4339,2,2,0.037601154,0.9623988,23
4339,3,8,0.036275644,0.9637244,23
4339,4,16,0.036161184,0.9638388,23
4339,5,29,0.03508066,0.9649193,23
4340,1,9,0.038420912,0.9615791,23
4340,2,2,0.03788869,0.9621113,23
4340,3,8,0.036170844,0.96382916,23
4340,4,16,0.03570341,0.9642966,23
4340,5,1,0.034771375,0.9652286,23
4341,1,9,0.038173273,0.96182674,23
4341,2,2,0.037395332,0.96260464,23
4341,3,8,0.036362834,0.9636372,23
4341,4,16,0.036070537,0.9639295,23
4341,5,29,0.03480521,0.9651948,23
4342,1,9,0.03815059,0.9618494,23
4342,2,2,0.037747934,0.9622521,23
4342,3,8,0.036264334,0.96373564,23
4342,4,16,0.03590754,0.96409243,23
4342,5,1,0.03486935,0.9651306,23
4343,1,9,0.03793994,0.96206003,23
4343,2,2,0.037726536,0.9622735,23
4343,3,16,0.036150202,0.9638498,23
4343,4,8,0.036086265,0.96391374,23
4343,5,29,0.034911457,0.96508855,23
4344,1,9,0.038051397,0.96194863,23
4344,2,2,0.037791584,0.9622084,23
4344,3,8,0.036350325,0.9636497,23
4344,4,16,0.035873555,0.96412647,23
4344,5,29,0.034851916,0.9651481,23
4345,1,9,0.038082328,0.9619177,23
4345,2,2,0.037445016,0.962555,23
4345,3,16,0.03642352,0.9635765,23
4345,4,8,0.036201246,0.96379876,23
4345,5,29,0.034813724,0.9651863,23
4346,1,9,0.03822675,0.9617733,23
4346,2,2,0.037641536,0.9623585,23
4346,3,8,0.036338843,0.96366113,23
4346,4,16,0.03599366,0.96400636,23
4346,5,1,0.034856923,0.9651431,23
4347,1,9,0.03807152,0.9619285,23
4347,2,2,0.03747295,0.96252704,23
4347,3,16,0.036410276,0.9635897,23
4347,4,8,0.036037,0.963963,23
4347,5,29,0.034762986,0.965237,23
4348,1,9,0.038283035,0.96171695,23
4348,2,2,0.037789676,0.9622103,23
4348,3,8,0.036235638,0.96376437,23
4348,4,16,0.036043372,0.96395665,23
4348,5,29,0.034710824,0.9652892,23
4349,1,9,0.038140953,0.96185905,23
4349,2,2,0.037480682,0.9625193,23
4349,3,16,0.03637455,0.96362543,23
4349,4,8,0.03622553,0.96377444,23
4349,5,29,0.03479159,0.9652084,23
4350,1,9,0.03795392,0.9620461,23
4350,2,2,0.037409745,0.9625903,23
4350,3,8,0.036456876,0.9635431,23
4350,4,16,0.03622034,0.9637797,23
4350,5,29,0.03535009,0.9646499,23
4351,1,9,0.038020737,0.96197927,23
4351,2,2,0.037713896,0.9622861,23
4351,3,8,0.036526315,0.9634737,23
4351,4,16,0.035907052,0.96409297,23
4351,5,29,0.035196904,0.9648031,23
4352,1,9,0.03802794,0.96197206,23
4352,2,2,0.037291646,0.96270835,23
4352,3,8,0.036314774,0.9636852,23
4352,4,16,0.036228053,0.96377194,23
4352,5,29,0.034931157,0.9650688,23
4353,1,9,0.038438905,0.9615611,23
4353,2,2,0.03730788,0.96269214,23
4353,3,8,0.03638248,0.9636175,23
4353,4,16,0.036018763,0.9639812,23
4353,5,29,0.034872383,0.9651276,23
4354,1,9,0.03817333,0.9618267,23
4354,2,2,0.03753392,0.96246606,23
4354,3,8,0.03638853,0.9636115,23
4354,4,16,0.03586791,0.9641321,23
4354,5,1,0.034937605,0.9650624,23
4355,1,9,0.038098067,0.9619019,23
4355,2,2,0.03732376,0.9626762,23
4355,3,16,0.03642644,0.9635736,23
4355,4,8,0.036272284,0.9637277,23
4355,5,29,0.03486728,0.9651327,23
4356,1,9,0.03831696,0.96168303,23
4356,2,2,0.037811942,0.96218807,23
4356,3,8,0.03611338,0.9638866,23
4356,4,16,0.035837237,0.96416277,23
4356,5,29,0.034661293,0.9653387,23
4357,1,9,0.038141467,0.9618585,23
4357,2,2,0.0375231,0.9624769,23
4357,3,16,0.03619807,0.9638019,23
4357,4,8,0.03604581,0.9639542,23
4357,5,1,0.03468196,0.965318,23
4358,1,9,0.037905313,0.96209466,23
4358,2,2,0.037680894,0.96231914,23
4358,3,16,0.036258996,0.963741,23
4358,4,8,0.036152203,0.9638478,23
4358,5,29,0.03490138,0.9650986,23
4359,1,9,0.038324054,0.96167594,23
4359,2,2,0.03778592,0.96221405,23
4359,3,8,0.03617301,0.963827,23
4359,4,16,0.03598705,0.964013,23
4359,5,29,0.034626685,0.96537334,23
4360,1,9,0.03796461,0.9620354,23
4360,2,2,0.037567534,0.96243244,23
4360,3,16,0.036347214,0.9636528,23
4360,4,8,0.036140475,0.9638595,23
4360,5,29,0.034795225,0.9652048,23
4361,1,9,0.038066894,0.96193314,23
4361,2,2,0.037620854,0.96237916,23
4361,3,8,0.036294244,0.9637058,23
4361,4,16,0.036199134,0.96380085,23
4361,5,29,0.034848094,0.9651519,23
4362,1,9,0.038215276,0.9617847,23
4362,2,2,0.03778067,0.96221936,23
4362,3,8,0.03612071,0.9638793,23
4362,4,16,0.036043987,0.963956,23
4362,5,29,0.03479743,0.96520257,23
4363,1,9,0.03799657,0.9620034,23
4363,2,2,0.03733635,0.96266365,23
4363,3,16,0.036553264,0.96344674,23
4363,4,8,0.036095757,0.96390426,23
4363,5,29,0.03496262,0.9650374,23
4364,1,9,0.0381633,0.9618367,23
4364,2,2,0.037508354,0.96249163,23
4364,3,8,0.036195848,0.9638041,23
4364,4,16,0.03605114,0.96394885,23
4364,5,1,0.034777414,0.9652226,23
4365,1,9,0.03823609,0.9617639,23
4365,2,2,0.037556015,0.962444,23
4365,3,8,0.036351014,0.963649,23
4365,4,16,0.03600214,0.96399784,23
4365,5,1,0.034835745,0.96516424,23
4366,1,9,0.038207743,0.96179223,23
4366,2,2,0.037536435,0.96246356,23
4366,3,16,0.036223248,0.96377677,23
4366,4,8,0.036094658,0.96390533,23
4366,5,29,0.034822818,0.9651772,23
4367,1,9,0.038099207,0.9619008,23
4367,2,2,0.03743485,0.9625651,23
4367,3,8,0.03621601,0.963784,23
4367,4,16,0.036124013,0.963876,23
4367,5,1,0.034786038,0.96521395,23
4368,1,9,0.038121864,0.9618781,23
4368,2,2,0.037662208,0.9623378,23
4368,3,8,0.036158707,0.9638413,23
4368,4,16,0.035999615,0.9640004,23
4368,5,1,0.034788046,0.9652119,23
4369,1,9,0.038491536,0.96150845,23
4369,2,2,0.037486814,0.9625132,23
4369,3,8,0.03620446,0.96379554,23
4369,4,16,0.036127333,0.9638727,23
4369,5,29,0.034681395,0.9653186,23
4370,1,9,0.038065128,0.96193486,23
4370,2,2,0.03755216,0.9624478,23
4370,3,8,0.03627674,0.96372324,23
4370,4,16,0.036103386,0.96389663,23
4370,5,1,0.034980435,0.9650196,23
4371,1,9,0.03811069,0.9618893,23
4371,2,2,0.037975702,0.9620243,23
4371,3,8,0.036228817,0.96377116,23
4371,4,16,0.03602516,0.96397483,23
4371,5,29,0.03482548,0.9651745,23
4372,1,9,0.038132217,0.9618678,23
4372,2,2,0.037719496,0.9622805,23
4372,3,8,0.036275238,0.96372473,23
4372,4,16,0.036112234,0.96388775,23
4372,5,29,0.034859456,0.9651405,23
4373,1,9,0.038159695,0.96184033,23
4373,2,2,0.037749864,0.9622501,23
4373,3,8,0.036275905,0.9637241,23
4373,4,16,0.036139257,0.96386075,23
4373,5,29,0.03476363,0.96523637,23
4374,1,9,0.038353294,0.9616467,23
4374,2,2,0.037729263,0.96227074,23
4374,3,8,0.035988253,0.9640117,23
4374,4,16,0.035967052,0.96403295,23
4374,5,29,0.034629554,0.9653704,23
4375,1,9,0.038303357,0.9616966,23
4375,2,2,0.037767157,0.9622328,23
4375,3,8,0.03624127,0.9637587,23
4375,4,16,0.03593004,0.96406996,23
4375,5,1,0.034797754,0.9652023,23
4376,1,9,0.03799515,0.96200484,23
4376,2,2,0.03746456,0.96253544,23
4376,3,16,0.036553863,0.96344614,23
4376,4,8,0.03610614,0.9638939,23
4376,5,29,0.034799654,0.96520036,23
4377,1,9,0.038308114,0.96169186,23
4377,2,2,0.038095135,0.9619049,23
4377,3,8,0.03629039,0.9637096,23
4377,4,16,0.035891194,0.9641088,23
4377,5,1,0.034845885,0.9651541,23
4378,1,9,0.038319837,0.9616802,23
4378,2,2,0.03770633,0.9622937,23
4378,3,8,0.036411017,0.96358895,23
4378,4,16,0.035930667,0.9640693,23
4378,5,29,0.034757968,0.965242,23
4379,1,9,0.038067162,0.96193284,23
4379,2,2,0.037449222,0.96255076,23
4379,3,8,0.036328293,0.9636717,23
4379,4,16,0.03623696,0.96376306,23
4379,5,29,0.03490205,0.96509796,23
4380,1,9,0.038516477,0.96148354,23
4380,2,2,0.037990827,0.9620092,23
4380,3,8,0.035950344,0.96404964,23
4380,4,16,0.03578619,0.9642138,23
4380,5,18,0.03459483,0.96540517,23
4381,1,9,0.037983477,0.9620165,23
4381,2,2,0.037904233,0.96209574,23
4381,3,8,0.03643959,0.9635604,23
4381,4,16,0.03598699,0.964013,23
4381,5,29,0.03490861,0.9650914,23
4382,1,9,0.038350757,0.96164924,23
4382,2,2,0.037688848,0.96231115,23
4382,3,8,0.036247045,0.963753,23
4382,4,16,0.03604577,0.9639542,23
4382,5,29,0.03476314,0.96523684,23
4383,1,9,0.038299445,0.96170056,23
4383,2,2,0.037748948,0.96225107,23
4383,3,8,0.036168188,0.9638318,23
4383,4,16,0.036029376,0.9639706,23
4383,5,29,0.03467093,0.96532905,23
4384,1,9,0.038389865,0.96161014,23
4384,2,2,0.037772525,0.96222746,23
4384,3,8,0.036341596,0.9636584,23
4384,4,16,0.035838168,0.9641618,23
4384,5,1,0.03489165,0.96510834,23
4385,1,9,0.037962083,0.9620379,23
4385,2,2,0.037626185,0.9623738,23
4385,3,8,0.036229793,0.9637702,23
4385,4,16,0.036168907,0.96383107,23
4385,5,29,0.034903757,0.96509624,23
4386,1,9,0.038205374,0.9617946,23
4386,2,2,0.03732477,0.9626752,23
4386,3,8,0.03635684,0.96364313,23
4386,4,16,0.03602783,0.96397215,23
4386,5,29,0.034804426,0.9651956,23
4387,1,9,0.038111757,0.96188825,23
4387,2,2,0.037587386,0.9624126,23
4387,3,8,0.036245346,0.96375465,23
4387,4,16,0.036210433,0.9637896,23
4387,5,29,0.034772057,0.96522796,23
4388,1,9,0.038264588,0.9617354,23
4388,2,2,0.037744816,0.9622552,23
4388,3,8,0.03621126,0.96378875,23
4388,4,16,0.03611442,0.9638856,23
4388,5,29,0.034701515,0.9652985,23
4389,1,9,0.038201027,0.96179897,23
4389,2,2,0.037579365,0.96242064,23
4389,3,8,0.036197726,0.9638023,23
4389,4,16,0.03613077,0.9638692,23
4389,5,29,0.034767408,0.9652326,23
4390,1,9,0.038536884,0.9614631,23
4390,2,2,0.037888445,0.96211153,23
4390,3,8,0.036179222,0.96382076,23
4390,4,16,0.035677873,0.96432215,23
4390,5,1,0.034761444,0.9652386,23
4391,1,9,0.03855293,0.96144706,23
4391,2,2,0.03744524,0.96255475,23
4391,3,8,0.036318872,0.9636811,23
4391,4,16,0.036020454,0.96397954,23
4391,5,29,0.034698725,0.9653013,23
4392,1,9,0.0384687,0.9615313,23
4392,2,2,0.03720744,0.9627926,23
4392,3,8,0.03623614,0.96376383,23
4392,4,16,0.036154386,0.9638456,23
4392,5,29,0.034847524,0.9651525,23
4393,1,9,0.03794105,0.96205896,23
4393,2,2,0.037667453,0.96233255,23
4393,3,16,0.03632172,0.9636783,23
4393,4,8,0.036003016,0.963997,23
4393,5,1,0.034746356,0.96525365,23
4394,1,9,0.038093336,0.9619067,23
4394,2,2,0.037385873,0.9626141,23
4394,3,16,0.036501136,0.9634989,23
4394,4,8,0.036120947,0.96387905,23
4394,5,29,0.034886654,0.96511334,23
4395,1,9,0.038820103,0.9611799,23
4395,2,2,0.03726245,0.96273756,23
4395,3,8,0.0361969,0.9638031,23
4395,4,16,0.036055923,0.9639441,23
4395,5,29,0.034797266,0.96520275,23
4396,1,9,0.03812599,0.961874,23
4396,2,2,0.037315495,0.9626845,23
4396,3,16,0.036533773,0.9634662,23
4396,4,8,0.036223557,0.96377647,23
4396,5,29,0.034844927,0.96515507,23
4397,1,9,0.038352046,0.9616479,23
4397,2,2,0.037609708,0.9623903,23
4397,3,8,0.03602126,0.96397877,23
4397,4,16,0.035989672,0.96401036,23
4397,5,1,0.034656942,0.96534306,23
4398,1,9,0.0380227,0.9619773,23
4398,2,2,0.03736705,0.96263295,23
4398,3,16,0.036348235,0.9636518,23
4398,4,8,0.036190197,0.9638098,23
4398,5,29,0.03479309,0.9652069,23
4399,1,9,0.03822489,0.9617751,23
4399,2,2,0.037424393,0.9625756,23
4399,3,8,0.036298264,0.9637017,23
4399,4,16,0.036248825,0.9637512,23
4399,5,29,0.034753185,0.9652468,23
4400,1,9,0.0380385,0.9619615,23
4400,2,2,0.037664045,0.96233594,23
4400,3,8,0.03632219,0.9636778,23
4400,4,16,0.03605062,0.9639494,23
4400,5,1,0.034866713,0.9651333,23
4401,1,9,0.038177628,0.9618224,23
4401,2,2,0.0374904,0.9625096,23
4401,3,8,0.03641295,0.96358705,23
4401,4,16,0.036091086,0.9639089,23
4401,5,1,0.034873698,0.9651263,23
4402,1,9,0.03824456,0.96175545,23
4402,2,2,0.03759177,0.96240824,23
4402,3,8,0.03625687,0.96374315,23
4402,4,16,0.035935532,0.9640645,23
4402,5,1,0.03488201,0.965118,23
4403,1,9,0.038337234,0.96166277,23
4403,2,2,0.038112417,0.9618876,23
4403,3,8,0.036093503,0.9639065,23
4403,4,16,0.035843417,0.96415657,23
4403,5,1,0.034680348,0.96531963,23
4404,1,9,0.038260512,0.9617395,23
4404,2,2,0.03724023,0.9627598,23
4404,3,8,0.036288057,0.9637119,23
4404,4,16,0.03618999,0.96381,23
4404,5,29,0.034958992,0.965041,23
4405,1,9,0.038519997,0.96148,23
4405,2,2,0.03759911,0.9624009,23
4405,3,8,0.036218043,0.96378195,23
4405,4,16,0.03586846,0.96413153,23
4405,5,1,0.03469935,0.9653007,23
4406,1,9,0.03875713,0.96124285,23
4406,2,2,0.037785128,0.9622149,23
4406,3,8,0.036300376,0.96369964,23
4406,4,16,0.035693772,0.96430624,23
4406,5,1,0.03469138,0.9653086,23
4407,1,9,0.037991326,0.96200866,23
4407,2,2,0.037620276,0.9623797,23
4407,3,8,0.036332265,0.96366775,23
4407,4,16,0.03606824,0.96393174,23
4407,5,29,0.035115317,0.9648847,23
4408,1,9,0.0381866,0.9618134,23
4408,2,2,0.03751847,0.9624815,23
4408,3,8,0.03614649,0.9638535,23
4408,4,16,0.036087573,0.9639124,23
4408,5,29,0.034844708,0.9651553,23
4409,1,9,0.038351424,0.9616486,23
4409,2,2,0.037811868,0.9621881,23
4409,3,8,0.03629108,0.96370894,23
4409,4,16,0.03580705,0.9641929,23
4409,5,1,0.034831706,0.9651683,23
4410,1,9,0.037871156,0.9621288,23
4410,2,2,0.037740808,0.9622592,23
4410,3,8,0.036242787,0.9637572,23
4410,4,16,0.03622132,0.9637787,23
4410,5,29,0.03503506,0.9649649,23
4411,1,9,0.038218852,0.96178114,23
4411,2,2,0.03734789,0.9626521,23
4411,3,8,0.036213983,0.963786,23
4411,4,16,0.036075417,0.9639246,23
4411,5,1,0.034966424,0.9650336,23
4412,1,9,0.03862234,0.9613777,23
4412,2,2,0.0374564,0.9625436,23
4412,3,16,0.03611561,0.9638844,23
4412,4,8,0.036069684,0.9639303,23
4412,5,1,0.03467173,0.9653283,23
4413,1,9,0.038357813,0.9616422,23
4413,2,2,0.037434492,0.9625655,23
4413,3,8,0.03626341,0.9637366,23
4413,4,16,0.03604492,0.9639551,23
4413,5,29,0.034842905,0.9651571,23
4414,1,9,0.03816987,0.96183014,23
4414,2,2,0.037869204,0.9621308,23
4414,3,8,0.03629038,0.9637096,23
4414,4,16,0.035798248,0.96420175,23
4414,5,1,0.03473419,0.9652658,23
4415,1,9,0.038421486,0.9615785,23
4415,2,2,0.03783109,0.96216893,23
4415,3,8,0.036115296,0.9638847,23
4415,4,16,0.03589612,0.9641039,23
4415,5,1,0.034630295,0.9653697,23
4416,1,9,0.0381934,0.9618066,23
4416,2,2,0.037954487,0.9620455,23
4416,3,8,0.036320318,0.9636797,23
4416,4,16,0.035817504,0.9641825,23
4416,5,1,0.034971256,0.96502876,23
4417,1,9,0.03815071,0.9618493,23
4417,2,2,0.037546884,0.9624531,23
4417,3,8,0.036308717,0.9636913,23
4417,4,16,0.03599193,0.9640081,23
4417,5,1,0.03494498,0.965055,23
4418,1,9,0.038419195,0.9615808,23
4418,2,2,0.037532087,0.9624679,23
4418,3,8,0.036305197,0.9636948,23
4418,4,16,0.036086112,0.9639139,23
4418,5,29,0.03478028,0.96521974,23
4419,1,9,0.03816631,0.9618337,23
4419,2,2,0.037659056,0.96234095,23
4419,3,16,0.03621145,0.96378857,23
4419,4,8,0.036025777,0.96397424,23
4419,5,29,0.03489663,0.9651034,23
4420,1,9,0.03817203,0.961828,23
4420,2,2,0.037442848,0.96255714,23
4420,3,8,0.036266666,0.9637333,23
4420,4,16,0.036142338,0.96385765,23
4420,5,29,0.035020325,0.96497965,23
4421,1,9,0.038209103,0.9617909,23
4421,2,2,0.03757503,0.962425,23
4421,3,8,0.03614725,0.96385276,23
4421,4,16,0.036064345,0.9639357,23
4421,5,1,0.034866933,0.9651331,23
4422,1,9,0.038292456,0.96170753,23
4422,2,2,0.037953373,0.9620466,23
4422,3,8,0.03614096,0.963859,23
4422,4,16,0.035931706,0.9640683,23
4422,5,1,0.034719843,0.9652802,23
4423,1,9,0.038028635,0.96197134,23
4423,2,2,0.03772137,0.9622786,23
4423,3,8,0.036266237,0.9637338,23
4423,4,16,0.036154408,0.9638456,23
4423,5,29,0.034755856,0.9652442,23
4424,1,9,0.038258925,0.9617411,23
4424,2,2,0.037891418,0.9621086,23
4424,3,8,0.03626507,0.9637349,23
4424,4,16,0.035924546,0.96407545,23
4424,5,1,0.034913465,0.9650865,23
4425,1,9,0.03822482,0.9617752,23
4425,2,2,0.03746904,0.962531,23
4425,3,8,0.036302548,0.96369743,23
4425,4,16,0.0361036,0.9638964,23
4425,5,1,0.034794733,0.96520525,23
4426,1,9,0.0382259,0.9617741,23
4426,2,2,0.03750998,0.96249,23
4426,3,8,0.036334187,0.96366584,23
4426,4,16,0.03613655,0.96386343,23
4426,5,29,0.03477029,0.9652297,23
4427,1,9,0.038114667,0.96188533,23
4427,2,2,0.03752074,0.96247923,23
4427,3,16,0.036277533,0.96372247,23
4427,4,8,0.036066595,0.9639334,23
4427,5,29,0.034692384,0.9653076,23
4428,1,9,0.038272075,0.9617279,23
4428,2,2,0.037775397,0.9622246,23
4428,3,8,0.03622977,0.9637702,23
4428,4,16,0.035914157,0.9640858,23
4428,5,1,0.03479204,0.96520793,23
4429,1,9,0.03820225,0.9617978,23
4429,2,2,0.03766916,0.9623308,23
4429,3,16,0.036210198,0.9637898,23
4429,4,8,0.036141563,0.9638584,23
4429,5,29,0.034876406,0.9651236,23
4430,1,9,0.03802632,0.96197367,23
4430,2,2,0.037460253,0.96253973,23
4430,3,8,0.03642977,0.96357024,23
4430,4,16,0.03624121,0.96375877,23
4430,5,29,0.034935564,0.9650644,23
4431,1,9,0.03831643,0.9616836,23
4431,2,2,0.03803291,0.9619671,23
4431,3,8,0.03612848,0.96387154,23
4431,4,16,0.035892535,0.96410745,23
4431,5,1,0.034757867,0.96524215,23
4432,1,9,0.038344692,0.9616553,23
4432,2,2,0.03773696,0.96226305,23
4432,3,8,0.036256675,0.9637433,23
4432,4,16,0.035966985,0.964033,23
4432,5,1,0.03476251,0.9652375,23
4433,1,9,0.03832518,0.9616748,23
4433,2,2,0.037877474,0.9621225,23
4433,3,8,0.036155462,0.96384454,23
4433,4,16,0.03576576,0.96423423,23
4433,5,1,0.03474281,0.96525717,23
4434,1,9,0.038276155,0.96172386,23
4434,2,2,0.037818965,0.96218103,23
4434,3,8,0.036179367,0.96382064,23
4434,4,16,0.03603368,0.9639663,23
4434,5,29,0.03472421,0.96527576,23
4435,1,9,0.038115952,0.961884,23
4435,2,2,0.037627406,0.9623726,23
4435,3,8,0.036227696,0.9637723,23
4435,4,16,0.03606901,0.96393096,23
4435,5,29,0.03470349,0.9652965,23
4436,1,9,0.038197074,0.9618029,23
4436,2,2,0.037378732,0.9626213,23
4436,3,8,0.03630375,0.96369624,23
4436,4,16,0.036222667,0.9637773,23
4436,5,29,0.03497634,0.96502364,23
4437,1,9,0.038419805,0.9615802,23
4437,2,2,0.037551913,0.96244806,23
4437,3,8,0.036224384,0.96377563,23
4437,4,16,0.03615093,0.96384907,23
4437,5,29,0.03474211,0.9652579,23
4438,1,9,0.0382681,0.9617319,23
4438,2,2,0.03790859,0.9620914,23
4438,3,8,0.036254425,0.9637456,23
4438,4,16,0.03584184,0.9641582,23
4438,5,1,0.034668323,0.9653317,23
4439,1,9,0.038087975,0.96191204,23
4439,2,2,0.037548076,0.96245193,23
4439,3,8,0.03640877,0.9635912,23
4439,4,16,0.035994686,0.9640053,23
4439,5,29,0.03480295,0.965197,23
4440,1,9,0.03809745,0.96190256,23
4440,2,2,0.037943512,0.9620565,23
4440,3,8,0.036176007,0.963824,23
4440,4,16,0.035957523,0.9640425,23
4440,5,1,0.034749396,0.9652506,23
4441,1,9,0.03789699,0.962103,23
4441,2,2,0.037474524,0.9625255,23
4441,3,16,0.036775034,0.96322495,23
4441,4,8,0.036240906,0.96375906,23
4441,5,29,0.03494808,0.9650519,23
4442,1,9,0.038608707,0.96139127,23
4442,2,2,0.037455756,0.96254426,23
4442,3,8,0.036373828,0.96362615,23
4442,4,16,0.03589899,0.964101,23
4442,5,1,0.034916826,0.9650832,23
4443,1,9,0.038184967,0.96181506,23
4443,2,2,0.03774022,0.96225977,23
4443,3,8,0.036356103,0.9636439,23
4443,4,16,0.035844274,0.96415573,23
4443,5,1,0.034856293,0.9651437,23
4444,1,9,0.038310945,0.96168905,23
4444,2,2,0.037345022,0.96265495,23
4444,3,16,0.036284678,0.9637153,23
4444,4,8,0.03626273,0.96373725,23
4444,5,29,0.03476948,0.9652305,23
4445,1,9,0.038317055,0.9616829,23
4445,2,2,0.037293907,0.9627061,23
4445,3,16,0.03619004,0.96380997,23
4445,4,8,0.03616413,0.9638359,23
4445,5,29,0.034699988,0.9653,23
4446,1,9,0.03823577,0.9617642,23
4446,2,2,0.037399445,0.9626005,23
4446,3,16,0.036157064,0.9638429,23
4446,4,8,0.036121782,0.9638782,23
4446,5,29,0.03476277,0.96523726,23
4447,1,9,0.038161308,0.9618387,23
4447,2,2,0.037969496,0.96203053,23
4447,3,8,0.036269844,0.96373016,23
4447,4,16,0.035842553,0.96415746,23
4447,5,1,0.034813974,0.965186,23
4448,1,9,0.038239833,0.96176016,23
4448,2,2,0.037974678,0.96202534,23
4448,3,8,0.036274105,0.9637259,23
4448,4,16,0.035903048,0.96409696,23
4448,5,1,0.03504862,0.9649514,23
4449,1,9,0.038191065,0.9618089,23
4449,2,2,0.03792525,0.96207476,23
4449,3,8,0.03635381,0.9636462,23
4449,4,16,0.03591226,0.9640877,23
4449,5,1,0.034924373,0.9650756,23
4450,1,9,0.03820738,0.96179265,23
4450,2,2,0.037956644,0.96204334,23
4450,3,8,0.03627928,0.96372074,23
4450,4,16,0.035843514,0.9641565,23
4450,5,1,0.03500736,0.96499264,23
4451,1,9,0.03869204,0.96130794,23
4451,2,2,0.037670676,0.9623293,23
4451,3,8,0.03625678,0.9637432,23
4451,4,16,0.0358767,0.9641233,23
4451,5,29,0.0345759,0.9654241,23
4452,1,9,0.038595673,0.9614043,23
4452,2,2,0.037715603,0.9622844,23
4452,3,8,0.03622621,0.9637738,23
4452,4,16,0.035830125,0.96416986,23
4452,5,1,0.034799706,0.9652003,23
4453,1,9,0.038140606,0.9618594,23
4453,2,2,0.037632514,0.9623675,23
4453,3,8,0.036285892,0.9637141,23
4453,4,16,0.035894882,0.9641051,23
4453,5,1,0.034946878,0.96505314,23
4454,1,9,0.037967686,0.9620323,23
4454,2,2,0.037480887,0.9625191,23
4454,3,16,0.03651078,0.96348923,23
4454,4,8,0.03624156,0.96375847,23
4454,5,29,0.034910906,0.9650891,23
4455,1,9,0.037967633,0.9620324,23
4455,2,2,0.03732769,0.9626723,23
4455,3,16,0.0365599,0.9634401,23
4455,4,8,0.036233768,0.9637662,23
4455,5,29,0.035022337,0.9649777,23
4456,1,9,0.038127255,0.96187276,23
4456,2,2,0.037578713,0.9624213,23
4456,3,8,0.03632866,0.9636713,23
4456,4,16,0.03607303,0.963927,23
4456,5,1,0.034738176,0.9652618,23
4457,1,9,0.03807446,0.96192557,23
4457,2,2,0.03760963,0.96239036,23
4457,3,8,0.036181346,0.96381867,23
4457,4,16,0.036146715,0.9638533,23
4457,5,29,0.03479663,0.96520334,23
4458,1,9,0.038212333,0.96178764,23
4458,2,2,0.037446257,0.96255374,23
4458,3,16,0.036181215,0.9638188,23
4458,4,8,0.036150467,0.96384954,23
4458,5,29,0.03471716,0.96528286,23
4459,1,9,0.03824774,0.96175224,23
4459,2,2,0.03793542,0.96206456,23
4459,3,8,0.036220003,0.96378,23
4459,4,16,0.03574654,0.9642535,23
4459,5,1,0.034800228,0.96519977,23
4460,1,9,0.038186375,0.9618136,23
4460,2,2,0.037821725,0.9621783,23
4460,3,8,0.0363042,0.9636958,23
4460,4,16,0.035852235,0.96414775,23
4460,5,1,0.034820765,0.9651792,23
4461,1,9,0.038280457,0.9617195,23
4461,2,2,0.037842207,0.9621578,23
4461,3,8,0.036455315,0.96354467,23
4461,4,16,0.03580618,0.9641938,23
4461,5,1,0.03490194,0.9650981,23
4462,1,9,0.03844202,0.961558,23
4462,2,2,0.037665803,0.9623342,23
4462,3,8,0.03617308,0.9638269,23
4462,4,16,0.036108416,0.96389157,23
4462,5,29,0.0346529,0.9653471,23
4463,1,9,0.03828611,0.9617139,23
4463,2,2,0.0376257,0.9623743,23
4463,3,8,0.036330227,0.9636698,23
4463,4,16,0.035950642,0.96404934,23
4463,5,1,0.034672886,0.96532714,23
4464,1,9,0.03827786,0.96172214,23
4464,2,2,0.037914217,0.9620858,23
4464,3,8,0.036059108,0.9639409,23
4464,4,16,0.03605733,0.96394265,23
4464,5,1,0.034606252,0.9653937,23
4465,1,9,0.03817606,0.96182394,23
4465,2,2,0.037366867,0.96263313,23
4465,3,16,0.036331106,0.9636689,23
4465,4,8,0.036205657,0.96379435,23
4465,5,29,0.03493522,0.96506476,23
4466,1,9,0.038475517,0.9615245,23
4466,2,2,0.037536792,0.9624632,23
4466,3,8,0.03611645,0.9638835,23
4466,4,16,0.03604767,0.9639523,23
4466,5,29,0.034702703,0.9652973,23
4467,1,9,0.038298,0.961702,23
4467,2,2,0.03758723,0.9624128,23
4467,3,16,0.036191653,0.96380836,23
4467,4,8,0.036087275,0.9639127,23
4467,5,29,0.0349954,0.9650046,23
4468,1,9,0.03797929,0.9620207,23
4468,2,2,0.03767739,0.9623226,23
4468,3,16,0.03625523,0.96374476,23
4468,4,8,0.03614888,0.9638511,23
4468,5,29,0.034930144,0.96506983,23
4469,1,9,0.03805494,0.96194506,23
4469,2,2,0.037561968,0.96243805,23
4469,3,16,0.03627124,0.9637288,23
4469,4,8,0.036177,0.963823,23
4469,5,29,0.034909092,0.96509093,23
4470,1,9,0.038210034,0.96178997,23
4470,2,2,0.037644446,0.96235555,23
4470,3,16,0.036159396,0.9638406,23
4470,4,8,0.03613208,0.9638679,23
4470,5,29,0.034782026,0.96521795,23
4471,1,9,0.03822049,0.96177953,23
4471,2,2,0.037538994,0.962461,23
4471,3,16,0.036095276,0.96390474,23
4471,4,8,0.03602657,0.9639734,23
4471,5,29,0.03487118,0.96512884,23
4472,1,9,0.03801716,0.96198285,23
4472,2,2,0.037679136,0.96232086,23
4472,3,8,0.03640065,0.9635993,23
4472,4,16,0.03611814,0.96388185,23
4472,5,29,0.034958154,0.9650419,23
4473,1,9,0.038245942,0.9617541,23
4473,2,2,0.03726346,0.96273655,23
4473,3,16,0.03638368,0.9636163,23
4473,4,8,0.0362494,0.9637506,23
4473,5,29,0.035043534,0.96495646,23
4474,1,9,0.038078155,0.9619219,23
4474,2,2,0.037700355,0.96229964,23
4474,3,8,0.036215957,0.96378404,23
4474,4,16,0.036099724,0.96390027,23
4474,5,1,0.034884386,0.9651156,23
4475,1,9,0.038284864,0.96171516,23
4475,2,2,0.037770193,0.9622298,23
4475,3,8,0.0362184,0.9637816,23
4475,4,16,0.035989087,0.9640109,23
4475,5,1,0.03491549,0.9650845,23
4476,1,9,0.038355,0.961645,23
4476,2,2,0.037835095,0.9621649,23
4476,3,8,0.03615087,0.9638491,23
4476,4,16,0.035983447,0.96401656,23
4476,5,29,0.034691077,0.9653089,23
4477,1,9,0.038154386,0.96184564,23
4477,2,2,0.03744614,0.96255386,23
4477,3,8,0.036324747,0.96367526,23
4477,4,16,0.03630773,0.96369225,23
4477,5,29,0.034828242,0.96517175,23
4478,1,9,0.038450893,0.9615491,23
4478,2,2,0.037764937,0.9622351,23
4478,3,8,0.036212273,0.96378773,23
4478,4,16,0.035877213,0.9641228,23
4478,5,29,0.034603033,0.96539694,23
4479,1,9,0.038240883,0.9617591,23
4479,2,2,0.037547156,0.9624528,23
4479,3,8,0.03632356,0.96367645,23
4479,4,16,0.035878554,0.96412146,23
4479,5,1,0.034704152,0.96529585,23
4480,1,9,0.037985317,0.9620147,23
4480,2,2,0.037439227,0.9625608,23
4480,3,16,0.03661987,0.9633801,23
4480,4,8,0.03617931,0.9638207,23
4480,5,29,0.034932375,0.9650676,23
4481,1,9,0.038491994,0.96150804,23
4481,2,2,0.03762288,0.96237713,23
4481,3,8,0.036412198,0.9635878,23
4481,4,16,0.035871338,0.9641287,23
4481,5,1,0.034768604,0.9652314,23
4482,1,9,0.03824228,0.9617577,23
4482,2,2,0.037550956,0.9624491,23
4482,3,8,0.036420293,0.9635797,23
4482,4,16,0.03602533,0.96397465,23
4482,5,29,0.034834176,0.96516585,23
4483,1,9,0.038397238,0.96160275,23
4483,2,2,0.037613753,0.96238625,23
4483,3,8,0.036168337,0.96383166,23
4483,4,16,0.03605433,0.9639457,23
4483,5,29,0.034793247,0.96520674,23
4484,1,9,0.038328003,0.961672,23
4484,2,2,0.03752696,0.96247303,23
4484,3,8,0.036279187,0.9637208,23
4484,4,16,0.036045767,0.9639542,23
4484,5,1,0.03482071,0.96517926,23
4485,1,9,0.038364213,0.96163577,23
4485,2,2,0.037234854,0.96276516,23
4485,3,16,0.036350593,0.9636494,23
4485,4,8,0.0361128,0.9638872,23
4485,5,29,0.03478357,0.96521646,23
4486,1,9,0.037902724,0.9620973,23
4486,2,2,0.037534703,0.9624653,23
4486,3,8,0.036363937,0.96363604,23
4486,4,16,0.03627389,0.9637261,23
4486,5,29,0.035004966,0.964995,23
4487,1,9,0.038530964,0.96146905,23
4487,2,2,0.037550323,0.96244967,23
4487,3,8,0.036271673,0.9637283,23
4487,4,16,0.035951488,0.9640485,23
4487,5,1,0.034722183,0.9652778,23
4488,1,9,0.03812912,0.9618709,23
4488,2,2,0.03741276,0.96258724,23
4488,3,8,0.036421847,0.96357816,23
4488,4,16,0.036326677,0.96367335,23
4488,5,29,0.03483155,0.9651685,23
4489,1,9,0.03832577,0.9616742,23
4489,2,2,0.037436645,0.96256334,23
4489,3,8,0.036269493,0.9637305,23
4489,4,16,0.036067873,0.96393216,23
4489,5,1,0.034787774,0.9652122,23
4490,1,9,0.0385265,0.9614735,23
4490,2,2,0.037625205,0.9623748,23
4490,3,8,0.036109928,0.9638901,23
4490,4,16,0.035998795,0.9640012,23
4490,5,29,0.0346033,0.9653967,23
4491,1,9,0.038089458,0.96191055,23
4491,2,2,0.037701484,0.9622985,23
4491,3,8,0.036173794,0.9638262,23
4491,4,16,0.036142237,0.96385777,23
4491,5,29,0.03471144,0.9652886,23
4492,1,9,0.038200468,0.9617995,23
4492,2,2,0.037575867,0.96242416,23
4492,3,8,0.03649078,0.9635092,23
4492,4,16,0.03592741,0.9640726,23
4492,5,29,0.034838624,0.9651614,23
4493,1,9,0.03797955,0.96202046,23
4493,2,2,0.037519783,0.9624802,23
4493,3,8,0.036459647,0.9635404,23
4493,4,16,0.03603025,0.96396977,23
4493,5,29,0.035010956,0.96498907,23
4494,1,9,0.038286567,0.96171343,23
4494,2,2,0.03800695,0.96199304,23
4494,3,8,0.036107667,0.96389234,23
4494,4,16,0.035988342,0.96401167,23
4494,5,1,0.03455007,0.9654499,23
4495,1,9,0.038377378,0.9616226,23
4495,2,2,0.03734401,0.962656,23
4495,3,8,0.036315612,0.9636844,23
4495,4,16,0.036147453,0.9638525,23
4495,5,29,0.03479391,0.9652061,23
4496,1,9,0.03817307,0.9618269,23
4496,2,2,0.037695795,0.96230423,23
4496,3,8,0.036346607,0.9636534,23
4496,4,16,0.03583605,0.96416396,23
4496,5,1,0.03483166,0.96516836,23
4497,1,9,0.03848791,0.9615121,23
4497,2,2,0.037942108,0.9620579,23
4497,3,8,0.03602315,0.96397686,23
4497,4,16,0.035744533,0.96425545,23
4497,5,1,0.034575365,0.96542466,23
4498,1,9,0.038064003,0.961936,23
4498,2,2,0.03762256,0.9623774,23
4498,3,16,0.036163498,0.9638365,23
4498,4,8,0.036158588,0.96384144,23
4498,5,29,0.034815628,0.9651844,23
4499,1,9,0.037992463,0.9620075,23
4499,2,2,0.03742023,0.9625798,23
4499,3,8,0.03635872,0.9636413,23
4499,4,16,0.036256436,0.96374357,23
4499,5,29,0.034832317,0.9651677,23
4500,1,9,0.038393702,0.9616063,23
4500,2,2,0.037699092,0.9623009,23
4500,3,8,0.036305267,0.96369475,23
4500,4,16,0.03589045,0.96410954,23
4500,5,1,0.034847807,0.9651522,23
4501,1,9,0.03838371,0.9616163,23
4501,2,2,0.03777197,0.96222806,23
4501,3,8,0.036278587,0.9637214,23
4501,4,16,0.03587516,0.96412486,23
4501,5,1,0.03470686,0.96529317,23
4502,1,9,0.038104825,0.96189517,23
4502,2,2,0.037420273,0.9625797,23
4502,3,16,0.036293328,0.9637067,23
4502,4,8,0.03618646,0.96381354,23
4502,5,29,0.034821674,0.9651783,23
4503,1,9,0.038641665,0.9613583,23
4503,2,2,0.037169144,0.96283084,23
4503,3,16,0.03617676,0.96382326,23
4503,4,8,0.036130738,0.9638693,23
4503,5,29,0.034781035,0.96521896,23
4504,1,9,0.03802616,0.96197385,23
4504,2,2,0.03761939,0.9623806,23
4504,3,16,0.0362819,0.9637181,23
4504,4,8,0.03626086,0.96373916,23
4504,5,29,0.034813758,0.96518624,23
4505,1,9,0.0382266,0.9617734,23
4505,2,2,0.03750039,0.9624996,23
4505,3,8,0.036148027,0.963852,23
4505,4,16,0.036096256,0.9639037,23
4505,5,1,0.034774132,0.9652259,23
4506,1,9,0.038192384,0.9618076,23
4506,2,2,0.037636373,0.9623636,23
4506,3,8,0.036199953,0.9638001,23
4506,4,16,0.036089323,0.9639107,23
4506,5,29,0.034797017,0.965203,23
4507,1,9,0.03819796,0.96180207,23
4507,2,2,0.037450578,0.96254945,23
4507,3,16,0.036208153,0.96379185,23
4507,4,8,0.036160663,0.96383935,23
4507,5,1,0.034821734,0.96517825,23
4508,1,9,0.038414877,0.9615851,23
4508,2,2,0.037640862,0.96235913,23
4508,3,8,0.036197156,0.9638028,23
4508,4,16,0.036128975,0.963871,23
4508,5,1,0.034812827,0.9651872,23
4509,1,9,0.038102895,0.96189713,23
4509,2,2,0.03762449,0.9623755,23
4509,3,8,0.036294766,0.96370524,23
4509,4,16,0.03604981,0.9639502,23
4509,5,29,0.034929648,0.96507037,23
4510,1,9,0.038169276,0.96183074,23
4510,2,2,0.03729081,0.9627092,23
4510,3,16,0.03629603,0.963704,23
4510,4,8,0.036088787,0.96391124,23
4510,5,29,0.034884807,0.9651152,23
4511,1,9,0.038109917,0.9618901,23
4511,2,2,0.037404977,0.96259505,23
4511,3,8,0.036292598,0.9637074,23
4511,4,16,0.036182195,0.96381783,23
4511,5,29,0.034829967,0.96517,23
4512,1,9,0.03819135,0.9618087,23
4512,2,2,0.037532616,0.9624674,23
4512,3,8,0.03645354,0.96354645,23
4512,4,16,0.03605255,0.9639475,23
4512,5,29,0.034784667,0.9652153,23
4513,1,9,0.03794801,0.962052,23
4513,2,2,0.037665915,0.9623341,23
4513,3,16,0.03623743,0.9637626,23
4513,4,8,0.03622332,0.9637767,23
4513,5,29,0.03493399,0.965066,23
4514,1,9,0.038483668,0.9615163,23
4514,2,2,0.03784031,0.9621597,23
4514,3,8,0.03597541,0.9640246,23
4514,4,16,0.03590824,0.9640918,23
4514,5,1,0.034628626,0.9653714,23
4515,1,9,0.038418487,0.9615815,23
4515,2,2,0.037799332,0.96220064,23
4515,3,8,0.036311463,0.96368855,23
4515,4,16,0.035784394,0.96421564,23
4515,5,1,0.034742773,0.9652572,23
4516,1,9,0.038117763,0.96188223,23
4516,2,2,0.037659116,0.9623409,23
4516,3,16,0.03625699,0.96374303,23
4516,4,8,0.036184512,0.9638155,23
4516,5,29,0.03473101,0.96526897,23
4517,1,9,0.038130514,0.9618695,23
4517,2,2,0.037506524,0.9624935,23
4517,3,8,0.036290884,0.9637091,23
4517,4,16,0.036020007,0.96398,23
4517,5,1,0.034953155,0.9650468,23
4518,1,9,0.03806058,0.9619394,23
4518,2,2,0.037860468,0.96213955,23
4518,3,16,0.03613234,0.96386766,23
4518,4,8,0.03595355,0.9640465,23
4518,5,29,0.034917604,0.9650824,23
4519,1,9,0.038190532,0.96180946,23
4519,2,2,0.037278194,0.9627218,23
4519,3,8,0.036495604,0.9635044,23
4519,4,16,0.0360292,0.9639708,23
4519,5,29,0.035009738,0.96499026,23
4520,1,9,0.03825767,0.96174234,23
4520,2,2,0.037731435,0.9622686,23
4520,3,8,0.03628577,0.96371424,23
4520,4,16,0.035911288,0.96408874,23
4520,5,1,0.03482699,0.965173,23
4521,1,9,0.03806171,0.96193826,23
4521,2,2,0.03788664,0.9621134,23
4521,3,8,0.036386196,0.9636138,23
4521,4,16,0.03601926,0.96398073,23
4521,5,29,0.034944814,0.96505517,23
4522,1,9,0.038098678,0.9619013,23
4522,2,2,0.03748612,0.96251386,23
4522,3,8,0.03630225,0.96369773,23
4522,4,16,0.036271334,0.96372867,23
4522,5,29,0.03483079,0.9651692,23
4523,1,9,0.038134642,0.96186537,23
4523,2,2,0.03724849,0.9627515,23
4523,3,8,0.03651193,0.96348804,23
4523,4,16,0.0360945,0.9639055,23
4523,5,29,0.03502426,0.9649757,23
4524,1,9,0.038340695,0.9616593,23
4524,2,2,0.037475877,0.9625241,23
4524,3,8,0.036270767,0.96372926,23
4524,4,16,0.035917353,0.96408266,23
4524,5,1,0.034847353,0.9651526,23
4525,1,9,0.03797436,0.96202564,23
4525,2,2,0.03786536,0.96213466,23
4525,3,8,0.036097623,0.96390235,23
4525,4,16,0.0360916,0.9639084,23
4525,5,1,0.034864437,0.9651356,23
4526,1,9,0.03818718,0.9618128,23
4526,2,2,0.037341014,0.962659,23
4526,3,8,0.03636537,0.9636346,23
4526,4,16,0.036154512,0.9638455,23
4526,5,29,0.03515115,0.9648489,23
4527,1,9,0.03802223,0.9619778,23
4527,2,2,0.037481673,0.96251833,23
4527,3,16,0.036354,0.963646,23
4527,4,8,0.036138486,0.9638615,23
4527,5,29,0.0348737,0.9651263,23
4528,1,9,0.038209867,0.96179014,23
4528,2,2,0.037766844,0.9622332,23
4528,3,8,0.036355946,0.963644,23
4528,4,16,0.03600572,0.96399426,23
4528,5,29,0.03491728,0.9650827,23
4529,1,9,0.03820125,0.9617987,23
4529,2,2,0.03786393,0.9621361,23
4529,3,8,0.0363066,0.9636934,23
4529,4,16,0.035907768,0.96409225,23
4529,5,1,0.034764055,0.96523595,23
4530,1,9,0.038208045,0.96179193,23
4530,2,2,0.03765666,0.96234334,23
4530,3,8,0.036160003,0.96384,23
4530,4,16,0.035965066,0.9640349,23
4530,5,29,0.03471715,0.96528286,23
4531,1,9,0.038208153,0.9617919,23
4531,2,2,0.037826855,0.96217316,23
4531,3,8,0.03624952,0.9637505,23
4531,4,16,0.03593706,0.9640629,23
4531,5,29,0.03474666,0.96525335,23
4532,1,9,0.03823042,0.9617696,23
4532,2,2,0.037744433,0.9622556,23
4532,3,8,0.0361871,0.9638129,23
4532,4,16,0.03612673,0.96387327,23
4532,5,29,0.034653645,0.96534634,23
4533,1,9,0.03847433,0.9615257,23
4533,2,2,0.0376356,0.9623644,23
4533,3,8,0.036235787,0.9637642,23
4533,4,16,0.03582705,0.96417296,23
4533,5,1,0.0348791,0.9651209,23
4534,1,9,0.037942175,0.9620578,23
4534,2,2,0.03742629,0.9625737,23
4534,3,16,0.036550086,0.9634499,23
4534,4,8,0.03626065,0.96373934,23
4534,5,29,0.034930177,0.96506983,23
4535,1,9,0.038155973,0.961844,23
4535,2,2,0.03794554,0.9620545,23
4535,3,8,0.03649228,0.9635077,23
4535,4,16,0.035897333,0.9641027,23
4535,5,1,0.034926534,0.96507347,23
4536,1,9,0.038359933,0.96164006,23
4536,2,2,0.037580688,0.96241933,23
4536,3,8,0.036229506,0.9637705,23
4536,4,16,0.03593818,0.9640618,23
4536,5,1,0.034764595,0.9652354,23
4537,1,9,0.038177896,0.9618221,23
4537,2,2,0.037434015,0.96256596,23
4537,3,8,0.0361602,0.96383977,23
4537,4,16,0.03609089,0.9639091,23
4537,5,1,0.0347509,0.9652491,23
4538,1,9,0.03818682,0.9618132,23
4538,2,2,0.03774137,0.96225864,23
4538,3,8,0.03623117,0.96376884,23
4538,4,16,0.035972424,0.9640276,23
4538,5,29,0.03476323,0.9652368,23
4539,1,9,0.0382706,0.9617294,23
4539,2,2,0.03794296,0.96205705,23
4539,3,8,0.036255855,0.96374416,23
4539,4,16,0.035750795,0.9642492,23
4539,5,1,0.034998775,0.9650012,23
4540,1,9,0.038163196,0.9618368,23
4540,2,2,0.03739373,0.96260625,23
4540,3,16,0.03632011,0.9636799,23
4540,4,8,0.036253564,0.9637464,23
4540,5,29,0.03497338,0.9650266,23
4541,1,9,0.03841044,0.9615896,23
4541,2,2,0.03784602,0.962154,23
4541,3,16,0.036021557,0.96397847,23
4541,4,8,0.035980064,0.96401995,23
4541,5,29,0.03452666,0.96547335,23
4542,1,9,0.038455054,0.96154493,23
4542,2,2,0.037406538,0.96259344,23
4542,3,8,0.036278266,0.96372175,23
4542,4,16,0.036070585,0.9639294,23
4542,5,29,0.034803085,0.9651969,23
4543,1,9,0.03850775,0.96149224,23
4543,2,2,0.037452467,0.96254754,23
4543,3,8,0.036118686,0.9638813,23
4543,4,16,0.036070332,0.96392965,23
4543,5,29,0.03477692,0.9652231,23
4544,1,9,0.037972085,0.9620279,23
4544,2,2,0.03750724,0.96249276,23
4544,3,8,0.03640565,0.9635944,23
4544,4,16,0.036230795,0.9637692,23
4544,5,29,0.035024785,0.96497524,23
4545,1,9,0.03851048,0.9614895,23
4545,2,2,0.03788547,0.9621145,23
4545,3,8,0.036301672,0.9636983,23
4545,4,16,0.03557977,0.9644202,23
4545,5,1,0.034909423,0.9650906,23
4546,1,9,0.038262114,0.9617379,23
4546,2,2,0.037543718,0.9624563,23
4546,3,8,0.036104295,0.9638957,23
4546,4,16,0.036087293,0.9639127,23
4546,5,29,0.034753915,0.9652461,23
4547,1,9,0.03798225,0.9620178,23
4547,2,2,0.03734512,0.9626549,23
4547,3,16,0.03665922,0.96334076,23
4547,4,8,0.03617276,0.96382725,23
4547,5,29,0.034989353,0.96501064,23
4548,1,9,0.0383189,0.9616811,23
4548,2,2,0.037600905,0.9623991,23
4548,3,8,0.036320023,0.96367997,23
4548,4,16,0.036118917,0.9638811,23
4548,5,1,0.034832526,0.96516746,23
4549,1,9,0.038212385,0.96178764,23
4549,2,2,0.037526295,0.9624737,23
4549,3,8,0.036192793,0.9638072,23
4549,4,16,0.036191132,0.9638089,23
4549,5,29,0.03470249,0.9652975,23
4550,1,9,0.03814696,0.961853,23
4550,2,2,0.03790271,0.9620973,23
4550,3,8,0.036184385,0.9638156,23
4550,4,16,0.036053475,0.9639465,23
4550,5,29,0.034739397,0.9652606,23
4551,1,9,0.038205303,0.9617947,23
4551,2,2,0.037614606,0.9623854,23
4551,3,8,0.03614225,0.96385777,23
4551,4,16,0.036072556,0.96392745,23
4551,5,29,0.03467761,0.9653224,23
4552,1,9,0.038488187,0.9615118,23
4552,2,2,0.037961163,0.9620388,23
4552,3,8,0.03629723,0.9637028,23
4552,4,16,0.035670996,0.964329,23
4552,5,1,0.034820568,0.96517944,23
4553,1,9,0.038187113,0.9618129,23
4553,2,2,0.037595518,0.9624045,23
4553,3,8,0.036483794,0.96351624,23
4553,4,16,0.036020305,0.9639797,23
4553,5,1,0.03481716,0.96518284,23
4554,1,9,0.038340673,0.9616593,23
4554,2,2,0.037597474,0.9624025,23
4554,3,8,0.03638951,0.9636105,23
4554,4,16,0.036032766,0.9639672,23
4554,5,29,0.03478141,0.9652186,23
4555,1,9,0.038040552,0.9619594,23
4555,2,2,0.03736953,0.96263045,23
4555,3,16,0.03631443,0.9636856,23
4555,4,8,0.03627949,0.9637205,23
4555,5,29,0.03485737,0.9651426,23
4556,1,9,0.038486894,0.9615131,23
4556,2,2,0.037379056,0.962621,23
4556,3,16,0.03621659,0.9637834,23
4556,4,8,0.036067653,0.96393234,23
4556,5,29,0.034708675,0.9652913,23
4557,1,9,0.03802871,0.9619713,23
4557,2,2,0.03761441,0.9623856,23
4557,3,8,0.036298044,0.96370196,23
4557,4,16,0.03612311,0.9638769,23
4557,5,1,0.034760486,0.9652395,23
4558,1,9,0.03836746,0.96163255,23
4558,2,2,0.037961103,0.9620389,23
4558,3,8,0.036054496,0.9639455,23
4558,4,16,0.035685938,0.96431404,23
4558,5,1,0.0347982,0.9652018,23
4559,1,9,0.03833015,0.96166986,23
4559,2,2,0.037496097,0.9625039,23
4559,3,16,0.03623643,0.9637636,23
4559,4,8,0.036167447,0.96383256,23
4559,5,29,0.034666434,0.9653336,23
4560,1,9,0.038137387,0.9618626,23
4560,2,2,0.03737926,0.96262074,23
4560,3,8,0.0363708,0.9636292,23
4560,4,16,0.036239333,0.9637607,23
4560,5,29,0.034830935,0.9651691,23
4561,1,9,0.038402002,0.961598,23
4561,2,2,0.037661538,0.96233845,23
4561,3,8,0.036271367,0.9637286,23
4561,4,16,0.036097888,0.9639021,23
4561,5,1,0.034797378,0.9652026,23
4562,1,9,0.038312517,0.9616875,23
4562,2,2,0.03751479,0.9624852,23
4562,3,8,0.036340058,0.96365994,23
4562,4,16,0.03598413,0.96401584,23
4562,5,29,0.034788433,0.9652116,23
4563,1,9,0.03837662,0.9616234,23
4563,2,2,0.037791565,0.96220845,23
4563,3,8,0.036203872,0.96379614,23
4563,4,16,0.03578721,0.9642128,23
4563,5,1,0.03490855,0.96509147,23
4564,1,9,0.03818049,0.9618195,23
4564,2,2,0.03765831,0.96234167,23
4564,3,16,0.036207974,0.963792,23
4564,4,8,0.0361666,0.9638334,23
4564,5,29,0.034639843,0.96536016,23
4565,1,9,0.038126748,0.96187323,23
4565,2,2,0.03739381,0.9626062,23
4565,3,16,0.0362917,0.9637083,23
4565,4,8,0.03620428,0.9637957,23
4565,5,29,0.034777716,0.9652223,23
4566,1,9,0.038213383,0.9617866,23
4566,2,2,0.03774727,0.96225274,23
4566,3,8,0.036270782,0.9637292,23
4566,4,16,0.035836868,0.9641631,23
4566,5,1,0.034695137,0.96530485,23
4567,1,9,0.038177654,0.96182233,23
4567,2,2,0.03786885,0.96213114,23
4567,3,8,0.03623989,0.96376014,23
4567,4,16,0.035965547,0.96403444,23
4567,5,29,0.034734122,0.96526587,23
4568,1,9,0.03841252,0.9615875,23
4568,2,2,0.03768523,0.9623148,23
4568,3,8,0.036305204,0.9636948,23
4568,4,16,0.035881754,0.96411824,23
4568,5,1,0.03466597,0.96533406,23
4569,1,9,0.038007677,0.9619923,23
4569,2,2,0.037414983,0.96258503,23
4569,3,8,0.03639808,0.96360195,23
4569,4,16,0.036375538,0.9636245,23
4569,5,29,0.03490897,0.96509105,23
4570,1,9,0.038164064,0.9618359,23
4570,2,2,0.03743013,0.9625699,23
4570,3,8,0.036233347,0.96376663,23
4570,4,16,0.036145035,0.96385497,23
4570,5,29,0.0347582,0.9652418,23
4571,1,9,0.038435977,0.961564,23
4571,2,2,0.037514277,0.96248573,23
4571,3,16,0.036079027,0.96392095,23
4571,4,8,0.036024306,0.96397567,23
4571,5,29,0.03470542,0.9652946,23
4572,1,9,0.037999496,0.9620005,23
4572,2,2,0.03729179,0.96270823,23
4572,3,16,0.036541484,0.96345854,23
4572,4,8,0.03618348,0.9638165,23
4572,5,29,0.035035063,0.9649649,23
4573,1,9,0.038204808,0.9617952,23
4573,2,2,0.037480716,0.9625193,23
4573,3,8,0.036313325,0.9636867,23
4573,4,16,0.03605803,0.963942,23
4573,5,29,0.0348397,0.9651603,23
4574,1,9,0.03792709,0.9620729,23
4574,2,2,0.037920263,0.96207976,23
4574,3,8,0.03651928,0.9634807,23
4574,4,16,0.035807297,0.9641927,23
4574,5,29,0.03490461,0.9650954,23
4575,1,9,0.038218398,0.9617816,23
4575,2,2,0.037645314,0.96235466,23
4575,3,8,0.03621859,0.9637814,23
4575,4,16,0.03614541,0.9638546,23
4575,5,29,0.034763914,0.96523607,23
4576,1,9,0.03816766,0.96183234,23
4576,2,2,0.037323937,0.96267605,23
4576,3,8,0.036432214,0.9635678,23
4576,4,16,0.036286097,0.9637139,23
4576,5,29,0.034980837,0.96501917,23
4577,1,9,0.037958734,0.96204126,23
4577,2,2,0.03740447,0.9625955,23
4577,3,16,0.0363906,0.9636094,23
4577,4,8,0.036353897,0.9636461,23
4577,5,29,0.034948092,0.9650519,23
4578,1,9,0.038388543,0.96161145,23
4578,2,2,0.03755328,0.9624467,23
4578,3,16,0.036107387,0.96389264,23
4578,4,8,0.036031116,0.9639689,23
4578,5,29,0.03477323,0.96522677,23
4579,1,9,0.038398046,0.961602,23
4579,2,2,0.037375476,0.96262455,23
4579,3,8,0.036123924,0.96387607,23
4579,4,16,0.036092516,0.9639075,23
4579,5,29,0.034763653,0.96523637,23
4580,1,9,0.03810321,0.9618968,23
4580,2,2,0.037633933,0.96236604,23
4580,3,8,0.036418363,0.9635816,23
4580,4,16,0.035966422,0.9640336,23
4580,5,1,0.034932688,0.9650673,23
4581,1,9,0.038365453,0.9616345,23
4581,2,2,0.037959836,0.9620402,23
4581,3,8,0.036192227,0.96380776,23
4581,4,16,0.035930965,0.964069,23
4581,5,1,0.03467598,0.96532404,23
4582,1,9,0.03819231,0.96180767,23
4582,2,2,0.037371714,0.9626283,23
4582,3,16,0.03654279,0.9634572,23
4582,4,8,0.03598386,0.96401614,23
4582,5,29,0.034812413,0.9651876,23
4583,1,9,0.038159564,0.96184045,23
4583,2,2,0.03740437,0.96259564,23
4583,3,8,0.03628064,0.96371937,23
4583,4,16,0.03623198,0.963768,23
4583,5,29,0.034870807,0.9651292,23
4584,1,9,0.03805067,0.96194935,23
4584,2,2,0.03737103,0.96262896,23
4584,3,8,0.036426887,0.9635731,23
4584,4,16,0.036064047,0.963936,23
4584,5,29,0.034999873,0.96500015,23
4585,1,9,0.03843007,0.9615699,23
4585,2,2,0.03735129,0.9626487,23
4585,3,16,0.03654171,0.9634583,23
4585,4,8,0.035896357,0.96410364,23
4585,5,29,0.034822218,0.9651778,23
4586,1,9,0.038395483,0.96160454,23
4586,2,2,0.037818242,0.96218175,23
4586,3,8,0.036258884,0.9637411,23
4586,4,16,0.036032047,0.963968,23
4586,5,29,0.03464684,0.96535313,23
4587,1,9,0.03867325,0.9613268,23
4587,2,2,0.03755932,0.96244067,23
4587,3,16,0.036012433,0.9639876,23
4587,4,8,0.035952102,0.9640479,23
4587,5,18,0.03461132,0.96538866,23
4588,1,9,0.03809204,0.961908,23
4588,2,2,0.037721805,0.9622782,23
4588,3,8,0.036202554,0.96379745,23
4588,4,16,0.036151305,0.9638487,23
4588,5,29,0.03499158,0.96500844,23
4589,1,9,0.038386088,0.9616139,23
4589,2,2,0.037959166,0.96204084,23
4589,3,8,0.036092274,0.9639077,23
4589,4,16,0.035748865,0.96425116,23
4589,5,29,0.034631643,0.96536833,23
4590,1,9,0.038080946,0.96191907,23
4590,2,2,0.03773274,0.9622673,23
4590,3,16,0.036322635,0.96367735,23
4590,4,8,0.036077537,0.96392244,23
4590,5,29,0.03484326,0.96515673,23
4591,1,9,0.038040906,0.9619591,23
4591,2,2,0.037597872,0.9624021,23
4591,3,8,0.036417913,0.9635821,23
4591,4,16,0.036052607,0.9639474,23
4591,5,29,0.034816563,0.96518344,23
4592,1,9,0.03851824,0.96148175,23
4592,2,2,0.037734516,0.9622655,23
4592,3,8,0.0362794,0.9637206,23
4592,4,16,0.035957277,0.9640427,23
4592,5,29,0.03461886,0.96538115,23
4593,1,9,0.03828853,0.96171147,23
4593,2,2,0.037900876,0.96209913,23
4593,3,8,0.036109272,0.96389073,23
4593,4,16,0.03594208,0.9640579,23
4593,5,1,0.034683894,0.9653161,23
4594,1,9,0.038401738,0.9615983,23
4594,2,2,0.037876893,0.9621231,23
4594,3,8,0.03607357,0.96392643,23
4594,4,16,0.035931095,0.9640689,23
4594,5,1,0.03473356,0.96526647,23
4595,1,9,0.03837939,0.9616206,23
4595,2,2,0.03738805,0.962612,23
4595,3,8,0.036342155,0.96365786,23
4595,4,16,0.03603481,0.9639652,23
4595,5,29,0.03491558,0.96508443,23
4596,1,9,0.038217694,0.96178234,23
4596,2,2,0.037506916,0.96249306,23
4596,3,8,0.036259864,0.9637401,23
4596,4,16,0.036111422,0.9638886,23
4596,5,1,0.034785684,0.9652143,23
4597,1,9,0.03809623,0.96190375,23
4597,2,2,0.037629068,0.96237093,23
4597,3,8,0.036255024,0.963745,23
4597,4,16,0.036073964,0.963926,23
4597,5,29,0.03477621,0.9652238,23
4598,1,9,0.03820452,0.96179545,23
4598,2,2,0.037511855,0.9624882,23
4598,3,16,0.036245577,0.9637544,23
4598,4,8,0.036041964,0.963958,23
4598,5,29,0.034694117,0.96530586,23
4599,1,9,0.038361784,0.9616382,23
4599,2,2,0.03772017,0.96227986,23
4599,3,8,0.036067564,0.96393245,23
4599,4,16,0.035928983,0.96407104,23
4599,5,29,0.03465563,0.96534437,23
4600,1,9,0.038257673,0.96174234,23
4600,2,2,0.037296813,0.96270317,23
4600,3,8,0.036383737,0.96361625,23
4600,4,16,0.0360061,0.9639939,23
4600,5,29,0.034833513,0.9651665,23
4601,1,9,0.038230922,0.9617691,23
4601,2,2,0.037908547,0.96209145,23
4601,3,8,0.036329966,0.96367,23
4601,4,16,0.035875674,0.9641243,23
4601,5,1,0.03475776,0.96524227,23
4602,1,9,0.03825468,0.9617453,23
4602,2,2,0.03771688,0.96228313,23
4602,3,8,0.03632739,0.96367264,23
4602,4,16,0.036173046,0.96382695,23
4602,5,1,0.034795735,0.96520424,23
4603,1,9,0.0380598,0.96194017,23
4603,2,2,0.037414193,0.9625858,23
4603,3,8,0.03639871,0.9636013,23
4603,4,16,0.036261905,0.9637381,23
4603,5,29,0.03496758,0.9650324,23
4604,1,9,0.03843184,0.9615682,23
4604,2,2,0.037728913,0.9622711,23
4604,3,8,0.03615833,0.9638417,23
4604,4,16,0.03606667,0.96393335,23
4604,5,1,0.034594443,0.9654056,23
4605,1,9,0.038295403,0.9617046,23
4605,2,2,0.03772446,0.96227556,23
4605,3,8,0.036158137,0.96384186,23
4605,4,16,0.036026374,0.96397364,23
4605,5,1,0.034798287,0.96520174,23
4606,1,9,0.03847287,0.9615271,23
4606,2,2,0.038051993,0.96194804,23
4606,3,8,0.036126994,0.963873,23
4606,4,16,0.035673063,0.9643269,23
4606,5,1,0.035023224,0.9649768,23
4607,1,9,0.038336102,0.9616639,23
4607,2,2,0.037693933,0.9623061,23
4607,3,8,0.036257353,0.9637427,23
4607,4,16,0.035890512,0.9641095,23
4607,5,1,0.034770735,0.9652293,23
4608,1,9,0.037945304,0.96205467,23
4608,2,2,0.037629522,0.96237046,23
4608,3,16,0.0363143,0.9636857,23
4608,4,8,0.03617039,0.96382964,23
4608,5,29,0.03481798,0.965182,23
4609,1,9,0.038370382,0.9616296,23
4609,2,2,0.037258744,0.96274126,23
4609,3,8,0.036246903,0.9637531,23
4609,4,16,0.036171496,0.9638285,23
4609,5,29,0.034731556,0.96526843,23
4610,1,9,0.03814976,0.9618502,23
4610,2,2,0.037719667,0.96228033,23
4610,3,8,0.036293652,0.9637064,23
4610,4,16,0.03609534,0.9639047,23
4610,5,1,0.034921452,0.96507853,23
4611,1,9,0.038231183,0.9617688,23
4611,2,2,0.037649423,0.9623506,23
4611,3,16,0.036157228,0.96384275,23
4611,4,8,0.03605596,0.963944,23
4611,5,29,0.0348001,0.9651999,23
4612,1,9,0.03848993,0.96151006,23
4612,2,2,0.037814043,0.962186,23
4612,3,8,0.03620565,0.96379435,23
4612,4,16,0.035853177,0.96414685,23
4612,5,29,0.034630492,0.9653695,23
4613,1,9,0.03814803,0.96185195,23
4613,2,2,0.037570707,0.9624293,23
4613,3,8,0.036193874,0.96380615,23
4613,4,16,0.03616056,0.9638394,23
4613,5,29,0.03480732,0.9651927,23
4614,1,9,0.038602453,0.9613975,23
4614,2,2,0.037635062,0.9623649,23
4614,3,16,0.03600206,0.96399796,23
4614,4,8,0.035994146,0.9640058,23
4614,5,29,0.0346482,0.9653518,23
4615,1,9,0.03828969,0.96171033,23
4615,2,2,0.0378857,0.9621143,23
4615,3,8,0.03627463,0.9637254,23
4615,4,16,0.03600974,0.9639903,23
4615,5,1,0.034711733,0.9652883,23
4616,1,9,0.038167417,0.9618326,23
4616,2,2,0.037341554,0.96265846,23
4616,3,16,0.03634137,0.96365863,23
4616,4,8,0.036178503,0.9638215,23
4616,5,29,0.034913823,0.96508616,23
4617,1,9,0.038121864,0.9618781,23
4617,2,2,0.037851468,0.96214855,23
4617,3,8,0.03624939,0.9637506,23
4617,4,16,0.035998646,0.96400136,23
4617,5,29,0.03474716,0.9652528,23
4618,1,9,0.038484357,0.96151567,23
4618,2,2,0.037677296,0.9623227,23
4618,3,8,0.036178853,0.9638212,23
4618,4,16,0.035886474,0.96411353,23
4618,5,29,0.03470645,0.9652935,23
4619,1,9,0.03803412,0.96196586,23
4619,2,2,0.037644565,0.96235543,23
4619,3,8,0.036163516,0.9638365,23
4619,4,16,0.036059186,0.9639408,23
4619,5,1,0.034913357,0.96508664,23
4620,1,9,0.038197502,0.9618025,23
4620,2,2,0.037476543,0.96252346,23
4620,3,8,0.036351517,0.9636485,23
4620,4,16,0.036068507,0.9639315,23
4620,5,29,0.03484622,0.96515375,23
4621,1,9,0.038358815,0.9616412,23
4621,2,2,0.03785018,0.9621498,23
4621,3,8,0.036285337,0.96371466,23
4621,4,16,0.035848357,0.9641516,23
4621,5,1,0.034967672,0.96503234,23
4622,1,9,0.038436703,0.9615633,23
4622,2,2,0.037539758,0.9624602,23
4622,3,8,0.036144298,0.9638557,23
4622,4,16,0.03606002,0.96393996,23
4622,5,29,0.034778476,0.9652215,23
4623,1,9,0.03811535,0.9618847,23
4623,2,2,0.03769791,0.9623021,23
4623,3,8,0.03621396,0.96378607,23
4623,4,16,0.036198635,0.9638014,23
4623,5,29,0.03482604,0.96517396,23
4624,1,9,0.03813033,0.96186966,23
4624,2,2,0.03761532,0.9623847,23
4624,3,16,0.036241226,0.96375877,23
4624,4,8,0.036090173,0.9639098,23
4624,5,29,0.03475969,0.9652403,23
4625,1,9,0.038019005,0.961981,23
4625,2,2,0.03732814,0.9626719,23
4625,3,16,0.036482997,0.963517,23
4625,4,8,0.03624449,0.9637555,23
4625,5,1,0.03495726,0.9650427,23
4626,1,9,0.038258832,0.96174115,23
4626,2,2,0.037784696,0.9622153,23
4626,3,8,0.03616223,0.96383774,23
4626,4,16,0.035844944,0.9641551,23
4626,5,1,0.034759134,0.96524084,23
4627,1,9,0.038031116,0.9619689,23
4627,2,2,0.037898827,0.96210116,23
4627,3,8,0.036171116,0.96382886,23
4627,4,16,0.03596164,0.9640384,23
4627,5,29,0.034833387,0.9651666,23
4628,1,9,0.038198967,0.96180105,23
4628,2,2,0.037775632,0.96222436,23
4628,3,8,0.03617945,0.9638206,23
4628,4,16,0.036079805,0.9639202,23
4628,5,29,0.034688916,0.9653111,23
4629,1,9,0.03839854,0.96160144,23
4629,2,2,0.037691403,0.9623086,23
4629,3,8,0.036151137,0.9638489,23
4629,4,16,0.035813622,0.9641864,23
4629,5,1,0.03464586,0.96535414,23
4630,1,9,0.038203936,0.96179605,23
4630,2,2,0.03757427,0.9624257,23
4630,3,8,0.03639077,0.9636092,23
4630,4,16,0.035876755,0.96412325,23
4630,5,1,0.035069082,0.9649309,23
4631,1,9,0.03854597,0.96145403,23
4631,2,2,0.037780777,0.96221924,23
4631,3,8,0.036180474,0.9638195,23
4631,4,16,0.035964508,0.9640355,23
4631,5,29,0.034670584,0.9653294,23
4632,1,9,0.038220223,0.9617798,23
4632,2,2,0.037614018,0.962386,23
4632,3,8,0.036268085,0.9637319,23
4632,4,16,0.036022034,0.963978,23
4632,5,29,0.034746636,0.96525335,23
4633,1,9,0.038468424,0.9615316,23
4633,2,2,0.037586965,0.962413,23
4633,3,8,0.03624495,0.9637551,23
4633,4,16,0.035949655,0.96405035,23
4633,5,1,0.03469127,0.9653087,23
4634,1,9,0.038236223,0.9617638,23
4634,2,2,0.03743708,0.9625629,23
4634,3,16,0.036332466,0.9636675,23
4634,4,8,0.036124885,0.9638751,23
4634,5,29,0.0349055,0.9650945,23
4635,1,9,0.03810786,0.9618921,23
4635,2,2,0.037458476,0.9625415,23
4635,3,8,0.036236793,0.96376324,23
4635,4,16,0.03597549,0.9640245,23
4635,5,1,0.034944646,0.96505535,23
4636,1,9,0.03818932,0.9618107,23
4636,2,2,0.03768636,0.96231365,23
4636,3,16,0.03602412,0.9639759,23
4636,4,8,0.03602258,0.9639774,23
4636,5,29,0.034817018,0.96518296,23
4637,1,9,0.038249396,0.9617506,23
4637,2,2,0.03787856,0.9621214,23
4637,3,8,0.036201432,0.9637986,23
4637,4,16,0.03586268,0.9641373,23
4637,5,1,0.034812085,0.9651879,23
4638,1,9,0.0380464,0.9619536,23
4638,2,2,0.037393056,0.96260697,23
4638,3,16,0.03660473,0.9633953,23
4638,4,8,0.0360674,0.9639326,23
4638,5,29,0.034872152,0.9651278,23
4639,1,9,0.03817083,0.9618292,23
4639,2,2,0.037483003,0.962517,23
4639,3,8,0.036310147,0.96368986,23
4639,4,16,0.036182966,0.96381706,23
4639,5,29,0.034773774,0.96522623,23
4640,1,9,0.03817259,0.9618274,23
4640,2,2,0.037415422,0.96258456,23
4640,3,16,0.036250815,0.9637492,23
4640,4,8,0.036157873,0.96384215,23
4640,5,29,0.03497218,0.9650278,23
4641,1,9,0.037994977,0.962005,23
4641,2,2,0.037446726,0.96255326,23
4641,3,16,0.036407523,0.96359247,23
4641,4,8,0.036320183,0.9636798,23
4641,5,29,0.035022914,0.9649771,23
4642,1,9,0.038062535,0.9619375,23
4642,2,2,0.037752446,0.96224755,23
4642,3,8,0.036262307,0.96373767,23
4642,4,16,0.03620566,0.96379435,23
4642,5,29,0.034935884,0.9650641,23
4643,1,9,0.03825561,0.96174437,23
4643,2,2,0.03789244,0.96210754,23
4643,3,8,0.036346532,0.96365345,23
4643,4,16,0.03579376,0.9642062,23
4643,5,1,0.03484687,0.96515316,23
4644,1,9,0.03820039,0.9617996,23
4644,2,2,0.03759635,0.96240366,23
4644,3,8,0.036216643,0.9637834,23
4644,4,16,0.036090937,0.9639091,23
4644,5,29,0.034953386,0.96504664,23
4645,1,9,0.03804088,0.9619591,23
4645,2,2,0.037531972,0.962468,23
4645,3,16,0.03632029,0.96367973,23
4645,4,8,0.036246635,0.96375334,23
4645,5,29,0.035073943,0.96492606,23
4646,1,9,0.038553156,0.9614468,23
4646,2,2,0.037808184,0.9621918,23
4646,3,8,0.03619034,0.96380967,23
4646,4,16,0.035782713,0.9642173,23
4646,5,1,0.03479038,0.9652096,23
4647,1,9,0.037965458,0.9620345,23
4647,2,2,0.03746692,0.96253306,23
4647,3,8,0.03636938,0.9636306,23
4647,4,16,0.03622047,0.9637795,23
4647,5,29,0.03518542,0.9648146,23
4648,1,9,0.038520474,0.96147954,23
4648,2,2,0.03794604,0.96205395,23
4648,3,8,0.036118906,0.9638811,23
4648,4,16,0.035780758,0.9642192,23
4648,5,29,0.03455029,0.9654497,23
4649,1,9,0.037928514,0.9620715,23
4649,2,2,0.03758032,0.9624197,23
4649,3,8,0.03624584,0.9637542,23
4649,4,16,0.03622059,0.9637794,23
4649,5,29,0.03487506,0.96512496,23
4650,1,9,0.038320374,0.96167964,23
4650,2,2,0.03773756,0.96226245,23
4650,3,8,0.036150597,0.9638494,23
4650,4,16,0.036071047,0.96392894,23
4650,5,29,0.034824196,0.9651758,23
4651,1,9,0.038300067,0.96169996,23
4651,2,2,0.037738778,0.9622612,23
4651,3,8,0.036218945,0.96378106,23
4651,4,16,0.03582209,0.9641779,23
4651,5,1,0.035063375,0.9649366,23
4652,1,9,0.038177118,0.96182287,23
4652,2,2,0.03734946,0.96265054,23
4652,3,16,0.036393035,0.96360695,23
4652,4,8,0.036095116,0.96390486,23
4652,5,29,0.03479184,0.9652082,23
4653,1,9,0.037979867,0.96202016,23
4653,2,2,0.037685256,0.9623147,23
4653,3,16,0.03629248,0.9637075,23
4653,4,8,0.036270466,0.96372956,23
4653,5,29,0.03494552,0.96505445,23
4654,1,9,0.038326982,0.961673,23
4654,2,2,0.037739255,0.9622607,23
4654,3,8,0.03616245,0.96383756,23
4654,4,16,0.036042366,0.9639576,23
4654,5,29,0.034756042,0.96524394,23
4655,1,9,0.03826588,0.9617341,23
4655,2,2,0.037491873,0.96250814,23
4655,3,8,0.0364433,0.9635567,23
4655,4,16,0.035910733,0.9640893,23
4655,5,29,0.034877814,0.96512216,23
4656,1,9,0.038003556,0.96199644,23
4656,2,2,0.037472937,0.96252704,23
4656,3,8,0.036407135,0.9635929,23
4656,4,16,0.036397357,0.96360266,23
4656,5,29,0.034977537,0.96502244,23
4657,1,9,0.038293175,0.9617068,23
4657,2,2,0.037530612,0.9624694,23
4657,3,8,0.03611469,0.9638853,23
4657,4,16,0.03602406,0.96397597,23
4657,5,29,0.034786798,0.9652132,23
4658,1,9,0.0383518,0.9616482,23
4658,2,2,0.0373071,0.9626929,23
4658,3,16,0.036187258,0.96381277,23
4658,4,8,0.036042307,0.96395767,23
4658,5,29,0.03474237,0.96525764,23
4659,1,9,0.03830763,0.9616924,23
4659,2,2,0.03747276,0.9625272,23
4659,3,8,0.036267236,0.9637328,23
4659,4,16,0.036128685,0.9638713,23
4659,5,1,0.03471705,0.965283,23
4660,1,9,0.038061183,0.9619388,23
4660,2,2,0.037542727,0.9624573,23
4660,3,8,0.03630479,0.9636952,23
4660,4,16,0.036134575,0.9638654,23
4660,5,29,0.034811184,0.9651888,23
4661,1,9,0.03801787,0.96198213,23
4661,2,2,0.03759982,0.9624002,23
4661,3,16,0.036358356,0.96364164,23
4661,4,8,0.03606826,0.96393174,23
4661,5,29,0.034925073,0.9650749,23
4662,1,9,0.03807747,0.9619225,23
4662,2,2,0.037416063,0.96258396,23
4662,3,8,0.03627434,0.9637257,23
4662,4,16,0.036254797,0.9637452,23
4662,5,29,0.03503429,0.9649657,23
4663,1,9,0.038316365,0.96168363,23
4663,2,2,0.03814769,0.9618523,23
4663,3,8,0.036219303,0.9637807,23
4663,4,16,0.035651308,0.9643487,23
4663,5,1,0.03499127,0.96500874,23
4664,1,9,0.038157236,0.9618428,23
4664,2,2,0.037613936,0.9623861,23
4664,3,8,0.03629341,0.9637066,23
4664,4,16,0.035931863,0.9640681,23
4664,5,1,0.034743007,0.965257,23
4665,1,9,0.038136177,0.9618638,23
4665,2,2,0.03746933,0.9625307,23
4665,3,16,0.036287244,0.96371275,23
4665,4,8,0.036261633,0.9637384,23
4665,5,29,0.035025015,0.964975,23
4666,1,9,0.038138352,0.96186167,23
4666,2,2,0.03768529,0.9623147,23
4666,3,8,0.03631032,0.9636897,23
4666,4,16,0.03607141,0.9639286,23
4666,5,29,0.03501202,0.964988,23
4667,1,9,0.038224258,0.9617757,23
4667,2,2,0.03759413,0.96240586,23
4667,3,8,0.03618876,0.9638112,23
4667,4,16,0.03607429,0.9639257,23
4667,5,1,0.034916945,0.96508306,23
4668,1,9,0.03797015,0.9620299,23
4668,2,2,0.037735086,0.9622649,23
4668,3,8,0.036182456,0.96381754,23
4668,4,16,0.036127135,0.96387285,23
4668,5,29,0.034945153,0.96505487,23
4669,1,9,0.038223173,0.96177685,23
4669,2,2,0.037595846,0.96240413,23
4669,3,8,0.03617704,0.96382296,23
4669,4,16,0.035983827,0.9640162,23
4669,5,1,0.034751687,0.9652483,23
4670,1,9,0.038291004,0.961709,23
4670,2,2,0.037801884,0.96219814,23
4670,3,8,0.036187664,0.96381235,23
4670,4,16,0.035913754,0.96408623,23
4670,5,29,0.034766253,0.96523374,23
4671,1,9,0.03817496,0.961825,23
4671,2,2,0.03761092,0.9623891,23
4671,3,8,0.036375362,0.96362466,23
4671,4,16,0.035919208,0.9640808,23
4671,5,1,0.03500346,0.9649965,23
4672,1,9,0.038079556,0.96192044,23
4672,2,2,0.037524417,0.9624756,23
4672,3,8,0.036288686,0.9637113,23
4672,4,16,0.036102876,0.9638971,23
4672,5,1,0.034825187,0.9651748,23
4673,1,9,0.03797988,0.9620201,23
4673,2,2,0.037641943,0.96235806,23
4673,3,16,0.0363766,0.9636234,23
4673,4,8,0.03625783,0.9637422,23
4673,5,29,0.034796733,0.9652033,23
4674,1,9,0.038144324,0.96185565,23
4674,2,2,0.03791134,0.96208864,23
4674,3,8,0.036347557,0.96365243,23
4674,4,16,0.035837293,0.9641627,23
4674,5,1,0.0350714,0.9649286,23
4675,1,9,0.038279276,0.9617207,23
4675,2,2,0.03768114,0.96231884,23
4675,3,8,0.03632758,0.9636724,23
4675,4,16,0.03595444,0.9640456,23
4675,5,1,0.03480967,0.96519035,23
4676,1,9,0.038283445,0.96171653,23
4676,2,2,0.037664894,0.9623351,23
4676,3,16,0.03605587,0.96394414,23
4676,4,8,0.036049284,0.9639507,23
4676,5,29,0.034774926,0.9652251,23
4677,1,9,0.03828622,0.9617138,23
4677,2,2,0.037434865,0.9625651,23
4677,3,8,0.036282632,0.96371734,23
4677,4,16,0.036047336,0.96395266,23
4677,5,1,0.034715615,0.9652844,23
4678,1,9,0.03803086,0.96196914,23
4678,2,2,0.037718378,0.96228164,23
4678,3,8,0.03632414,0.96367586,23
4678,4,16,0.035932653,0.96406734,23
4678,5,1,0.034896675,0.9651033,23
4679,1,9,0.038004704,0.9619953,23
4679,2,2,0.037299383,0.9627006,23
4679,3,8,0.036451038,0.96354896,23
4679,4,16,0.03630844,0.96369153,23
4679,5,29,0.03521512,0.96478486,23
4680,1,9,0.0382621,0.9617379,23
4680,2,2,0.037529744,0.96247023,23
4680,3,8,0.036313005,0.963687,23
4680,4,16,0.03593699,0.964063,23
4680,5,29,0.0348216,0.9651784,23
4681,1,9,0.037998114,0.96200186,23
4681,2,2,0.037717655,0.96228236,23
4681,3,16,0.036208604,0.9637914,23
4681,4,8,0.036144443,0.96385556,23
4681,5,29,0.034814324,0.9651857,23
4682,1,9,0.03823403,0.96176594,23
4682,2,2,0.037501574,0.9624984,23
4682,3,8,0.03639066,0.96360934,23
4682,4,16,0.03597167,0.96402836,23
4682,5,29,0.034810945,0.96518904,23
4683,1,9,0.03801022,0.96198976,23
4683,2,2,0.03774195,0.96225804,23
4683,3,8,0.03629541,0.9637046,23
4683,4,16,0.035965092,0.9640349,23
4683,5,29,0.03477302,0.965227,23
4684,1,9,0.037949953,0.96205,23
4684,2,2,0.03750936,0.9624906,23
4684,3,8,0.036353286,0.9636467,23
4684,4,16,0.0362271,0.9637729,23
4684,5,29,0.035065353,0.96493465,23
4685,1,9,0.038415078,0.9615849,23
4685,2,2,0.037775367,0.9622246,23
4685,3,16,0.036103062,0.96389693,23
4685,4,8,0.03594223,0.96405774,23
4685,5,29,0.034558263,0.96544176,23
4686,1,9,0.038041487,0.9619585,23
4686,2,2,0.03732624,0.9626738,23
4686,3,16,0.03645539,0.9635446,23
4686,4,8,0.036250398,0.9637496,23
4686,5,29,0.035284497,0.9647155,23
4687,1,9,0.038136233,0.96186376,23
4687,2,2,0.037325166,0.96267486,23
4687,3,16,0.036381193,0.9636188,23
4687,4,8,0.036136687,0.9638633,23
4687,5,29,0.034813296,0.9651867,23
4688,1,9,0.038079504,0.9619205,23
4688,2,2,0.038013693,0.9619863,23
4688,3,8,0.03638616,0.96361387,23
4688,4,16,0.035895117,0.9641049,23
4688,5,1,0.035065476,0.9649345,23
4689,1,9,0.03825984,0.96174014,23
4689,2,2,0.03782601,0.962174,23
4689,3,8,0.036259893,0.9637401,23
4689,4,16,0.035983868,0.96401614,23
4689,5,1,0.0347826,0.9652174,23
4690,1,9,0.03828799,0.961712,23
4690,2,2,0.03749388,0.9625061,23
4690,3,8,0.036319748,0.96368027,23
4690,4,16,0.03619742,0.9638026,23
4690,5,29,0.03489197,0.96510804,23
4691,1,9,0.038335465,0.96166456,23
4691,2,2,0.037739344,0.96226066,23
4691,3,16,0.036165386,0.96383464,23
4691,4,8,0.03616147,0.9638385,23
4691,5,1,0.034650784,0.9653492,23
4692,1,9,0.03822708,0.9617729,23
4692,2,2,0.037551932,0.96244806,23
4692,3,8,0.036161542,0.96383846,23
4692,4,16,0.036116485,0.9638835,23
4692,5,29,0.034829333,0.9651707,23
4693,1,9,0.038206637,0.96179336,23
4693,2,2,0.03755241,0.9624476,23
4693,3,8,0.03619026,0.9638097,23
4693,4,16,0.03596793,0.96403205,23
4693,5,1,0.03509276,0.9649072,23
4694,1,9,0.0382384,0.9617616,23
4694,2,2,0.03742084,0.96257913,23
4694,3,8,0.03629665,0.96370333,23
4694,4,16,0.036107346,0.96389264,23
4694,5,29,0.034770418,0.9652296,23
4695,1,9,0.038101356,0.9618986,23
4695,2,2,0.0374884,0.9625116,23
4695,3,8,0.036322616,0.9636774,23
4695,4,16,0.03626922,0.96373075,23
4695,5,29,0.034788992,0.96521103,23
4696,1,9,0.038206317,0.96179366,23
4696,2,2,0.037782867,0.96221715,23
4696,3,8,0.03621601,0.963784,23
4696,4,16,0.036006253,0.9639937,23
4696,5,1,0.03474703,0.965253,23
4697,1,9,0.038058978,0.961941,23
4697,2,2,0.037466086,0.9625339,23
4697,3,8,0.03621034,0.96378964,23
4697,4,16,0.03611028,0.9638897,23
4697,5,29,0.034821816,0.9651782,23
4698,1,9,0.038553752,0.9614462,23
4698,2,2,0.037933603,0.9620664,23
4698,3,8,0.036322854,0.96367717,23
4698,4,16,0.035757467,0.9642425,23
4698,5,1,0.034770563,0.96522945,23
4699,1,9,0.03839055,0.9616094,23
4699,2,2,0.037592735,0.9624073,23
4699,3,8,0.03628909,0.9637109,23
4699,4,16,0.035962027,0.96403795,23
4699,5,1,0.03488249,0.9651175,23
4700,1,9,0.038221084,0.96177894,23
4700,2,2,0.03758839,0.9624116,23
4700,3,8,0.036354665,0.96364534,23
4700,4,16,0.035832427,0.9641676,23
4700,5,29,0.034783207,0.9652168,23
4701,1,9,0.038342904,0.9616571,23
4701,2,2,0.03785114,0.96214885,23
4701,3,8,0.036176376,0.9638236,23
4701,4,16,0.035844393,0.9641556,23
4701,5,1,0.034917712,0.9650823,23
4702,1,9,0.038238507,0.9617615,23
4702,2,2,0.03759056,0.96240944,23
4702,3,8,0.03636541,0.9636346,23
4702,4,16,0.036047872,0.9639521,23
4702,5,29,0.034802966,0.965197,23
4703,1,9,0.038030207,0.9619698,23
4703,2,2,0.037818182,0.9621818,23
4703,3,8,0.036292203,0.9637078,23
4703,4,16,0.035966676,0.9640333,23
4703,5,1,0.034888532,0.9651115,23
4704,1,9,0.038199436,0.9618006,23
4704,2,2,0.037459377,0.9625406,23
4704,3,16,0.036282726,0.9637173,23
4704,4,8,0.03620553,0.96379447,23
4704,5,29,0.034809798,0.9651902,23
4705,1,9,0.03821235,0.96178764,23
4705,2,2,0.037800405,0.96219957,23
4705,3,8,0.03627858,0.9637214,23
4705,4,16,0.035950016,0.96405,23
4705,5,1,0.034808133,0.96519184,23
4706,1,9,0.038191296,0.9618087,23
4706,2,2,0.037701856,0.96229815,23
4706,3,8,0.036343608,0.96365637,23
4706,4,16,0.035933927,0.9640661,23
4706,5,29,0.0346989,0.9653011,23
4707,1,9,0.038540483,0.9614595,23
4707,2,2,0.037599873,0.96240014,23
4707,3,8,0.036060907,0.9639391,23
4707,4,16,0.03583838,0.96416163,23
4707,5,1,0.0347874,0.9652126,23
4708,1,9,0.03846902,0.961531,23
4708,2,2,0.037734598,0.9622654,23
4708,3,8,0.036218986,0.963781,23
4708,4,16,0.03591146,0.96408856,23
4708,5,1,0.03471741,0.96528256,23
4709,1,9,0.03811444,0.9618856,23
4709,2,2,0.03738913,0.96261084,23
4709,3,8,0.036385782,0.9636142,23
4709,4,16,0.036198426,0.96380156,23
4709,5,29,0.03486986,0.96513015,23
4710,1,9,0.03854952,0.96145046,23
4710,2,2,0.037878398,0.9621216,23
4710,3,8,0.036206186,0.9637938,23
4710,4,16,0.035738114,0.9642619,23
4710,5,1,0.034716047,0.96528393,23
4711,1,9,0.038235627,0.9617644,23
4711,2,2,0.037465736,0.96253425,23
4711,3,8,0.03625286,0.96374714,23
4711,4,16,0.0362122,0.9637878,23
4711,5,29,0.034855545,0.96514446,23
4712,1,9,0.03800992,0.96199006,23
4712,2,2,0.037692234,0.96230775,23
4712,3,8,0.03638206,0.9636179,23
4712,4,16,0.036042884,0.96395713,23
4712,5,29,0.034889497,0.9651105,23
4713,1,9,0.038466986,0.961533,23
4713,2,2,0.037815314,0.96218467,23
4713,3,8,0.036151715,0.9638483,23
4713,4,16,0.035771757,0.9642283,23
4713,5,1,0.034745745,0.96525425,23
4714,1,9,0.03809301,0.96190697,23
4714,2,2,0.037630297,0.9623697,23
4714,3,8,0.036346056,0.9636539,23
4714,4,16,0.03606118,0.96393883,23
4714,5,1,0.03481769,0.9651823,23
4715,1,9,0.038326845,0.96167314,23
4715,2,2,0.037596215,0.9624038,23
4715,3,8,0.036322854,0.96367717,23
4715,4,16,0.036001865,0.96399814,23
4715,5,1,0.034987453,0.96501255,23
4716,1,9,0.038204696,0.96179533,23
4716,2,2,0.03751292,0.9624871,23
4716,3,8,0.036279038,0.963721,23
4716,4,16,0.035977658,0.96402234,23
4716,5,1,0.034831777,0.96516824,23
4717,1,9,0.03826255,0.96173745,23
4717,2,2,0.037663784,0.96233624,23
4717,3,8,0.036159236,0.9638408,23
4717,4,16,0.03596345,0.9640365,23
4717,5,29,0.03489349,0.9651065,23
4718,1,9,0.03832849,0.96167153,23
4718,2,2,0.03742936,0.96257067,23
4718,3,16,0.036171217,0.9638288,23
4718,4,8,0.03616634,0.9638337,23
4718,5,29,0.03465365,0.96534634,23
4719,1,9,0.03833531,0.9616647,23
4719,2,2,0.037697364,0.9623026,23
4719,3,8,0.03629038,0.9637096,23
4719,4,16,0.036056876,0.9639431,23
4719,5,1,0.034774024,0.965226,23
4720,1,9,0.038379934,0.9616201,23
4720,2,2,0.037790563,0.96220946,23
4720,3,8,0.03631932,0.9636807,23
4720,4,16,0.03582752,0.9641725,23
4720,5,1,0.034809858,0.9651902,23
4721,1,9,0.03811303,0.96188694,23
4721,2,2,0.03728175,0.96271825,23
4721,3,8,0.036451835,0.9635482,23
4721,4,16,0.036153685,0.9638463,23
4721,5,29,0.035100397,0.9648996,23
4722,1,9,0.03833643,0.96166354,23
4722,2,2,0.037573587,0.9624264,23
4722,3,8,0.03630706,0.96369296,23
4722,4,16,0.03606794,0.96393204,23
4722,5,29,0.034675304,0.9653247,23
4723,1,9,0.037923086,0.9620769,23
4723,2,2,0.03790587,0.9620941,23
4723,3,8,0.03618878,0.9638112,23
4723,4,16,0.035938635,0.9640614,23
4723,5,1,0.034995697,0.9650043,23
4724,1,9,0.03827609,0.9617239,23
4724,2,2,0.03736971,0.9626303,23
4724,3,8,0.036400996,0.963599,23
4724,4,16,0.036084685,0.9639153,23
4724,5,29,0.034785625,0.9652144,23
4725,1,9,0.038052954,0.961947,23
4725,2,2,0.03724278,0.96275723,23
4725,3,16,0.036599368,0.9634006,23
4725,4,8,0.036185503,0.9638145,23
4725,5,29,0.034866318,0.96513367,23
4726,1,9,0.03815444,0.9618456,23
4726,2,2,0.037346188,0.9626538,23
4726,3,16,0.0363631,0.9636369,23
4726,4,8,0.036119204,0.9638808,23
4726,5,29,0.035006043,0.96499395,23
4727,1,9,0.03821936,0.96178067,23
4727,2,2,0.03746276,0.9625372,23
4727,3,8,0.0362798,0.9637202,23
4727,4,16,0.036058534,0.96394145,23
4727,5,1,0.034807328,0.9651927,23
4728,1,9,0.038170636,0.96182936,23
4728,2,2,0.037341397,0.9626586,23
4728,3,16,0.036560103,0.9634399,23
4728,4,8,0.036145937,0.9638541,23
4728,5,29,0.03491525,0.96508473,23
4729,1,9,0.038326684,0.9616733,23
4729,2,2,0.03742289,0.9625771,23
4729,3,16,0.036171798,0.9638282,23
4729,4,8,0.036114834,0.9638852,23
4729,5,29,0.034738652,0.96526134,23
4730,1,9,0.038392495,0.9616075,23
4730,2,2,0.037730064,0.96226996,23
4730,3,16,0.036036175,0.9639638,23
4730,4,8,0.03591024,0.96408975,23
4730,5,29,0.034658864,0.96534115,23
4731,1,9,0.03823343,0.9617666,23
4731,2,2,0.037754837,0.96224517,23
4731,3,8,0.036180086,0.9638199,23
4731,4,16,0.035905015,0.964095,23
4731,5,29,0.034679975,0.96532005,23
4732,1,9,0.038631696,0.9613683,23
4732,2,2,0.037547,0.962453,23
4732,3,8,0.036343906,0.96365607,23
4732,4,16,0.03578632,0.96421367,23
4732,5,18,0.03482837,0.96517164,23
4733,1,9,0.03868954,0.96131045,23
4733,2,2,0.037792128,0.96220785,23
4733,3,8,0.036087785,0.9639122,23
4733,4,16,0.035813823,0.9641862,23
4733,5,18,0.03486777,0.96513224,23
4734,1,9,0.03817514,0.96182483,23
4734,2,2,0.037356682,0.9626433,23
4734,3,16,0.03634749,0.9636525,23
4734,4,8,0.036189348,0.9638107,23
4734,5,29,0.034832355,0.96516764,23
4735,1,9,0.038228046,0.96177197,23
4735,2,2,0.037414867,0.96258515,23
4735,3,8,0.03618343,0.9638166,23
4735,4,16,0.03615695,0.96384305,23
4735,5,29,0.034768775,0.96523124,23
4736,1,9,0.038430385,0.9615696,23
4736,2,2,0.037649725,0.96235025,23
4736,3,8,0.0362369,0.9637631,23
4736,4,16,0.035961136,0.96403885,23
4736,5,29,0.03467239,0.9653276,23
4737,1,9,0.03827564,0.96172434,23
4737,2,2,0.037675533,0.96232444,23
4737,3,8,0.036195166,0.96380484,23
4737,4,16,0.035935413,0.9640646,23
4737,5,1,0.03474792,0.9652521,23
4738,1,9,0.038374785,0.9616252,23
4738,2,2,0.037764125,0.96223587,23
4738,3,8,0.036209494,0.96379054,23
4738,4,16,0.03576117,0.9642388,23
4738,5,1,0.03476902,0.965231,23
4739,1,9,0.038508624,0.96149135,23
4739,2,2,0.037671603,0.9623284,23
4739,3,8,0.036292925,0.9637071,23
4739,4,16,0.035919383,0.96408063,23
4739,5,1,0.03462581,0.9653742,23
4740,1,9,0.03820067,0.9617993,23
4740,2,2,0.037344392,0.9626556,23
4740,3,8,0.03630906,0.96369094,23
4740,4,16,0.03606023,0.9639398,23
4740,5,29,0.034860417,0.96513957,23
4741,1,9,0.037939075,0.9620609,23
4741,2,2,0.03774673,0.9622533,23
4741,3,8,0.036433667,0.9635663,23
4741,4,16,0.035985086,0.9640149,23
4741,5,29,0.035090115,0.9649099,23
4742,1,9,0.03812276,0.9618772,23
4742,2,2,0.03780745,0.96219254,23
4742,3,8,0.03636411,0.9636359,23
4742,4,16,0.035721418,0.9642786,23
4742,5,1,0.03520077,0.9647992,23
4743,1,9,0.03813399,0.961866,23
4743,2,2,0.037713766,0.96228623,23
4743,3,8,0.036144312,0.9638557,23
4743,4,16,0.036087453,0.96391255,23
4743,5,29,0.03475663,0.96524334,23
4744,1,9,0.038085826,0.9619142,23
4744,2,2,0.03748125,0.96251875,23
4744,3,8,0.036369573,0.96363044,23
4744,4,16,0.036176473,0.96382356,23
4744,5,29,0.035076022,0.964924,23
4745,1,9,0.03829098,0.961709,23
4745,2,2,0.037751243,0.96224874,23
4745,3,8,0.036286812,0.96371317,23
4745,4,16,0.035865415,0.9641346,23
4745,5,1,0.034786724,0.9652133,23
4746,1,9,0.03809863,0.96190137,23
4746,2,2,0.03741913,0.96258086,23
4746,3,16,0.036415674,0.9635843,23
4746,4,8,0.036091942,0.9639081,23
4746,5,29,0.03483325,0.96516675,23
4747,1,9,0.03816139,0.9618386,23
4747,2,2,0.037396394,0.9626036,23
4747,3,8,0.036242086,0.96375793,23
4747,4,16,0.036097057,0.96390295,23
4747,5,1,0.034861397,0.9651386,23
4748,1,9,0.038290706,0.9617093,23
4748,2,2,0.03720368,0.96279633,23
4748,3,16,0.036465246,0.9635348,23
4748,4,8,0.036155153,0.96384484,23
4748,5,29,0.034810074,0.96518993,23
4749,1,9,0.037951875,0.9620481,23
4749,2,2,0.037726548,0.9622735,23
4749,3,8,0.03645068,0.9635493,23
4749,4,16,0.035945944,0.96405405,23
4749,5,29,0.035028044,0.96497196,23
4750,1,9,0.038410783,0.9615892,23
4750,2,2,0.03767804,0.96232194,23
4750,3,8,0.036147617,0.9638524,23
4750,4,16,0.036022276,0.9639777,23
4750,5,29,0.03474535,0.96525466,23
4751,1,9,0.038215738,0.96178424,23
4751,2,2,0.037492815,0.9625072,23
4751,3,8,0.036254592,0.9637454,23
4751,4,16,0.03600948,0.9639905,23
4751,5,1,0.034951482,0.9650485,23
4752,1,9,0.038227994,0.961772,23
4752,2,2,0.037447903,0.9625521,23
4752,3,8,0.03629938,0.9637006,23
4752,4,16,0.036061842,0.9639382,23
4752,5,1,0.035032075,0.9649679,23
4753,1,9,0.038024027,0.961976,23
4753,2,2,0.037379034,0.962621,23
4753,3,16,0.036464263,0.9635357,23
4753,4,8,0.036350198,0.9636498,23
4753,5,29,0.03496619,0.9650338,23
4754,1,9,0.03853622,0.9614638,23
4754,2,2,0.03758533,0.9624147,23
4754,3,8,0.03628881,0.9637112,23
4754,4,16,0.0357032,0.9642968,23
4754,5,1,0.034765102,0.9652349,23
4755,1,9,0.03850423,0.96149576,23
4755,2,2,0.03800489,0.9619951,23
4755,3,8,0.035938073,0.9640619,23
4755,4,16,0.03577002,0.96423,23
4755,5,1,0.034565724,0.96543425,23
4756,1,9,0.037964433,0.96203554,23
4756,2,2,0.03738315,0.96261686,23
4756,3,16,0.036349993,0.96365,23
4756,4,8,0.036256135,0.96374387,23
4756,5,29,0.034973335,0.9650267,23
4757,1,9,0.03814129,0.9618587,23
4757,2,2,0.03773248,0.9622675,23
4757,3,8,0.036226835,0.9637732,23
4757,4,16,0.03598839,0.9640116,23
4757,5,1,0.034758758,0.96524125,23
4758,1,9,0.038495198,0.9615048,23
4758,2,2,0.03746606,0.96253395,23
4758,3,8,0.036081776,0.9639182,23
4758,4,16,0.036081333,0.9639187,23
4758,5,1,0.034608822,0.96539116,23
4759,1,9,0.038335387,0.9616646,23
4759,2,2,0.037678495,0.9623215,23
4759,3,16,0.03612377,0.96387625,23
4759,4,8,0.03589727,0.96410275,23
4759,5,29,0.03460526,0.96539474,23
4760,1,9,0.03829308,0.96170694,23
4760,2,2,0.037481382,0.96251863,23
4760,3,8,0.036280878,0.9637191,23
4760,4,16,0.036055174,0.96394485,23
4760,5,29,0.034756184,0.9652438,23
4761,1,9,0.038449083,0.9615509,23
4761,2,2,0.037606467,0.9623935,23
4761,3,8,0.036169015,0.963831,23
4761,4,16,0.035986483,0.9640135,23
4761,5,29,0.034613222,0.96538675,23
4762,1,9,0.038342085,0.96165794,23
4762,2,2,0.037687715,0.9623123,23
4762,3,8,0.036106862,0.9638931,23
4762,4,16,0.035912782,0.96408725,23
4762,5,29,0.034585953,0.96541405,23
4763,1,9,0.038302343,0.96169764,23
4763,2,2,0.03753314,0.96246684,23
4763,3,8,0.03619865,0.9638013,23
4763,4,16,0.036079578,0.9639204,23
4763,5,29,0.034700368,0.9652996,23
4764,1,9,0.038181093,0.96181893,23
4764,2,2,0.037941907,0.96205807,23
4764,3,8,0.03628109,0.9637189,23
4764,4,16,0.035806615,0.9641934,23
4764,5,1,0.03479397,0.965206,23
4765,1,9,0.038206562,0.9617934,23
4765,2,2,0.037619784,0.96238023,23
4765,3,8,0.036263626,0.96373636,23
4765,4,16,0.036099188,0.9639008,23
4765,5,29,0.034943003,0.965057,23
4766,1,9,0.038000554,0.9619994,23
4766,2,2,0.037606012,0.962394,23
4766,3,16,0.036250785,0.96374923,23
4766,4,8,0.03607269,0.9639273,23
4766,5,29,0.035036977,0.964963,23
4767,1,9,0.037969504,0.9620305,23
4767,2,2,0.037517454,0.9624826,23
4767,3,16,0.03640651,0.9635935,23
4767,4,8,0.036299545,0.9637005,23
4767,5,29,0.034825422,0.96517456,23
4768,1,9,0.038383547,0.96161646,23
4768,2,2,0.037760574,0.96223944,23
4768,3,8,0.036347646,0.9636524,23
4768,4,16,0.0357863,0.9642137,23
4768,5,1,0.0347669,0.9652331,23
4769,1,9,0.03812989,0.96187013,23
4769,2,2,0.03765289,0.9623471,23
4769,3,8,0.036391336,0.9636087,23
4769,4,16,0.035942093,0.9640579,23
4769,5,1,0.034934767,0.96506524,23
4770,1,9,0.038078163,0.9619218,23
4770,2,2,0.037364375,0.96263564,23
4770,3,8,0.03639978,0.9636002,23
4770,4,16,0.03622231,0.96377766,23
4770,5,29,0.034898654,0.96510136,23
4771,1,9,0.038301643,0.96169835,23
4771,2,2,0.037796073,0.9622039,23
4771,3,8,0.036167324,0.9638327,23
4771,4,16,0.03587159,0.96412843,23
4771,5,1,0.03496149,0.96503854,23
4772,1,9,0.038250957,0.961749,23
4772,2,2,0.037670802,0.9623292,23
4772,3,8,0.03627566,0.9637243,23
4772,4,16,0.03600333,0.96399665,23
4772,5,29,0.03472407,0.96527594,23
4773,1,9,0.03816119,0.96183884,23
4773,2,2,0.037601393,0.9623986,23
4773,3,16,0.036215883,0.9637841,23
4773,4,8,0.036152784,0.9638472,23
4773,5,29,0.035142105,0.9648579,23
4774,1,9,0.03818754,0.96181244,23
4774,2,2,0.03751248,0.9624875,23
4774,3,8,0.036530275,0.96346974,23
4774,4,16,0.035956856,0.96404314,23
4774,5,29,0.035021078,0.96497893,23
4775,1,9,0.038224146,0.96177584,23
4775,2,2,0.037629467,0.9623705,23
4775,3,8,0.03627533,0.9637247,23
4775,4,16,0.03620293,0.9637971,23
4775,5,29,0.034738418,0.9652616,23
4776,1,9,0.03808405,0.96191597,23
4776,2,2,0.03746909,0.9625309,23
4776,3,16,0.0362814,0.9637186,23
4776,4,8,0.036038212,0.9639618,23
4776,5,29,0.034707837,0.96529216,23
4777,1,9,0.03834084,0.96165913,23
4777,2,2,0.037740774,0.96225923,23
4777,3,8,0.036169354,0.96383065,23
4777,4,16,0.03598421,0.9640158,23
4777,5,29,0.03466669,0.9653333,23
4778,1,9,0.038242232,0.9617578,23
4778,2,2,0.037478905,0.9625211,23
4778,3,16,0.036267947,0.96373206,23
4778,4,8,0.036159735,0.96384025,23
4778,5,29,0.03473764,0.96526235,23
4779,1,9,0.03840365,0.96159637,23
4779,2,2,0.037739642,0.96226037,23
4779,3,16,0.03613366,0.96386635,23
4779,4,8,0.03604993,0.9639501,23
4779,5,29,0.034793314,0.9652067,23
4780,1,9,0.03796577,0.9620342,23
4780,2,2,0.037414465,0.9625855,23
4780,3,8,0.036513943,0.9634861,23
4780,4,16,0.03615244,0.9638476,23
4780,5,29,0.0352805,0.9647195,23
4781,1,9,0.038162526,0.9618375,23
4781,2,2,0.037685435,0.96231455,23
4781,3,8,0.03635121,0.9636488,23
4781,4,16,0.035941254,0.96405876,23
4781,5,1,0.034743942,0.96525604,23
4782,1,9,0.038263302,0.9617367,23
4782,2,2,0.037729833,0.96227014,23
4782,3,8,0.036235314,0.96376467,23
4782,4,16,0.036114544,0.9638854,23
4782,5,1,0.034842215,0.9651578,23
4783,1,9,0.037997976,0.96200204,23
4783,2,2,0.037445903,0.9625541,23
4783,3,16,0.036242284,0.9637577,23
4783,4,8,0.0361254,0.9638746,23
4783,5,29,0.034833036,0.965167,23
4784,1,9,0.038623642,0.96137637,23
4784,2,2,0.037696037,0.96230394,23
4784,3,8,0.03616292,0.9638371,23
4784,4,16,0.035813943,0.9641861,23
4784,5,1,0.03470117,0.96529883,23
4785,1,9,0.038196903,0.9618031,23
4785,2,2,0.037454385,0.96254563,23
4785,3,8,0.036285687,0.9637143,23
4785,4,16,0.036236536,0.9637635,23
4785,5,29,0.03486938,0.9651306,23
4786,1,9,0.038215,0.961785,23
4786,2,2,0.03780517,0.9621948,23
4786,3,8,0.036291756,0.9637082,23
4786,4,16,0.035935972,0.964064,23
4786,5,1,0.03494427,0.9650557,23
4787,1,9,0.03823046,0.9617695,23
4787,2,2,0.037739094,0.9622609,23
4787,3,8,0.036185876,0.96381414,23
4787,4,16,0.035927147,0.9640728,23
4787,5,29,0.034776714,0.9652233,23
4788,1,9,0.0383145,0.9616855,23
4788,2,2,0.037445992,0.962554,23
4788,3,8,0.036199667,0.9638003,23
4788,4,16,0.036037993,0.963962,23
4788,5,29,0.034646906,0.9653531,23
4789,1,9,0.038168136,0.96183187,23
4789,2,2,0.037383057,0.9626169,23
4789,3,16,0.036242206,0.9637578,23
4789,4,8,0.036198914,0.9638011,23
4789,5,29,0.034896974,0.96510303,23
4790,1,9,0.038189784,0.96181023,23
4790,2,2,0.037686203,0.9623138,23
4790,3,8,0.036122747,0.96387726,23
4790,4,16,0.03595768,0.9640423,23
4790,5,29,0.034775022,0.965225,23
4791,1,9,0.03806676,0.96193326,23
4791,2,2,0.037886363,0.9621136,23
4791,3,8,0.03621012,0.9637899,23
4791,4,16,0.035975307,0.96402466,23
4791,5,29,0.03473044,0.96526957,23
4792,1,9,0.038176402,0.9618236,23
4792,2,2,0.037476745,0.9625233,23
4792,3,8,0.036328632,0.9636714,23
4792,4,16,0.03612403,0.96387595,23
4792,5,29,0.034923676,0.9650763,23
4793,1,9,0.03812443,0.96187556,23
4793,2,2,0.03772431,0.9622757,23
4793,3,8,0.036160298,0.9638397,23
4793,4,16,0.03611292,0.9638871,23
4793,5,29,0.034760058,0.96523994,23
4794,1,9,0.038020987,0.96197903,23
4794,2,2,0.03744988,0.9625501,23
4794,3,16,0.036288228,0.9637118,23
4794,4,8,0.036227837,0.9637722,23
4794,5,29,0.034820862,0.96517915,23
4795,1,9,0.038132634,0.9618674,23
4795,2,2,0.037626896,0.9623731,23
4795,3,16,0.036224723,0.9637753,23
4795,4,8,0.036042318,0.96395767,23
4795,5,29,0.034701582,0.9652984,23
4796,1,9,0.03821355,0.96178645,23
4796,2,2,0.038012862,0.96198714,23
4796,3,8,0.036369566,0.96363044,23
4796,4,16,0.035653908,0.9643461,23
4796,5,1,0.03507462,0.9649254,23
4797,1,9,0.038027808,0.9619722,23
4797,2,2,0.037399225,0.96260077,23
4797,3,16,0.03656609,0.9634339,23
4797,4,8,0.03608742,0.9639126,23
4797,5,29,0.034867022,0.96513295,23
4798,1,9,0.038057704,0.9619423,23
4798,2,2,0.03758901,0.962411,23
4798,3,8,0.0362809,0.9637191,23
4798,4,16,0.036173686,0.9638263,23
4798,5,29,0.03497787,0.96502215,23
4799,1,9,0.038012594,0.9619874,23
4799,2,2,0.037407223,0.9625928,23
4799,3,8,0.03639633,0.9636037,23
4799,4,16,0.03617398,0.963826,23
4799,5,29,0.03513939,0.9648606,23
4800,1,9,0.03822406,0.96177596,23
4800,2,2,0.03768087,0.96231914,23
4800,3,8,0.036323376,0.96367663,23
4800,4,16,0.036004715,0.9639953,23
4800,5,1,0.03474996,0.96525,23
4801,1,9,0.03818044,0.9618195,23
4801,2,2,0.037270635,0.96272933,23
4801,3,8,0.036302198,0.9636978,23
4801,4,16,0.03625923,0.96374077,23
4801,5,29,0.034878973,0.96512103,23
4802,1,9,0.03839969,0.9616003,23
4802,2,2,0.037843607,0.9621564,23
4802,3,8,0.03638698,0.96361303,23
4802,4,16,0.03586866,0.96413136,23
4802,5,1,0.034623314,0.9653767,23
4803,1,9,0.037980378,0.9620196,23
4803,2,2,0.037416797,0.9625832,23
4803,3,16,0.036323443,0.9636766,23
4803,4,8,0.036123455,0.96387655,23
4803,5,29,0.0348625,0.9651375,23
4804,1,9,0.0379281,0.9620719,23
4804,2,2,0.03757712,0.9624229,23
4804,3,8,0.03627444,0.96372557,23
4804,4,16,0.036172897,0.96382713,23
4804,5,29,0.035125136,0.96487486,23
4805,1,9,0.038172234,0.96182775,23
4805,2,2,0.037700925,0.96229905,23
4805,3,16,0.036159936,0.96384007,23
4805,4,8,0.03609391,0.9639061,23
4805,5,29,0.034780536,0.96521944,23
4806,1,9,0.03834373,0.9616563,23
4806,2,2,0.03790616,0.96209383,23
4806,3,8,0.03618292,0.96381706,23
4806,4,16,0.035916038,0.96408397,23
4806,5,1,0.03467721,0.9653228,23
4807,1,9,0.038388398,0.9616116,23
4807,2,2,0.037812304,0.9621877,23
4807,3,8,0.03613939,0.96386063,23
4807,4,16,0.035873793,0.9641262,23
4807,5,1,0.034714952,0.96528506,23
4808,1,9,0.038278818,0.9617212,23
4808,2,2,0.03793442,0.9620656,23
4808,3,8,0.036305208,0.9636948,23
4808,4,16,0.035767596,0.9642324,23
4808,5,1,0.03490244,0.96509755,23
4809,1,9,0.03863512,0.96136487,23
4809,2,2,0.03748718,0.96251285,23
4809,3,8,0.036210593,0.9637894,23
4809,4,16,0.03596901,0.964031,23
4809,5,29,0.03467702,0.965323,23
4810,1,9,0.038089067,0.96191096,23
4810,2,2,0.037465107,0.9625349,23
4810,3,16,0.036479004,0.963521,23
4810,4,8,0.03627309,0.96372694,23
4810,5,29,0.0348298,0.9651702,23
4811,1,9,0.03805405,0.96194595,23
4811,2,2,0.03749585,0.96250415,23
4811,3,8,0.03647833,0.96352166,23
4811,4,16,0.03604318,0.96395683,23
4811,5,29,0.03494847,0.96505153,23
4812,1,9,0.03797563,0.9620244,23
4812,2,2,0.037508104,0.96249187,23
4812,3,16,0.03641799,0.96358204,23
4812,4,8,0.036069974,0.96393,23
4812,5,29,0.03488296,0.96511704,23
4813,1,9,0.03824956,0.96175045,23
4813,2,2,0.03739548,0.9626045,23
4813,3,8,0.036307633,0.96369237,23
4813,4,16,0.036050312,0.9639497,23
4813,5,29,0.034841117,0.9651589,23
4814,1,9,0.038403615,0.96159637,23
4814,2,2,0.03769544,0.96230453,23
4814,3,8,0.036079224,0.9639208,23
4814,4,16,0.035977744,0.9640223,23
4814,5,29,0.03459319,0.96540684,23
4815,1,9,0.03836064,0.96163934,23
4815,2,2,0.03776639,0.9622336,23
4815,3,8,0.036251195,0.9637488,23
4815,4,16,0.035977922,0.9640221,23
4815,5,29,0.034727477,0.96527255,23
4816,1,9,0.038291734,0.96170825,23
4816,2,2,0.037451845,0.96254814,23
4816,3,8,0.03624073,0.96375924,23
4816,4,16,0.03622255,0.9637774,23
4816,5,29,0.034761433,0.9652386,23
4817,1,9,0.037873264,0.96212673,23
4817,2,2,0.037569728,0.9624303,23
4817,3,16,0.036423236,0.9635768,23
4817,4,8,0.036099803,0.9639002,23
4817,5,29,0.0348815,0.9651185,23
4818,1,9,0.038299467,0.96170056,23
4818,2,2,0.03750341,0.9624966,23
4818,3,8,0.036267854,0.9637321,23
4818,4,16,0.036013324,0.9639867,23
4818,5,29,0.034817822,0.9651822,23
4819,1,9,0.038298685,0.96170133,23
4819,2,2,0.037706748,0.96229327,23
4819,3,8,0.036535896,0.9634641,23
4819,4,16,0.035807192,0.9641928,23
4819,5,29,0.034841504,0.9651585,23
4820,1,9,0.038330894,0.9616691,23
4820,2,2,0.03786295,0.96213704,23
4820,3,8,0.036283914,0.9637161,23
4820,4,16,0.035901453,0.9640986,23
4820,5,1,0.034756396,0.9652436,23
4821,1,9,0.03832972,0.9616703,23
4821,2,2,0.037594713,0.96240526,23
4821,3,8,0.03625644,0.96374357,23
4821,4,16,0.035850443,0.96414953,23
4821,5,29,0.0346992,0.9653008,23
4822,1,9,0.03826103,0.96173894,23
4822,2,2,0.03784854,0.96215147,23
4822,3,8,0.03628842,0.96371156,23
4822,4,16,0.035940338,0.96405965,23
4822,5,29,0.034894586,0.9651054,23
4823,1,9,0.038190063,0.96180993,23
4823,2,2,0.037669234,0.96233076,23
4823,3,8,0.036225975,0.963774,23
4823,4,16,0.036088776,0.96391124,23
4823,5,29,0.0347306,0.9652694,23
4824,1,9,0.038164187,0.9618358,23
4824,2,2,0.03764999,0.96235,23
4824,3,8,0.036218133,0.9637819,23
4824,4,16,0.035890654,0.96410936,23
4824,5,1,0.03495761,0.9650424,23
4825,1,9,0.038318798,0.9616812,23
4825,2,2,0.037784383,0.9622156,23
4825,3,8,0.036328282,0.96367174,23
4825,4,16,0.035939522,0.9640605,23
4825,5,29,0.034795705,0.9652043,23
4826,1,9,0.038412932,0.9615871,23
4826,2,2,0.037766967,0.962233,23
4826,3,8,0.036095932,0.9639041,23
4826,4,16,0.035863932,0.96413606,23
4826,5,1,0.03473208,0.9652679,23
4827,1,9,0.038096674,0.96190333,23
4827,2,2,0.037438843,0.96256113,23
4827,3,16,0.036247868,0.96375215,23
4827,4,8,0.03624032,0.96375966,23
4827,5,29,0.03477146,0.96522856,23
4828,1,9,0.038401324,0.9615987,23
4828,2,2,0.03772722,0.96227276,23
4828,3,16,0.03607936,0.96392065,23
4828,4,8,0.03593379,0.9640662,23
4828,5,29,0.034668062,0.9653319,23
4829,1,9,0.038221277,0.9617787,23
4829,2,2,0.03755847,0.9624415,23
4829,3,16,0.03617686,0.96382314,23
4829,4,8,0.036050268,0.96394974,23
4829,5,29,0.034694303,0.9653057,23
4830,1,9,0.038169205,0.9618308,23
4830,2,2,0.03775917,0.9622408,23
4830,3,16,0.036205947,0.96379405,23
4830,4,8,0.036191843,0.9638082,23
4830,5,1,0.034817874,0.9651821,23
4831,1,9,0.038344763,0.96165526,23
4831,2,2,0.037565272,0.9624347,23
4831,3,8,0.036241427,0.9637586,23
4831,4,16,0.036088355,0.96391165,23
4831,5,29,0.034753278,0.96524674,23
4832,1,9,0.037960622,0.96203935,23
4832,2,2,0.037637334,0.96236265,23
4832,3,16,0.036417246,0.96358275,23
4832,4,8,0.03603669,0.9639633,23
4832,5,29,0.034856398,0.9651436,23
4833,1,9,0.037930064,0.9620699,23
4833,2,2,0.037452307,0.9625477,23
4833,3,8,0.036374737,0.96362525,23
4833,4,16,0.036279067,0.9637209,23
4833,5,29,0.034952678,0.9650473,23
4834,1,9,0.038237132,0.96176285,23
4834,2,2,0.037269704,0.9627303,23
4834,3,16,0.036241785,0.96375823,23
4834,4,8,0.036192242,0.96380776,23
4834,5,29,0.034790996,0.965209,23
4835,1,9,0.03807176,0.96192825,23
4835,2,2,0.037366815,0.9626332,23
4835,3,16,0.03633788,0.96366215,23
4835,4,8,0.036080793,0.9639192,23
4835,5,29,0.034787055,0.96521294,23
4836,1,9,0.03814386,0.9618561,23
4836,2,2,0.037809085,0.9621909,23
4836,3,8,0.036184322,0.9638157,23
4836,4,16,0.03606535,0.96393466,23
4836,5,29,0.034920935,0.96507907,23
4837,1,9,0.038466122,0.9615339,23
4837,2,2,0.037574828,0.9624252,23
4837,3,8,0.03620758,0.96379244,23
4837,4,16,0.035941612,0.9640584,23
4837,5,29,0.03470691,0.9652931,23
4838,1,9,0.038279805,0.96172017,23
4838,2,2,0.037426766,0.96257323,23
4838,3,8,0.03628892,0.9637111,23
4838,4,16,0.03615602,0.963844,23
4838,5,29,0.034973327,0.9650267,23
4839,1,9,0.038404837,0.9615952,23
4839,2,2,0.037516758,0.9624832,23
4839,3,8,0.036446765,0.96355325,23
4839,4,16,0.036090687,0.9639093,23
4839,5,29,0.034791764,0.96520823,23
4840,1,9,0.03834189,0.9616581,23
4840,2,2,0.037886,0.962114,23
4840,3,8,0.036024135,0.96397585,23
4840,4,16,0.035907842,0.96409214,23
4840,5,29,0.034628086,0.9653719,23
4841,1,9,0.038657453,0.9613426,23
4841,2,2,0.03752401,0.962476,23
4841,3,8,0.036198515,0.9638015,23
4841,4,16,0.03586859,0.9641314,23
4841,5,1,0.034709375,0.9652906,23
4842,1,9,0.03849026,0.96150976,23
4842,2,2,0.03760114,0.9623989,23
4842,3,8,0.03651335,0.9634867,23
4842,4,16,0.03579732,0.9642027,23
4842,5,1,0.03483406,0.9651659,23
4843,1,9,0.03846273,0.96153724,23
4843,2,2,0.0376757,0.9623243,23
4843,3,8,0.036218643,0.96378136,23
4843,4,16,0.035916038,0.96408397,23
4843,5,1,0.03466883,0.9653312,23
4844,1,9,0.03835083,0.9616492,23
4844,2,2,0.037705977,0.96229404,23
4844,3,8,0.036206942,0.96379304,23
4844,4,16,0.035859313,0.9641407,23
4844,5,1,0.034921855,0.9650781,23
4845,1,9,0.03850177,0.96149826,23
4845,2,2,0.03790598,0.962094,23
4845,3,8,0.036210738,0.9637893,23
4845,4,16,0.03569118,0.9643088,23
4845,5,1,0.034815058,0.9651849,23
4846,1,9,0.03816791,0.9618321,23
4846,2,2,0.037641663,0.96235836,23
4846,3,8,0.03635831,0.9636417,23
4846,4,16,0.03596772,0.9640323,23
4846,5,1,0.03480773,0.96519226,23
4847,1,9,0.038256604,0.9617434,23
4847,2,2,0.037355263,0.96264476,23
4847,3,16,0.0364011,0.9635989,23
4847,4,8,0.036142983,0.963857,23
4847,5,29,0.034888335,0.9651117,23
4848,1,9,0.03837404,0.96162593,23
4848,2,2,0.037595015,0.96240497,23
4848,3,8,0.03648633,0.9635137,23
4848,4,16,0.035908423,0.9640916,23
4848,5,1,0.034725714,0.9652743,23
4849,1,9,0.038094435,0.96190554,23
4849,2,2,0.037686184,0.96231383,23
4849,3,8,0.036128808,0.9638712,23
4849,4,16,0.036033474,0.96396655,23
4849,5,29,0.034948297,0.9650517,23
4850,1,9,0.038002364,0.9619976,23
4850,2,2,0.037813563,0.96218646,23
4850,3,8,0.036374915,0.9636251,23
4850,4,16,0.036013015,0.963987,23
4850,5,29,0.034909487,0.9650905,23
4851,1,9,0.038206514,0.9617935,23
4851,2,2,0.0378204,0.9621796,23
4851,3,8,0.03617916,0.9638208,23
4851,4,16,0.035865836,0.96413416,23
4851,5,1,0.034876496,0.96512353,23
4852,1,9,0.038053315,0.96194667,23
4852,2,2,0.037833147,0.96216685,23
4852,3,8,0.03610699,0.963893,23
4852,4,16,0.036064632,0.9639354,23
4852,5,29,0.034833867,0.96516615,23
4853,1,9,0.038202986,0.961797,23
4853,2,2,0.03760673,0.9623933,23
4853,3,16,0.036237277,0.9637627,23
4853,4,8,0.036225364,0.9637746,23
4853,5,29,0.034739494,0.9652605,23
4854,1,9,0.03823279,0.9617672,23
4854,2,2,0.03760247,0.9623975,23
4854,3,16,0.036294367,0.96370566,23
4854,4,8,0.03604345,0.96395653,23
4854,5,29,0.035009623,0.9649904,23
4855,1,9,0.03801018,0.9619898,23
4855,2,2,0.03752547,0.9624745,23
4855,3,8,0.036341313,0.9636587,23
4855,4,16,0.036108248,0.96389174,23
4855,5,29,0.034877323,0.9651227,23
4856,1,9,0.038387768,0.9616122,23
4856,2,2,0.037552815,0.96244717,23
4856,3,8,0.036366053,0.96363395,23
4856,4,16,0.035958786,0.96404123,23
4856,5,1,0.034823164,0.9651768,23
4857,1,9,0.038177107,0.96182287,23
4857,2,2,0.037460506,0.9625395,23
4857,3,8,0.03626272,0.96373725,23
4857,4,16,0.03623572,0.9637643,23
4857,5,29,0.034958154,0.9650419,23
4858,1,9,0.038179327,0.96182066,23
4858,2,2,0.037618432,0.96238154,23
4858,3,8,0.036228713,0.9637713,23
4858,4,16,0.036102798,0.9638972,23
4858,5,29,0.03485564,0.96514434,23
4859,1,9,0.03811208,0.9618879,23
4859,2,2,0.037673704,0.9623263,23
4859,3,8,0.03636781,0.96363217,23
4859,4,16,0.035802662,0.96419734,23
4859,5,1,0.035117198,0.9648828,23
4860,1,9,0.038028233,0.96197176,23
4860,2,2,0.037925776,0.9620742,23
4860,3,8,0.036356002,0.963644,23
4860,4,16,0.03583117,0.96416885,23
4860,5,1,0.034881257,0.96511877,23
4861,1,9,0.038056944,0.96194303,23
4861,2,2,0.037751526,0.96224844,23
4861,3,8,0.03632137,0.9636786,23
4861,4,16,0.035999008,0.964001,23
4861,5,29,0.034858562,0.9651414,23
4862,1,9,0.038220808,0.9617792,23
4862,2,2,0.03783104,0.96216893,23
4862,3,8,0.03624229,0.9637577,23
4862,4,16,0.035942342,0.9640577,23
4862,5,1,0.03477874,0.9652213,23
4863,1,9,0.03795529,0.9620447,23
4863,2,2,0.037542626,0.96245736,23
4863,3,16,0.036268,0.963732,23
4863,4,8,0.036213282,0.9637867,23
4863,5,29,0.034879107,0.9651209,23
4864,1,9,0.03808388,0.9619161,23
4864,2,2,0.037636425,0.9623636,23
4864,3,8,0.03629116,0.9637088,23
4864,4,16,0.036107764,0.9638922,23
4864,5,29,0.034947824,0.9650522,23
4865,1,9,0.038712133,0.96128786,23
4865,2,2,0.037577126,0.96242285,23
4865,3,8,0.036280394,0.9637196,23
4865,4,16,0.035899732,0.96410024,23
4865,5,1,0.034682862,0.96531713,23
4866,1,9,0.03797271,0.9620273,23
4866,2,2,0.037577663,0.9624223,23
4866,3,8,0.036336742,0.9636633,23
4866,4,16,0.036163222,0.9638368,23
4866,5,29,0.035019048,0.96498096,23
4867,1,9,0.038116686,0.9618833,23
4867,2,2,0.037627324,0.96237266,23
4867,3,8,0.036386423,0.96361357,23
4867,4,16,0.036114424,0.96388555,23
4867,5,29,0.034748588,0.9652514,23
4868,1,9,0.0383903,0.9616097,23
4868,2,2,0.03779975,0.9622002,23
4868,3,8,0.03637332,0.9636267,23
4868,4,16,0.03582586,0.96417415,23
4868,5,1,0.034679875,0.9653201,23
4869,1,9,0.038072906,0.9619271,23
4869,2,2,0.03758764,0.96241236,23
4869,3,8,0.03628576,0.96371424,23
4869,4,16,0.036056854,0.9639431,23
4869,5,1,0.034846105,0.9651539,23
4870,1,9,0.038317803,0.9616822,23
4870,2,2,0.037257724,0.96274227,23
4870,3,8,0.036523707,0.9634763,23
4870,4,16,0.03612416,0.96387583,23
4870,5,29,0.03479178,0.96520823,23
4871,1,9,0.038214568,0.96178544,23
4871,2,2,0.037883244,0.9621168,23
4871,3,8,0.036102917,0.9638971,23
4871,4,16,0.035962086,0.9640379,23
4871,5,1,0.0348041,0.9651959,23
4872,1,9,0.037972905,0.9620271,23
4872,2,2,0.037487596,0.9625124,23
4872,3,16,0.036428932,0.9635711,23
4872,4,8,0.036171872,0.96382815,23
4872,5,29,0.034806967,0.96519303,23
4873,1,9,0.03817939,0.9618206,23
4873,2,2,0.03767147,0.96232855,23
4873,3,8,0.03616743,0.96383256,23
4873,4,16,0.036071472,0.9639285,23
4873,5,1,0.03478886,0.96521115,23
4874,1,9,0.038454983,0.961545,23
4874,2,2,0.037659407,0.9623406,23
4874,3,8,0.036304206,0.96369576,23
4874,4,16,0.0359879,0.9640121,23
4874,5,29,0.034684516,0.96531546,23
4875,1,9,0.038097255,0.96190274,23
4875,2,2,0.037777446,0.9622226,23
4875,3,8,0.03630215,0.96369785,23
4875,4,16,0.035863068,0.96413696,23
4875,5,1,0.034895204,0.9651048,23
4876,1,9,0.038285863,0.96171415,23
4876,2,2,0.037454113,0.9625459,23
4876,3,8,0.03637515,0.96362484,23
4876,4,16,0.036132228,0.9638678,23
4876,5,1,0.034792744,0.9652073,23
4877,1,9,0.038328327,0.96167165,23
4877,2,2,0.037391864,0.96260816,23
4877,3,8,0.036371943,0.96362805,23
4877,4,16,0.03601988,0.96398014,23
4877,5,29,0.034770586,0.9652294,23
4878,1,9,0.03829046,0.96170956,23
4878,2,2,0.03763309,0.96236694,23
4878,3,8,0.036356613,0.9636434,23
4878,4,16,0.035965785,0.9640342,23
4878,5,29,0.03472819,0.96527183,23
4879,1,9,0.038108055,0.96189195,23
4879,2,2,0.03787148,0.9621285,23
4879,3,8,0.03633769,0.9636623,23
4879,4,16,0.035943393,0.9640566,23
4879,5,1,0.035036102,0.9649639,23
4880,1,9,0.03836383,0.9616362,23
4880,2,2,0.037596893,0.9624031,23
4880,3,8,0.036086585,0.96391344,23
4880,4,16,0.03594817,0.96405184,23
4880,5,1,0.03468854,0.96531147,23
4881,1,9,0.038380694,0.9616193,23
4881,2,2,0.037860025,0.96213996,23
4881,3,8,0.036341168,0.9636588,23
4881,4,16,0.035983812,0.9640162,23
4881,5,29,0.034574382,0.9654256,23
4882,1,9,0.038260043,0.96173996,23
4882,2,2,0.03767394,0.96232605,23
4882,3,8,0.036259584,0.9637404,23
4882,4,16,0.036074404,0.9639256,23
4882,5,29,0.034695778,0.9653042,23
4883,1,9,0.03828694,0.9617131,23
4883,2,2,0.03786456,0.96213543,23
4883,3,8,0.03630445,0.9636955,23
4883,4,16,0.035774462,0.96422553,23
4883,5,1,0.03465614,0.96534383,23
4884,1,9,0.038226083,0.96177393,23
4884,2,2,0.03731659,0.96268344,23
4884,3,16,0.036268312,0.9637317,23
4884,4,8,0.03618012,0.96381986,23
4884,5,29,0.034818094,0.9651819,23
4885,1,9,0.038069136,0.9619309,23
4885,2,2,0.037697226,0.9623028,23
4885,3,16,0.03630194,0.963698,23
4885,4,8,0.036191404,0.9638086,23
4885,5,1,0.035049625,0.9649504,23
4886,1,9,0.038260564,0.9617394,23
4886,2,2,0.03767305,0.96232694,23
4886,3,8,0.036222566,0.9637774,23
4886,4,16,0.036050607,0.9639494,23
4886,5,29,0.034708265,0.96529174,23
4887,1,9,0.03830196,0.96169806,23
4887,2,2,0.037606303,0.9623937,23
4887,3,8,0.036224153,0.9637759,23
4887,4,16,0.035977256,0.96402276,23
4887,5,29,0.03471511,0.9652849,23
4888,1,9,0.03824835,0.96175164,23
4888,2,2,0.03737648,0.96262354,23
4888,3,16,0.036294974,0.963705,23
4888,4,8,0.036218815,0.9637812,23
4888,5,29,0.034809504,0.9651905,23
4889,1,9,0.03800739,0.9619926,23
4889,2,2,0.037718963,0.96228105,23
4889,3,16,0.036339168,0.96366084,23
4889,4,8,0.036115527,0.9638845,23
4889,5,29,0.034766067,0.9652339,23
4890,1,9,0.038155034,0.961845,23
4890,2,2,0.03767439,0.96232563,23
4890,3,8,0.036388062,0.96361196,23
4890,4,16,0.03591658,0.96408343,23
4890,5,1,0.03481887,0.9651811,23
4891,1,9,0.038156573,0.96184343,23
4891,2,2,0.03767002,0.96233,23
4891,3,8,0.03626383,0.9637362,23
4891,4,16,0.03612831,0.9638717,23
4891,5,1,0.034722786,0.9652772,23
4892,1,9,0.038401634,0.9615984,23
4892,2,2,0.037450206,0.9625498,23
4892,3,8,0.03628886,0.96371114,23
4892,4,16,0.036030717,0.9639693,23
4892,5,29,0.034816165,0.96518385,23
4893,1,9,0.038015753,0.9619843,23
4893,2,2,0.037529405,0.9624706,23
4893,3,8,0.036238052,0.9637619,23
4893,4,16,0.036227934,0.96377206,23
4893,5,29,0.034912527,0.9650875,23
4894,1,9,0.038280677,0.96171933,23
4894,2,2,0.037540704,0.9624593,23
4894,3,8,0.036260482,0.9637395,23
4894,4,16,0.0361204,0.9638796,23
4894,5,29,0.034924638,0.9650754,23
4895,1,9,0.038273294,0.9617267,23
4895,2,2,0.037564117,0.9624359,23
4895,3,8,0.036153506,0.9638465,23
4895,4,16,0.03603452,0.9639655,23
4895,5,1,0.034702256,0.96529776,23
4896,1,9,0.038037486,0.9619625,23
4896,2,2,0.03792517,0.9620748,23
4896,3,8,0.036223236,0.96377677,23
4896,4,16,0.03598156,0.96401846,23
4896,5,29,0.034892365,0.9651076,23
4897,1,9,0.038185906,0.9618141,23
4897,2,2,0.03770326,0.9622967,23
4897,3,8,0.03637879,0.9636212,23
4897,4,16,0.03579514,0.96420485,23
4897,5,1,0.034816194,0.9651838,23
4898,1,9,0.03793239,0.9620676,23
4898,2,2,0.037472453,0.9625276,23
4898,3,16,0.03637878,0.9636212,23
4898,4,8,0.036326483,0.96367353,23
4898,5,29,0.0349598,0.9650402,23
4899,1,9,0.03829669,0.9617033,23
4899,2,2,0.03760921,0.9623908,23
4899,3,8,0.036359593,0.9636404,23
4899,4,16,0.035788126,0.9642119,23
4899,5,1,0.034845747,0.96515423,23
4900,1,9,0.03837061,0.9616294,23
4900,2,2,0.0380131,0.9619869,23
4900,3,8,0.035843197,0.9641568,23
4900,4,16,0.035801116,0.9641989,23
4900,5,1,0.03451332,0.9654867,23
4901,1,9,0.038212728,0.9617873,23
4901,2,2,0.037470676,0.9625293,23
4901,3,8,0.03637427,0.9636257,23
4901,4,16,0.036173847,0.9638262,23
4901,5,29,0.034896184,0.9651038,23
4902,1,9,0.038095627,0.96190435,23
4902,2,2,0.037391704,0.9626083,23
4902,3,16,0.03637515,0.96362484,23
4902,4,8,0.036263537,0.9637365,23
4902,5,29,0.03487215,0.9651278,23
4903,1,9,0.03808419,0.9619158,23
4903,2,2,0.0375024,0.9624976,23
4903,3,8,0.036420483,0.96357954,23
4903,4,16,0.036158845,0.96384114,23
4903,5,1,0.034845017,0.965155,23
4904,1,9,0.038207185,0.9617928,23
4904,2,2,0.037900753,0.96209925,23
4904,3,8,0.036308285,0.9636917,23
4904,4,16,0.035644334,0.96435565,23
4904,5,1,0.034849837,0.9651502,23
4905,1,9,0.03814982,0.96185017,23
4905,2,2,0.03774387,0.96225613,23
4905,3,8,0.036205962,0.96379405,23
4905,4,16,0.036042098,0.9639579,23
4905,5,1,0.034962457,0.9650375,23
4906,1,9,0.037902765,0.9620972,23
4906,2,2,0.037549824,0.96245015,23
4906,3,16,0.036687814,0.9633122,23
4906,4,8,0.036178526,0.9638215,23
4906,5,29,0.034914766,0.9650852,23
4907,1,9,0.038389225,0.9616108,23
4907,2,2,0.037468467,0.9625315,23
4907,3,8,0.03611939,0.9638806,23
4907,4,16,0.036115684,0.9638843,23
4907,5,29,0.03468592,0.9653141,23
4908,1,9,0.0383229,0.9616771,23
4908,2,2,0.03793962,0.9620604,23
4908,3,8,0.036044918,0.9639551,23
4908,4,16,0.035962738,0.96403724,23
4908,5,1,0.03452391,0.9654761,23
4909,1,9,0.03823782,0.9617622,23
4909,2,2,0.03774317,0.96225685,23
4909,3,8,0.036445837,0.96355414,23
4909,4,16,0.035828453,0.9641715,23
4909,5,1,0.03486304,0.96513695,23
4910,1,9,0.03820082,0.9617992,23
4910,2,2,0.037499353,0.96250063,23
4910,3,8,0.036291014,0.963709,23
4910,4,16,0.035953917,0.96404606,23
4910,5,1,0.034998693,0.9650013,23
4911,1,9,0.038610343,0.96138966,23
4911,2,2,0.037418682,0.96258134,23
4911,3,8,0.03619302,0.963807,23
4911,4,16,0.03599607,0.9640039,23
4911,5,29,0.034645643,0.9653544,23
4912,1,9,0.03836926,0.96163076,23
4912,2,2,0.037291765,0.96270823,23
4912,3,8,0.03626521,0.9637348,23
4912,4,16,0.036080617,0.9639194,23
4912,5,29,0.034802098,0.9651979,23
4913,1,9,0.038166102,0.9618339,23
4913,2,2,0.03807919,0.9619208,23
4913,3,8,0.036227994,0.963772,23
4913,4,16,0.035774544,0.9642255,23
4913,5,1,0.034913365,0.96508664,23
4914,1,9,0.038344882,0.96165514,23
4914,2,2,0.03752015,0.9624798,23
4914,3,8,0.036212776,0.9637872,23
4914,4,16,0.035982754,0.9640173,23
4914,5,29,0.034733586,0.9652664,23
4915,1,9,0.038363528,0.9616365,23
4915,2,2,0.037578408,0.9624216,23
4915,3,8,0.036232382,0.96376765,23
4915,4,16,0.035930716,0.9640693,23
4915,5,1,0.034821887,0.96517813,23
4916,1,9,0.03808251,0.9619175,23
4916,2,2,0.03736662,0.9626334,23
4916,3,16,0.036309548,0.96369046,23
4916,4,8,0.036147192,0.9638528,23
4916,5,29,0.03480818,0.96519184,23
4917,1,9,0.038154464,0.9618455,23
4917,2,2,0.03796379,0.9620362,23
4917,3,8,0.03621956,0.96378046,23
4917,4,16,0.03582182,0.9641782,23
4917,5,1,0.034695387,0.9653046,23
4918,1,9,0.038233828,0.9617662,23
4918,2,2,0.037897654,0.96210235,23
4918,3,8,0.036333706,0.9636663,23
4918,4,16,0.03583934,0.9641607,23
4918,5,1,0.034844678,0.9651553,23
4919,1,9,0.03804909,0.9619509,23
4919,2,2,0.037683204,0.9623168,23
4919,3,8,0.036497265,0.96350276,23
4919,4,16,0.03610442,0.96389556,23
4919,5,29,0.034895763,0.9651042,23
4920,1,9,0.038160186,0.9618398,23
4920,2,2,0.037605844,0.9623942,23
4920,3,8,0.036402363,0.96359766,23
4920,4,16,0.036063537,0.96393645,23
4920,5,29,0.034834743,0.96516526,23
4921,1,9,0.038531367,0.96146864,23
4921,2,2,0.03755161,0.96244836,23
4921,3,8,0.03616635,0.96383363,23
4921,4,16,0.03598014,0.96401983,23
4921,5,1,0.034749687,0.9652503,23
4922,1,9,0.037877955,0.962122,23
4922,2,2,0.037461687,0.9625383,23
4922,3,16,0.036678117,0.96332186,23
4922,4,8,0.03621215,0.96378785,23
4922,5,29,0.035097275,0.9649027,23
4923,1,9,0.038181704,0.9618183,23
4923,2,2,0.037481986,0.96251804,23
4923,3,8,0.03630537,0.96369463,23
4923,4,16,0.03610348,0.9638965,23
4923,5,1,0.034811396,0.9651886,23
4924,1,9,0.03831703,0.961683,23
4924,2,2,0.037753694,0.9622463,23
4924,3,8,0.03616367,0.9638363,23
4924,4,16,0.035986762,0.9640132,23
4924,5,1,0.034700423,0.9652996,23
4925,1,9,0.038092364,0.9619076,23
4925,2,2,0.037472073,0.96252793,23
4925,3,16,0.03627838,0.96372163,23
4925,4,8,0.036088686,0.9639113,23
4925,5,29,0.03487136,0.96512866,23
4926,1,9,0.038214985,0.961785,23
4926,2,2,0.037701663,0.96229833,23
4926,3,8,0.03629293,0.9637071,23
4926,4,16,0.035808142,0.96419185,23
4926,5,1,0.03474491,0.9652551,23
4927,1,9,0.038000535,0.9619995,23
4927,2,2,0.037479896,0.9625201,23
4927,3,16,0.03622682,0.9637732,23
4927,4,8,0.03617339,0.9638266,23
4927,5,29,0.034875095,0.9651249,23
4928,1,9,0.038497012,0.96150297,23
4928,2,2,0.03793526,0.96206474,23
4928,3,8,0.03633997,0.96366,23
4928,4,16,0.035605248,0.96439475,23
4928,5,1,0.034952138,0.96504784,23
4929,1,9,0.038219485,0.9617805,23
4929,2,2,0.037613854,0.96238613,23
4929,3,16,0.03620928,0.9637907,23
4929,4,8,0.03605805,0.96394193,23
4929,5,29,0.03470633,0.96529365,23
4930,1,9,0.038038142,0.96196187,23
4930,2,2,0.037721325,0.96227866,23
4930,3,16,0.03619467,0.9638053,23
4930,4,8,0.0361276,0.9638724,23
4930,5,29,0.034867994,0.965132,23
4931,1,9,0.03805327,0.9619467,23
4931,2,2,0.037727427,0.9622726,23
4931,3,16,0.03616116,0.9638388,23
4931,4,8,0.03614114,0.96385884,23
4931,5,1,0.034785587,0.96521443,23
4932,1,9,0.038291447,0.96170855,23
4932,2,2,0.03765579,0.9623442,23
4932,3,8,0.03616314,0.96383685,23
4932,4,16,0.03607681,0.9639232,23
4932,5,1,0.034630485,0.9653695,23
4933,1,9,0.03811287,0.9618871,23
4933,2,2,0.037519675,0.9624803,23
4933,3,8,0.03631841,0.9636816,23
4933,4,16,0.036195185,0.96380484,23
4933,5,29,0.034843702,0.9651563,23
4934,1,9,0.038138792,0.9618612,23
4934,2,2,0.037408136,0.9625919,23
4934,3,8,0.03628591,0.96371406,23
4934,4,16,0.036161736,0.9638383,23
4934,5,29,0.034889508,0.9651105,23
4935,1,9,0.03809547,0.9619045,23
4935,2,2,0.037601084,0.9623989,23
4935,3,8,0.036237966,0.96376204,23
4935,4,16,0.03608754,0.9639125,23
4935,5,1,0.034847725,0.96515226,23
4936,1,9,0.038164977,0.961835,23
4936,2,2,0.037857678,0.96214235,23
4936,3,8,0.03615367,0.9638463,23
4936,4,16,0.035903864,0.9640961,23
4936,5,1,0.034901433,0.96509856,23
4937,1,9,0.038352802,0.9616472,23
4937,2,2,0.037777483,0.9622225,23
4937,3,8,0.036239345,0.9637607,23
4937,4,16,0.035966434,0.96403354,23
4937,5,1,0.034736507,0.9652635,23
4938,1,9,0.03836154,0.96163845,23
4938,2,2,0.03767534,0.9623247,23
4938,3,8,0.03634804,0.96365196,23
4938,4,16,0.035802156,0.9641979,23
4938,5,29,0.034664687,0.9653353,23
4939,1,9,0.038168516,0.9618315,23
4939,2,2,0.037451327,0.9625487,23
4939,3,8,0.03644258,0.9635574,23
4939,4,16,0.036040075,0.96395993,23
4939,5,29,0.034848012,0.96515197,23
4940,1,9,0.038403004,0.96159697,23
4940,2,2,0.03773749,0.9622625,23
4940,3,8,0.03629041,0.9637096,23
4940,4,16,0.03598359,0.96401644,23
4940,5,29,0.034666196,0.9653338,23
4941,1,9,0.03823494,0.96176505,23
4941,2,2,0.03731589,0.9626841,23
4941,3,8,0.036368437,0.9636316,23
4941,4,16,0.03609289,0.9639071,23
4941,5,29,0.03481968,0.96518034,23
4942,1,9,0.03822825,0.9617717,23
4942,2,2,0.037826538,0.96217346,23
4942,3,8,0.036242023,0.963758,23
4942,4,16,0.035896204,0.9641038,23
4942,5,1,0.034993913,0.9650061,23
4943,1,9,0.038213953,0.96178603,23
4943,2,2,0.037479073,0.96252096,23
4943,3,8,0.036241952,0.96375805,23
4943,4,16,0.036061175,0.96393883,23
4943,5,29,0.034722522,0.9652775,23
4944,1,9,0.038250864,0.96174914,23
4944,2,2,0.03780341,0.9621966,23
4944,3,8,0.036515027,0.963485,23
4944,4,16,0.035788234,0.96421176,23
4944,5,1,0.034872614,0.9651274,23
4945,1,9,0.03813721,0.9618628,23
4945,2,2,0.03736053,0.96263945,23
4945,3,16,0.036343828,0.9636562,23
4945,4,8,0.036060724,0.96393925,23
4945,5,29,0.034720447,0.9652796,23
4946,1,9,0.038746573,0.9612534,23
4946,2,2,0.037704058,0.96229595,23
4946,3,8,0.036043357,0.96395665,23
4946,4,16,0.03602713,0.96397287,23
4946,5,29,0.034658853,0.96534115,23
4947,1,9,0.03799463,0.9620054,23
4947,2,2,0.037495572,0.96250445,23
4947,3,16,0.036310222,0.9636898,23
4947,4,8,0.036223758,0.96377623,23
4947,5,29,0.034784537,0.96521544,23
4948,1,9,0.038320053,0.96167994,23
4948,2,2,0.03776457,0.96223545,23
4948,3,8,0.036139287,0.9638607,23
4948,4,16,0.035974205,0.9640258,23
4948,5,29,0.03463276,0.96536726,23
4949,1,9,0.03813652,0.96186346,23
4949,2,2,0.03787871,0.9621213,23
4949,3,8,0.036127646,0.9638724,23
4949,4,16,0.035817415,0.9641826,23
4949,5,29,0.034873422,0.9651266,23
4950,1,9,0.038064543,0.96193546,23
4950,2,2,0.037569404,0.9624306,23
4950,3,16,0.03624192,0.9637581,23
4950,4,8,0.036182355,0.96381766,23
4950,5,29,0.03481318,0.96518683,23
4951,1,9,0.038140938,0.96185905,23
4951,2,2,0.037871417,0.9621286,23
4951,3,8,0.036153294,0.9638467,23
4951,4,16,0.035807397,0.9641926,23
4951,5,1,0.034912605,0.9650874,23
4952,1,9,0.03822049,0.96177953,23
4952,2,2,0.037749887,0.9622501,23
4952,3,8,0.03617344,0.96382654,23
4952,4,16,0.03608963,0.96391034,23
4952,5,29,0.034743212,0.9652568,23
4953,1,9,0.0383067,0.9616933,23
4953,2,2,0.037596215,0.9624038,23
4953,3,8,0.036202926,0.9637971,23
4953,4,16,0.036072243,0.96392775,23
4953,5,1,0.034813438,0.96518654,23
4954,1,9,0.03838509,0.9616149,23
4954,2,2,0.037935574,0.96206445,23
4954,3,8,0.0361154,0.9638846,23
4954,4,16,0.03579268,0.9642073,23
4954,5,1,0.034742557,0.96525747,23
4955,1,9,0.038257625,0.9617424,23
4955,2,2,0.037635166,0.96236485,23
4955,3,8,0.036259506,0.96374047,23
4955,4,16,0.036034256,0.9639658,23
4955,5,1,0.034843583,0.96515644,23
4956,1,9,0.038064934,0.96193504,23
4956,2,2,0.037943322,0.9620567,23
4956,3,8,0.036373302,0.9636267,23
4956,4,16,0.03591687,0.96408314,23
4956,5,1,0.03490494,0.96509504,23
4957,1,9,0.038288195,0.9617118,23
4957,2,2,0.037836384,0.9621636,23
4957,3,8,0.036138676,0.96386135,23
4957,4,16,0.035840042,0.96415997,23
4957,5,1,0.03470968,0.9652903,23
4958,1,9,0.038214047,0.961786,23
4958,2,2,0.037531603,0.9624684,23
4958,3,8,0.036274485,0.9637255,23
4958,4,16,0.03615675,0.9638432,23
4958,5,29,0.034763385,0.9652366,23
4959,1,9,0.038042974,0.96195704,23
4959,2,2,0.03766211,0.9623379,23
4959,3,8,0.036271468,0.96372855,23
4959,4,16,0.036050383,0.9639496,23
4959,5,29,0.034922536,0.96507746,23
4960,1,9,0.03852942,0.9614706,23
4960,2,2,0.03750297,0.96249706,23
4960,3,16,0.03611156,0.96388847,23
4960,4,8,0.035979845,0.96402013,23
4960,5,29,0.03479283,0.96520716,23
4961,1,9,0.03820282,0.9617972,23
4961,2,2,0.03744287,0.96255714,23
4961,3,8,0.036347978,0.963652,23
4961,4,16,0.03613476,0.9638652,23
4961,5,29,0.034923438,0.96507657,23
4962,1,9,0.03818948,0.9618105,23
4962,2,2,0.03779113,0.96220887,23
4962,3,8,0.036272682,0.9637273,23
4962,4,16,0.035845745,0.96415424,23
4962,5,1,0.03485849,0.96514153,23
4963,1,9,0.0382978,0.9617022,23
4963,2,2,0.037839375,0.96216065,23
4963,3,8,0.036092114,0.9639079,23
4963,4,16,0.035889704,0.9641103,23
4963,5,29,0.034590364,0.96540964,23
4964,1,9,0.038387187,0.9616128,23
4964,2,2,0.037672237,0.9623278,23
4964,3,8,0.036372326,0.9636277,23
4964,4,16,0.03581601,0.964184,23
4964,5,1,0.034787014,0.965213,23
4965,1,9,0.038224272,0.9617757,23
4965,2,2,0.037827007,0.962173,23
4965,3,16,0.035977967,0.96402204,23
4965,4,8,0.035970796,0.9640292,23
4965,5,29,0.03480442,0.9651956,23
4966,1,9,0.038217567,0.96178246,23
4966,2,2,0.03747439,0.9625256,23
4966,3,8,0.036334593,0.9636654,23
4966,4,16,0.03605334,0.96394664,23
4966,5,1,0.034881696,0.9651183,23
4967,1,9,0.03805293,0.9619471,23
4967,2,2,0.03743745,0.96256256,23
4967,3,16,0.036344685,0.9636553,23
4967,4,8,0.036232084,0.9637679,23
4967,5,29,0.034842167,0.9651578,23
4968,1,9,0.03816214,0.9618379,23
4968,2,2,0.037653156,0.96234685,23
4968,3,8,0.036164094,0.9638359,23
4968,4,16,0.036083575,0.9639164,23
4968,5,29,0.035071447,0.96492857,23
4969,1,9,0.038294125,0.96170586,23
4969,2,2,0.03788717,0.96211284,23
4969,3,8,0.036119368,0.96388066,23
4969,4,16,0.035812166,0.96418786,23
4969,5,1,0.034863833,0.9651362,23
4970,1,9,0.03807592,0.9619241,23
4970,2,2,0.03775711,0.9622429,23
4970,3,8,0.036352444,0.96364754,23
4970,4,16,0.03593266,0.96406734,23
4970,5,29,0.03482745,0.9651725,23
4971,1,9,0.03847711,0.9615229,23
4971,2,2,0.03766493,0.96233505,23
4971,3,8,0.036307693,0.9636923,23
4971,4,16,0.035875935,0.9641241,23
4971,5,1,0.03464574,0.96535426,23
4972,1,9,0.038127724,0.9618723,23
4972,2,2,0.037535038,0.962465,23
4972,3,8,0.03637547,0.96362454,23
4972,4,16,0.036182627,0.96381736,23
4972,5,29,0.03483692,0.96516305,23
4973,1,9,0.03820022,0.9617998,23
4973,2,2,0.03760497,0.962395,23
4973,3,8,0.036128104,0.9638719,23
4973,4,16,0.036120515,0.96387947,23
4973,5,29,0.03471054,0.9652895,23
4974,1,9,0.038293827,0.96170616,23
4974,2,2,0.03742479,0.9625752,23
4974,3,16,0.036350373,0.96364963,23
4974,4,8,0.0360932,0.9639068,23
4974,5,29,0.034854732,0.9651453,23
4975,1,9,0.038188294,0.9618117,23
4975,2,2,0.037555743,0.96244425,23
4975,3,8,0.036292627,0.9637074,23
4975,4,16,0.03604623,0.9639538,23
4975,5,29,0.034811575,0.96518844,23
4976,1,9,0.03795366,0.9620463,23
4976,2,2,0.037565008,0.962435,23
4976,3,16,0.036452167,0.9635478,23
4976,4,8,0.03601769,0.9639823,23
4976,5,29,0.034918856,0.96508116,23
4977,1,9,0.03832759,0.9616724,23
4977,2,2,0.0377244,0.9622756,23
4977,3,8,0.0360623,0.9639377,23
4977,4,16,0.035813235,0.9641868,23
4977,5,29,0.034645036,0.965355,23
4978,1,9,0.037877265,0.96212274,23
4978,2,2,0.03747305,0.962527,23
4978,3,8,0.03637058,0.9636294,23
4978,4,16,0.036262885,0.96373713,23
4978,5,29,0.035148263,0.96485174,23
4979,1,9,0.038563285,0.9614367,23
4979,2,2,0.03766631,0.9623337,23
4979,3,8,0.036137726,0.9638623,23
4979,4,16,0.035887856,0.96411216,23
4979,5,18,0.03474255,0.96525747,23
4980,1,9,0.03822355,0.96177644,23
4980,2,2,0.03760087,0.9623991,23
4980,3,16,0.036230218,0.9637698,23
4980,4,8,0.036208536,0.9637915,23
4980,5,29,0.034802224,0.9651978,23
4981,1,9,0.038238987,0.961761,23
4981,2,2,0.037277997,0.962722,23
4981,3,16,0.03652042,0.9634796,23
4981,4,8,0.036202088,0.9637979,23
4981,5,29,0.034748565,0.96525145,23
4982,1,9,0.03811499,0.96188504,23
4982,2,2,0.03776046,0.96223956,23
4982,3,8,0.036262464,0.96373755,23
4982,4,16,0.035909645,0.96409035,23
4982,5,1,0.034914132,0.96508586,23
4983,1,9,0.038199097,0.96180093,23
4983,2,2,0.03763105,0.96236897,23
4983,3,8,0.03652681,0.9634732,23
4983,4,16,0.03603297,0.963967,23
4983,5,1,0.03480003,0.96519995,23
4984,1,9,0.037970923,0.9620291,23
4984,2,2,0.03761639,0.9623836,23
4984,3,8,0.03623987,0.96376014,23
4984,4,16,0.036212504,0.9637875,23
4984,5,29,0.034861345,0.9651387,23
4985,1,9,0.03796888,0.9620311,23
4985,2,2,0.037621472,0.9623785,23
4985,3,8,0.036289904,0.96371007,23
4985,4,16,0.036155663,0.96384436,23
4985,5,29,0.034855112,0.9651449,23
4986,1,9,0.03835496,0.96164507,23
4986,2,2,0.037660405,0.9623396,23
4986,3,8,0.036253296,0.9637467,23
4986,4,16,0.03611007,0.96388996,23
4986,5,29,0.034800537,0.9651995,23
4987,1,9,0.03807581,0.9619242,23
4987,2,2,0.037409715,0.9625903,23
4987,3,16,0.03633507,0.96366495,23
4987,4,8,0.03611635,0.96388364,23
4987,5,1,0.034744855,0.96525514,23
4988,1,9,0.03825104,0.96174896,23
4988,2,2,0.03768548,0.96231455,23
4988,3,8,0.03621846,0.96378154,23
4988,4,16,0.035922997,0.964077,23
4988,5,1,0.03471579,0.9652842,23
4989,1,9,0.038345024,0.96165496,23
4989,2,2,0.037834313,0.9621657,23
4989,3,8,0.036227282,0.9637727,23
4989,4,16,0.03579355,0.96420646,23
4989,5,1,0.03486235,0.96513766,23
4990,1,9,0.038365446,0.9616346,23
4990,2,2,0.037632655,0.96236736,23
4990,3,8,0.03641861,0.9635814,23
4990,4,16,0.035920594,0.9640794,23
4990,5,1,0.03485559,0.9651444,23
4991,1,9,0.03808131,0.9619187,23
4991,2,2,0.037436254,0.96256375,23
4991,3,16,0.036371145,0.9636288,23
4991,4,8,0.036109496,0.9638905,23
4991,5,29,0.034985587,0.9650144,23
4992,1,9,0.0380288,0.9619712,23
4992,2,2,0.03741837,0.96258163,23
4992,3,16,0.03638777,0.9636122,23
4992,4,8,0.036312204,0.9636878,23
4992,5,29,0.035062145,0.96493787,23
4993,1,9,0.038494136,0.9615059,23
4993,2,2,0.037775826,0.9622242,23
4993,3,8,0.03620965,0.96379036,23
4993,4,16,0.035864096,0.9641359,23
4993,5,29,0.03458437,0.96541566,23
4994,1,9,0.038163863,0.96183616,23
4994,2,2,0.0376918,0.96230817,23
4994,3,8,0.03622202,0.96377796,23
4994,4,16,0.036135025,0.963865,23
4994,5,29,0.034732845,0.9652672,23
4995,1,9,0.03861516,0.96138483,23
4995,2,2,0.03759801,0.962402,23
4995,3,8,0.036066253,0.96393377,23
4995,4,16,0.036033396,0.9639666,23
4995,5,1,0.03459778,0.96540225,23
4996,1,9,0.03820417,0.9617958,23
4996,2,2,0.03749796,0.96250206,23
4996,3,16,0.036372963,0.96362704,23
4996,4,8,0.03608807,0.96391195,23
4996,5,29,0.034839842,0.96516013,23
4997,1,9,0.038526364,0.96147364,23
4997,2,2,0.037607923,0.9623921,23
4997,3,8,0.036446843,0.96355313,23
4997,4,16,0.03584294,0.96415704,23
4997,5,1,0.034868825,0.96513116,23
4998,1,9,0.038154896,0.9618451,23
4998,2,2,0.037640385,0.9623596,23
4998,3,8,0.036392827,0.9636072,23
4998,4,16,0.036014125,0.96398586,23
4998,5,29,0.03486795,0.96513206,23
4999,1,9,0.038270544,0.96172947,23
4999,2,2,0.037873134,0.96212685,23
4999,3,8,0.036277466,0.9637225,23
4999,4,16,0.035800852,0.9641991,23
4999,5,1,0.03490315,0.96509683,23
5000,1,9,0.038007323,0.9619927,23
5000,2,2,0.03755064,0.9624494,23
5000,3,8,0.03632094,0.9636791,23
5000,4,16,0.036279134,0.96372086,23
5000,5,29,0.03482267,0.96517736,23
5001,1,9,0.037787322,0.9622127,23
5001,2,2,0.037558768,0.9624412,23
5001,3,8,0.03640559,0.96359444,23
5001,4,16,0.036187243,0.96381277,23
5001,5,29,0.03531954,0.96468043,23
5002,1,9,0.038155068,0.9618449,23
5002,2,2,0.03741286,0.9625871,23
5002,3,16,0.03629908,0.9637009,23
5002,4,8,0.036124837,0.9638752,23
5002,5,29,0.035047736,0.9649523,23
5003,1,9,0.03823925,0.96176076,23
5003,2,2,0.037765257,0.96223474,23
5003,3,8,0.03627249,0.96372753,23
5003,4,16,0.03590154,0.96409845,23
5003,5,1,0.034878507,0.9651215,23
5004,1,9,0.038157105,0.9618429,23
5004,2,2,0.037542097,0.9624579,23
5004,3,8,0.03636645,0.96363354,23
5004,4,16,0.036166962,0.96383303,23
5004,5,29,0.03495049,0.9650495,23
5005,1,9,0.038384177,0.9616158,23
5005,2,2,0.03783936,0.96216065,23
5005,3,8,0.036234263,0.96376574,23
5005,4,16,0.03572726,0.96427274,23
5005,5,1,0.034907956,0.96509206,23
5006,1,9,0.03818721,0.9618128,23
5006,2,2,0.03761671,0.9623833,23
5006,3,8,0.036208555,0.96379143,23
5006,4,16,0.036162402,0.9638376,23
5006,5,29,0.034800015,0.9652,23
5007,1,9,0.03839078,0.96160924,23
5007,2,2,0.037846863,0.96215314,23
5007,3,8,0.036155317,0.96384466,23
5007,4,16,0.0358128,0.9641872,23
5007,5,1,0.034556177,0.96544385,23
5008,1,9,0.037975483,0.9620245,23
5008,2,2,0.03740927,0.96259075,23
5008,3,8,0.036433164,0.96356684,23
5008,4,16,0.0362088,0.9637912,23
5008,5,29,0.03509785,0.96490216,23
5009,1,9,0.038055725,0.9619443,23
5009,2,2,0.037471157,0.9625288,23
5009,3,8,0.036383394,0.9636166,23
5009,4,16,0.036363363,0.96363664,23
5009,5,1,0.03481645,0.96518356,23
5010,1,9,0.038217485,0.9617825,23
5010,2,2,0.03753542,0.9624646,23
5010,3,8,0.03632457,0.96367544,23
5010,4,16,0.0360484,0.9639516,23
5010,5,29,0.03478828,0.96521175,23
5011,1,9,0.038300958,0.96169907,23
5011,2,2,0.03752283,0.96247715,23
5011,3,8,0.036422025,0.963578,23
5011,4,16,0.03583777,0.96416223,23
5011,5,1,0.034695163,0.96530485,23
5012,1,9,0.038402602,0.9615974,23
5012,2,2,0.037909083,0.9620909,23
5012,3,8,0.03626735,0.96373266,23
5012,4,16,0.035989564,0.9640104,23
5012,5,1,0.034715865,0.9652841,23
5013,1,9,0.038129054,0.96187097,23
5013,2,2,0.03736457,0.96263546,23
5013,3,16,0.03645432,0.9635457,23
5013,4,8,0.036121007,0.963879,23
5013,5,29,0.0348385,0.9651615,23
5014,1,9,0.03832258,0.96167743,23
5014,2,2,0.037698157,0.96230185,23
5014,3,8,0.035982344,0.9640176,23
5014,4,16,0.035962425,0.9640376,23
5014,5,29,0.034673907,0.9653261,23
5015,1,9,0.038274392,0.9617256,23
5015,2,2,0.037956588,0.9620434,23
5015,3,8,0.0360394,0.9639606,23
5015,4,16,0.03585196,0.96414804,23
5015,5,29,0.03464024,0.96535975,23
5016,1,9,0.0382542,0.9617458,23
5016,2,2,0.037525184,0.9624748,23
5016,3,8,0.03632673,0.9636733,23
5016,4,16,0.035926197,0.9640738,23
5016,5,29,0.034827653,0.96517235,23
5017,1,9,0.038139507,0.9618605,23
5017,2,2,0.037346996,0.962653,23
5017,3,16,0.0362046,0.9637954,23
5017,4,8,0.03618184,0.96381813,23
5017,5,29,0.034812115,0.9651879,23
5018,1,9,0.038058534,0.9619415,23
5018,2,2,0.037620533,0.96237946,23
5018,3,16,0.036514,0.963486,23
5018,4,8,0.035969112,0.96403086,23
5018,5,29,0.03467387,0.96532613,23
5019,1,9,0.038612813,0.96138716,23
5019,2,2,0.037790004,0.96221,23
5019,3,8,0.035986435,0.9640136,23
5019,4,16,0.035981473,0.9640185,23
5019,5,18,0.034725275,0.96527475,23
5020,1,9,0.038113426,0.9618866,23
5020,2,2,0.0372337,0.9627663,23
5020,3,16,0.03640893,0.9635911,23
5020,4,8,0.03609517,0.96390486,23
5020,5,29,0.034900397,0.9650996,23
5021,1,9,0.038222324,0.9617777,23
5021,2,2,0.037853837,0.96214616,23
5021,3,8,0.036108207,0.9638918,23
5021,4,16,0.035925288,0.96407473,23
5021,5,1,0.034923803,0.9650762,23
5022,1,9,0.038021963,0.961978,23
5022,2,2,0.037758417,0.9622416,23
5022,3,8,0.03622918,0.9637708,23
5022,4,16,0.036031157,0.9639689,23
5022,5,29,0.03486998,0.96513003,23
5023,1,9,0.038366478,0.9616335,23
5023,2,2,0.03759172,0.9624083,23
5023,3,8,0.03615244,0.9638476,23
5023,4,16,0.03593313,0.96406686,23
5023,5,29,0.03463337,0.9653666,23
5024,1,9,0.03801859,0.9619814,23
5024,2,2,0.03743203,0.962568,23
5024,3,8,0.036468003,0.963532,23
5024,4,16,0.03612328,0.9638767,23
5024,5,29,0.03489936,0.96510065,23
5025,1,9,0.03807324,0.96192676,23
5025,2,2,0.03764204,0.96235794,23
5025,3,8,0.036355726,0.96364427,23
5025,4,16,0.036140043,0.96386,23
5025,5,29,0.034945827,0.96505415,23
5026,1,9,0.038088575,0.96191144,23
5026,2,2,0.037617445,0.96238256,23
5026,3,16,0.036323987,0.96367604,23
5026,4,8,0.036084183,0.9639158,23
5026,5,1,0.034634687,0.9653653,23
5027,1,9,0.038210817,0.9617892,23
5027,2,2,0.03740269,0.9625973,23
5027,3,16,0.03619691,0.9638031,23
5027,4,8,0.036166113,0.96383387,23
5027,5,29,0.034820817,0.9651792,23
5028,1,9,0.037950672,0.9620493,23
5028,2,2,0.037710983,0.96228904,23
5028,3,8,0.036275405,0.9637246,23
5028,4,16,0.036102083,0.96389794,23
5028,5,29,0.034864403,0.9651356,23
5029,1,9,0.03835725,0.96164274,23
5029,2,2,0.037856348,0.96214366,23
5029,3,8,0.036346108,0.9636539,23
5029,4,16,0.0358444,0.9641556,23
5029,5,1,0.034758084,0.9652419,23
5030,1,9,0.038279187,0.9617208,23
5030,2,2,0.037522785,0.9624772,23
5030,3,8,0.036316864,0.9636831,23
5030,4,16,0.03618114,0.96381885,23
5030,5,29,0.034794655,0.9652054,23
5031,1,9,0.038162902,0.9618371,23
5031,2,2,0.03782538,0.9621746,23
5031,3,8,0.036209095,0.9637909,23
5031,4,16,0.03597754,0.96402246,23
5031,5,29,0.034892887,0.9651071,23
5032,1,9,0.03827409,0.9617259,23
5032,2,2,0.037702363,0.9622976,23
5032,3,8,0.036262777,0.96373725,23
5032,4,16,0.03599969,0.9640003,23
5032,5,1,0.034706064,0.96529394,23
5033,1,9,0.038495865,0.96150416,23
5033,2,2,0.037720043,0.96228,23
5033,3,8,0.036227953,0.96377206,23
5033,4,16,0.035935864,0.9640641,23
5033,5,1,0.034543302,0.9654567,23
5034,1,9,0.038324043,0.96167594,23
5034,2,2,0.037385497,0.9626145,23
5034,3,8,0.03620015,0.96379983,23
5034,4,16,0.036059037,0.963941,23
5034,5,1,0.03473694,0.96526307,23
5035,1,9,0.03835743,0.96164256,23
5035,2,2,0.037722528,0.9622775,23
5035,3,8,0.036150165,0.96384984,23
5035,4,16,0.03579784,0.96420217,23
5035,5,1,0.034842663,0.96515733,23
5036,1,9,0.038195442,0.96180457,23
5036,2,2,0.037409686,0.96259034,23
5036,3,8,0.03623284,0.9637672,23
5036,4,16,0.036151733,0.9638483,23
5036,5,29,0.034808636,0.96519136,23
5037,1,9,0.038296536,0.9617035,23
5037,2,2,0.037971865,0.96202815,23
5037,3,8,0.03629425,0.9637058,23
5037,4,16,0.035723146,0.96427685,23
5037,5,1,0.035062227,0.96493775,23
5038,1,9,0.03777917,0.96222085,23
5038,2,2,0.0376444,0.9623556,23
5038,3,16,0.036268912,0.9637311,23
5038,4,8,0.036200263,0.9637997,23
5038,5,29,0.0350466,0.9649534,23
5039,1,9,0.038348623,0.9616514,23
5039,2,2,0.037396383,0.9626036,23
5039,3,16,0.036232993,0.963767,23
5039,4,8,0.036160957,0.96383905,23
5039,5,29,0.034739178,0.9652608,23
5040,1,9,0.038129095,0.9618709,23
5040,2,2,0.037394274,0.9626057,23
5040,3,8,0.036440898,0.9635591,23
5040,4,16,0.036129482,0.9638705,23
5040,5,29,0.034888506,0.9651115,23
5041,1,9,0.038212944,0.96178705,23
5041,2,2,0.037581146,0.96241885,23
5041,3,16,0.0361989,0.9638011,23
5041,4,8,0.036102314,0.9638977,23
5041,5,29,0.035067677,0.9649323,23
5042,1,9,0.03800385,0.96199614,23
5042,2,2,0.03753429,0.9624657,23
5042,3,16,0.03646809,0.9635319,23
5042,4,8,0.0361796,0.9638204,23
5042,5,29,0.034921065,0.96507895,23
5043,1,9,0.038131,0.961869,23
5043,2,2,0.037339382,0.9626606,23
5043,3,8,0.03635125,0.96364874,23
5043,4,16,0.036261544,0.96373844,23
5043,5,29,0.0348477,0.9651523,23
5044,1,9,0.038294397,0.9617056,23
5044,2,2,0.03752641,0.9624736,23
5044,3,8,0.03630263,0.9636974,23
5044,4,16,0.03605541,0.9639446,23
5044,5,29,0.03480857,0.9651914,23
5045,1,9,0.038078655,0.96192133,23
5045,2,2,0.037416868,0.9625831,23
5045,3,16,0.036438044,0.96356195,23
5045,4,8,0.036237918,0.9637621,23
5045,5,29,0.034877043,0.96512294,23
5046,1,9,0.038238663,0.96176136,23
5046,2,2,0.037453994,0.962546,23
5046,3,16,0.036268745,0.9637312,23
5046,4,8,0.036025524,0.9639745,23
5046,5,29,0.03489188,0.9651081,23
5047,1,9,0.03808947,0.96191055,23
5047,2,2,0.037486237,0.96251374,23
5047,3,8,0.036253396,0.9637466,23
5047,4,16,0.03613882,0.96386117,23
5047,5,29,0.03484289,0.9651571,23
5048,1,9,0.038166314,0.9618337,23
5048,2,2,0.037687555,0.96231246,23
5048,3,8,0.036464296,0.9635357,23
5048,4,16,0.036086414,0.96391356,23
5048,5,1,0.034890305,0.9651097,23
5049,1,9,0.038254846,0.96174514,23
5049,2,2,0.03744671,0.96255326,23
5049,3,16,0.036227066,0.96377295,23
5049,4,8,0.03609092,0.9639091,23
5049,5,29,0.03474769,0.9652523,23
5050,1,9,0.038262676,0.96173733,23
5050,2,2,0.037427988,0.96257204,23
5050,3,8,0.03655099,0.963449,23
5050,4,16,0.03603426,0.9639657,23
5050,5,29,0.034826737,0.96517324,23
5051,1,9,0.038090643,0.96190935,23
5051,2,2,0.037605744,0.96239424,23
5051,3,8,0.036108956,0.963891,23
5051,4,16,0.03606925,0.9639307,23
5051,5,29,0.034845836,0.9651542,23
5052,1,9,0.038239434,0.9617606,23
5052,2,2,0.037731316,0.9622687,23
5052,3,8,0.036413547,0.96358645,23
5052,4,16,0.035931103,0.9640689,23
5052,5,29,0.034788445,0.9652116,23
5053,1,9,0.038378753,0.9616212,23
5053,2,2,0.03737439,0.9626256,23
5053,3,8,0.036337912,0.9636621,23
5053,4,16,0.036011796,0.9639882,23
5053,5,29,0.034814212,0.96518576,23
5054,1,9,0.038040116,0.9619599,23
5054,2,2,0.037730794,0.9622692,23
5054,3,16,0.036173772,0.96382624,23
5054,4,8,0.036094557,0.96390545,23
5054,5,29,0.03478627,0.9652137,23
5055,1,9,0.038069695,0.9619303,23
5055,2,2,0.037421092,0.9625789,23
5055,3,16,0.036426045,0.96357393,23
5055,4,8,0.03606526,0.9639347,23
5055,5,29,0.034826636,0.96517336,23
5056,1,9,0.038022727,0.96197724,23
5056,2,2,0.03757428,0.9624257,23
5056,3,8,0.036249608,0.96375036,23
5056,4,16,0.036166985,0.96383303,23
5056,5,29,0.03494783,0.9650522,23
5057,1,9,0.03845119,0.9615488,23
5057,2,2,0.03787835,0.96212167,23
5057,3,8,0.036253277,0.9637467,23
5057,4,16,0.035741273,0.96425873,23
5057,5,1,0.034828916,0.9651711,23
5058,1,9,0.038259707,0.9617403,23
5058,2,2,0.03773218,0.9622678,23
5058,3,8,0.03640053,0.96359944,23
5058,4,16,0.03590994,0.96409005,23
5058,5,1,0.034854766,0.96514523,23
5059,1,9,0.038286284,0.96171373,23
5059,2,2,0.03767396,0.96232605,23
5059,3,16,0.036199737,0.96380025,23
5059,4,8,0.036125917,0.9638741,23
5059,5,29,0.034778353,0.96522164,23
5060,1,9,0.038135644,0.96186435,23
5060,2,2,0.037603952,0.962396,23
5060,3,16,0.036260154,0.9637399,23
5060,4,8,0.036004435,0.9639956,23
5060,5,29,0.034782693,0.9652173,23
5061,1,9,0.03812877,0.9618712,23
5061,2,2,0.037487164,0.96251285,23
5061,3,8,0.036292545,0.96370745,23
5061,4,16,0.036146287,0.9638537,23
5061,5,29,0.035061583,0.9649384,23
5062,1,9,0.03806509,0.9619349,23
5062,2,2,0.037380103,0.9626199,23
5062,3,16,0.036556218,0.96344376,23
5062,4,8,0.0362212,0.9637788,23
5062,5,29,0.03488704,0.965113,23
5063,1,9,0.038054354,0.96194565,23
5063,2,2,0.03764487,0.96235514,23
5063,3,8,0.03646643,0.9635336,23
5063,4,16,0.03603406,0.96396595,23
5063,5,29,0.034978956,0.965021,23
5064,1,9,0.03799195,0.96200806,23
5064,2,2,0.037738346,0.9622617,23
5064,3,8,0.0362179,0.9637821,23
5064,4,16,0.036141813,0.9638582,23
5064,5,29,0.03483212,0.9651679,23
5065,1,9,0.038106438,0.96189356,23
5065,2,2,0.037720617,0.9622794,23
5065,3,8,0.036168624,0.96383137,23
5065,4,16,0.036151566,0.9638484,23
5065,5,1,0.034742206,0.96525776,23
5066,1,9,0.038442932,0.9615571,23
5066,2,2,0.037413962,0.96258605,23
5066,3,16,0.03622762,0.96377236,23
5066,4,8,0.036028776,0.9639712,23
5066,5,29,0.034754287,0.9652457,23
5067,1,9,0.038141172,0.9618588,23
5067,2,2,0.03751179,0.96248823,23
5067,3,16,0.03629237,0.9637076,23
5067,4,8,0.036190834,0.9638092,23
5067,5,29,0.03486074,0.96513927,23
5068,1,9,0.038403433,0.96159655,23
5068,2,2,0.037322547,0.9626775,23
5068,3,16,0.036183156,0.9638168,23
5068,4,8,0.03609663,0.96390337,23
5068,5,29,0.03479735,0.9652026,23
5069,1,9,0.03819841,0.9618016,23
5069,2,2,0.037637904,0.9623621,23
5069,3,8,0.03619743,0.9638026,23
5069,4,16,0.036034796,0.9639652,23
5069,5,1,0.03509601,0.964904,23
5070,1,9,0.038020886,0.9619791,23
5070,2,2,0.037431803,0.9625682,23
5070,3,16,0.036244538,0.9637555,23
5070,4,8,0.036239114,0.9637609,23
5070,5,29,0.034935467,0.9650645,23
5071,1,9,0.038506877,0.96149313,23
5071,2,2,0.037685577,0.9623144,23
5071,3,8,0.03607409,0.9639259,23
5071,4,16,0.035997793,0.9640022,23
5071,5,29,0.034755014,0.965245,23
5072,1,9,0.03810529,0.9618947,23
5072,2,2,0.03769003,0.96230996,23
5072,3,8,0.03620969,0.9637903,23
5072,4,16,0.03614932,0.9638507,23
5072,5,1,0.034940563,0.96505946,23
5073,1,9,0.038310397,0.9616896,23
5073,2,2,0.037785266,0.9622147,23
5073,3,8,0.036423057,0.9635769,23
5073,4,16,0.03566381,0.9643362,23
5073,5,1,0.034955986,0.965044,23
5074,1,9,0.038324796,0.9616752,23
5074,2,2,0.03751272,0.9624873,23
5074,3,8,0.036186684,0.9638133,23
5074,4,16,0.036026455,0.9639735,23
5074,5,1,0.034794524,0.9652055,23
5075,1,9,0.03796664,0.9620334,23
5075,2,2,0.037681486,0.96231854,23
5075,3,16,0.036308657,0.96369135,23
5075,4,8,0.036041785,0.9639582,23
5075,5,29,0.034894716,0.9651053,23
5076,1,9,0.03851383,0.96148616,23
5076,2,2,0.037729926,0.9622701,23
5076,3,8,0.03615332,0.9638467,23
5076,4,16,0.03574776,0.96425223,23
5076,5,1,0.034679156,0.9653208,23
5077,1,9,0.038297627,0.96170235,23
5077,2,2,0.03788945,0.9621105,23
5077,3,8,0.036375485,0.96362454,23
5077,4,16,0.035888843,0.96411115,23
5077,5,1,0.034766894,0.9652331,23
5078,1,9,0.038180143,0.9618199,23
5078,2,2,0.037838887,0.9621611,23
5078,3,8,0.03618665,0.96381336,23
5078,4,16,0.035975717,0.9640243,23
5078,5,1,0.034766205,0.9652338,23
5079,1,9,0.03841679,0.9615832,23
5079,2,2,0.037801635,0.9621984,23
5079,3,8,0.036249146,0.96375084,23
5079,4,16,0.036012907,0.9639871,23
5079,5,29,0.034683265,0.9653167,23
5080,1,9,0.038438823,0.9615612,23
5080,2,2,0.037576936,0.9624231,23
5080,3,8,0.036188774,0.9638112,23
5080,4,16,0.036005758,0.96399426,23
5080,5,29,0.034709394,0.9652906,23
5081,1,9,0.038310826,0.9616892,23
5081,2,2,0.037522394,0.9624776,23
5081,3,8,0.036219865,0.96378016,23
5081,4,16,0.036069725,0.96393025,23
5081,5,1,0.034757268,0.96524274,23
5082,1,9,0.038256116,0.9617439,23
5082,2,2,0.03756728,0.96243274,23
5082,3,8,0.036227368,0.96377265,23
5082,4,16,0.036206234,0.96379375,23
5082,5,29,0.03478875,0.9652113,23
5083,1,9,0.038141325,0.9618587,23
5083,2,2,0.0374077,0.9625923,23
5083,3,8,0.036208104,0.9637919,23
5083,4,16,0.036190048,0.96380997,23
5083,5,1,0.034827605,0.9651724,23
5084,1,9,0.038071718,0.9619283,23
5084,2,2,0.03787089,0.9621291,23
5084,3,8,0.03632716,0.9636728,23
5084,4,16,0.0358921,0.9641079,23
5084,5,29,0.034968775,0.9650312,23
5085,1,9,0.038205557,0.96179444,23
5085,2,2,0.03738767,0.96261233,23
5085,3,8,0.03644617,0.96355385,23
5085,4,16,0.03609995,0.9639,23
5085,5,1,0.034897245,0.96510273,23
5086,1,9,0.0380932,0.9619068,23
5086,2,2,0.037764166,0.9622358,23
5086,3,8,0.03623272,0.9637673,23
5086,4,16,0.036044497,0.9639555,23
5086,5,1,0.03483712,0.9651629,23
5087,1,9,0.03785597,0.962144,23
5087,2,2,0.037580956,0.96241903,23
5087,3,16,0.03637842,0.96362156,23
5087,4,8,0.036211696,0.96378833,23
5087,5,29,0.034960397,0.9650396,23
5088,1,9,0.038143985,0.961856,23
5088,2,2,0.037515502,0.9624845,23
5088,3,16,0.03630069,0.96369934,23
5088,4,8,0.03598662,0.9640134,23
5088,5,29,0.034758266,0.96524173,23
5089,1,9,0.038184106,0.9618159,23
5089,2,2,0.037593935,0.96240604,23
5089,3,16,0.03633154,0.96366847,23
5089,4,8,0.03614126,0.9638587,23
5089,5,29,0.034796786,0.9652032,23
5090,1,9,0.038150113,0.96184987,23
5090,2,2,0.037223533,0.9627765,23
5090,3,16,0.036281154,0.96371883,23
5090,4,8,0.03620118,0.9637988,23
5090,5,29,0.034885395,0.9651146,23
5091,1,9,0.038243204,0.9617568,23
5091,2,2,0.037290655,0.96270937,23
5091,3,8,0.036295805,0.96370417,23
5091,4,16,0.036023635,0.9639764,23
5091,5,1,0.0349387,0.9650613,23
5092,1,9,0.038127903,0.9618721,23
5092,2,2,0.038117327,0.96188265,23
5092,3,8,0.036339525,0.9636605,23
5092,4,16,0.035775248,0.96422476,23
5092,5,1,0.03509692,0.96490306,23
5093,1,9,0.038169138,0.96183085,23
5093,2,2,0.037541233,0.9624588,23
5093,3,16,0.036341194,0.9636588,23
5093,4,8,0.036118057,0.96388197,23
5093,5,29,0.034903415,0.9650966,23
5094,1,9,0.03819804,0.96180195,23
5094,2,2,0.037864376,0.9621356,23
5094,3,8,0.036101807,0.9638982,23
5094,4,16,0.035904717,0.9640953,23
5094,5,1,0.034798805,0.9652012,23
5095,1,9,0.0380111,0.9619889,23
5095,2,2,0.037549123,0.96245086,23
5095,3,8,0.036390696,0.9636093,23
5095,4,16,0.036168776,0.96383125,23
5095,5,29,0.035085447,0.96491456,23
5096,1,9,0.03816487,0.96183515,23
5096,2,2,0.037470575,0.9625294,23
5096,3,16,0.036201064,0.96379894,23
5096,4,8,0.03617803,0.96382195,23
5096,5,1,0.034848914,0.9651511,23
5097,1,9,0.03818049,0.9618195,23
5097,2,2,0.037682097,0.9623179,23
5097,3,16,0.036175925,0.9638241,23
5097,4,8,0.03616525,0.96383476,23
5097,5,29,0.03475707,0.9652429,23
5098,1,9,0.038029958,0.96197003,23
5098,2,2,0.03747827,0.96252173,23
5098,3,16,0.03644996,0.96355003,23
5098,4,8,0.036141504,0.9638585,23
5098,5,29,0.034878455,0.96512157,23
5099,1,9,0.038181353,0.96181864,23
5099,2,2,0.037786253,0.96221375,23
5099,3,8,0.03612437,0.96387565,23
5099,4,16,0.036088,0.963912,23
5099,5,29,0.03488706,0.9651129,23
5100,1,9,0.038141847,0.96185815,23
5100,2,2,0.037698373,0.9623016,23
5100,3,8,0.036371615,0.9636284,23
5100,4,16,0.035944406,0.9640556,23
5100,5,1,0.034883376,0.9651166,23
5101,1,9,0.038118858,0.96188116,23
5101,2,2,0.03785637,0.96214366,23
5101,3,8,0.03645015,0.96354985,23
5101,4,16,0.03590256,0.96409744,23
5101,5,1,0.03476508,0.96523494,23
5102,1,9,0.03809923,0.9619008,23
5102,2,2,0.037303742,0.96269625,23
5102,3,8,0.0363337,0.9636663,23
5102,4,16,0.036282334,0.96371764,23
5102,5,29,0.03489948,0.9651005,23
5103,1,9,0.038016494,0.9619835,23
5103,2,2,0.037409443,0.9625906,23
5103,3,8,0.036408313,0.9635917,23
5103,4,16,0.036232535,0.96376747,23
5103,5,29,0.03492083,0.9650792,23
5104,1,9,0.03794718,0.9620528,23
5104,2,2,0.037444767,0.9625552,23
5104,3,16,0.03619333,0.9638067,23
5104,4,8,0.036100056,0.96389997,23
5104,5,29,0.0348341,0.9651659,23
5105,1,9,0.037944485,0.9620555,23
5105,2,2,0.037405606,0.9625944,23
5105,3,8,0.036478,0.963522,23
5105,4,16,0.036131937,0.9638681,23
5105,5,29,0.035331804,0.9646682,23
5106,1,9,0.038588494,0.9614115,23
5106,2,2,0.037878413,0.9621216,23
5106,3,8,0.036258016,0.96374196,23
5106,4,16,0.035724055,0.96427596,23
5106,5,1,0.03494557,0.96505445,23
5107,1,9,0.03843662,0.96156335,23
5107,2,2,0.037738334,0.9622617,23
5107,3,8,0.03620046,0.96379954,23
5107,4,16,0.035840776,0.96415925,23
5107,5,1,0.0347472,0.9652528,23
5108,1,9,0.038370665,0.96162933,23
5108,2,2,0.03732434,0.9626757,23
5108,3,8,0.03637096,0.96362907,23
5108,4,16,0.036132675,0.9638673,23
5108,5,29,0.034912314,0.9650877,23
5109,1,9,0.038074933,0.9619251,23
5109,2,2,0.037523177,0.96247685,23
5109,3,8,0.03626184,0.96373814,23
5109,4,16,0.036219113,0.9637809,23
5109,5,29,0.034872938,0.96512705,23
5110,1,9,0.03811124,0.9618888,23
5110,2,2,0.03771354,0.9622865,23
5110,3,8,0.03629173,0.9637083,23
5110,4,16,0.035971902,0.9640281,23
5110,5,1,0.034900907,0.9650991,23
5111,1,9,0.038141742,0.9618583,23
5111,2,2,0.03739467,0.96260536,23
5111,3,16,0.036224715,0.9637753,23
5111,4,8,0.036198013,0.963802,23
5111,5,29,0.034810472,0.9651895,23
5112,1,9,0.03806621,0.9619338,23
5112,2,2,0.037903946,0.96209604,23
5112,3,8,0.036184963,0.96381503,23
5112,4,16,0.035992574,0.96400744,23
5112,5,29,0.034859687,0.96514034,23
5113,1,9,0.03811012,0.96188986,23
5113,2,2,0.037756238,0.96224374,23
5113,3,8,0.03629453,0.9637055,23
5113,4,16,0.036033515,0.9639665,23
5113,5,1,0.03470578,0.96529424,23
5114,1,9,0.038212676,0.96178734,23
5114,2,2,0.037752744,0.96224725,23
5114,3,8,0.036111098,0.9638889,23
5114,4,16,0.03604319,0.96395683,23
5114,5,1,0.034764666,0.96523535,23
5115,1,9,0.038329802,0.9616702,23
5115,2,2,0.037897892,0.9621021,23
5115,3,8,0.0362202,0.9637798,23
5115,4,16,0.035880815,0.9641192,23
5115,5,29,0.03466374,0.96533626,23
5116,1,9,0.03819459,0.9618054,23
5116,2,2,0.037515633,0.96248436,23
5116,3,8,0.03637616,0.9636238,23
5116,4,16,0.036045056,0.9639549,23
5116,5,1,0.034818888,0.9651811,23
5117,1,9,0.038141172,0.9618588,23
5117,2,2,0.037778288,0.96222174,23
5117,3,16,0.03614615,0.96385384,23
5117,4,8,0.036071833,0.96392816,23
5117,5,1,0.03473597,0.965264,23
5118,1,9,0.038224492,0.9617755,23
5118,2,2,0.037770014,0.96222997,23
5118,3,8,0.036304053,0.96369594,23
5118,4,16,0.035915677,0.9640843,23
5118,5,29,0.03496134,0.96503866,23
5119,1,9,0.038119685,0.9618803,23
5119,2,2,0.03729524,0.9627048,23
5119,3,16,0.03653343,0.9634666,23
5119,4,8,0.03631079,0.9636892,23
5119,5,29,0.03494932,0.9650507,23
5120,1,9,0.038518716,0.9614813,23
5120,2,2,0.037860777,0.96213925,23
5120,3,8,0.03610006,0.96389997,23
5120,4,16,0.035747025,0.96425295,23
5120,5,1,0.034633536,0.9653665,23
5121,1,9,0.038399395,0.9616006,23
5121,2,2,0.03776506,0.9622349,23
5121,3,8,0.03625426,0.9637457,23
5121,4,16,0.03586271,0.9641373,23
5121,5,1,0.03499585,0.96500415,23
5122,1,9,0.038255878,0.9617441,23
5122,2,2,0.037462823,0.96253717,23
5122,3,8,0.036353685,0.9636463,23
5122,4,16,0.03615809,0.9638419,23
5122,5,1,0.034885567,0.9651144,23
5123,1,9,0.038295187,0.9617048,23
5123,2,2,0.037902303,0.9620977,23
5123,3,8,0.036269736,0.9637303,23
5123,4,16,0.035965864,0.96403414,23
5123,5,29,0.034634553,0.96536547,23
5124,1,9,0.0382934,0.9617066,23
5124,2,2,0.03773652,0.96226346,23
5124,3,8,0.036316223,0.9636838,23
5124,4,16,0.03581893,0.96418107,23
5124,5,1,0.034856293,0.9651437,23
5125,1,9,0.038390607,0.96160936,23
5125,2,2,0.037623998,0.962376,23
5125,3,8,0.036274746,0.96372527,23
5125,4,16,0.035810538,0.96418947,23
5125,5,1,0.03471953,0.9652805,23
5126,1,9,0.03808752,0.96191245,23
5126,2,2,0.037514962,0.962485,23
5126,3,16,0.03618331,0.9638167,23
5126,4,8,0.03613616,0.96386385,23
5126,5,29,0.034944788,0.9650552,23
5127,1,9,0.038008053,0.96199197,23
5127,2,2,0.037568007,0.96243197,23
5127,3,16,0.036209635,0.96379036,23
5127,4,8,0.036115468,0.96388453,23
5127,5,29,0.034980085,0.96501994,23
5128,1,9,0.0383584,0.9616416,23
5128,2,2,0.03758241,0.9624176,23
5128,3,8,0.036322776,0.9636772,23
5128,4,16,0.0358905,0.9641095,23
5128,5,1,0.03495009,0.9650499,23
5129,1,9,0.038715,0.961285,23
5129,2,2,0.03765085,0.9623492,23
5129,3,8,0.036219552,0.96378046,23
5129,4,16,0.035924956,0.964075,23
5129,5,29,0.034552507,0.9654475,23
5130,1,9,0.038165428,0.96183455,23
5130,2,2,0.037884578,0.9621154,23
5130,3,8,0.036213133,0.96378684,23
5130,4,16,0.035867326,0.96413267,23
5130,5,29,0.034776207,0.9652238,23
5131,1,9,0.037989646,0.9620104,23
5131,2,2,0.03749929,0.9625007,23
5131,3,8,0.03633852,0.9636615,23
5131,4,16,0.036330666,0.96366936,23
5131,5,29,0.03502532,0.9649747,23
5132,1,9,0.03867363,0.96132636,23
5132,2,2,0.0377529,0.9622471,23
5132,3,8,0.036275502,0.9637245,23
5132,4,16,0.035762463,0.9642375,23
5132,5,1,0.03485864,0.96514136,23
5133,1,9,0.037995096,0.9620049,23
5133,2,2,0.03762034,0.96237963,23
5133,3,8,0.03627788,0.9637221,23
5133,4,16,0.03615818,0.9638418,23
5133,5,29,0.034939792,0.96506023,23
5134,1,9,0.038131155,0.9618688,23
5134,2,2,0.03769916,0.96230084,23
5134,3,16,0.03611487,0.9638851,23
5134,4,8,0.03608796,0.963912,23
5134,5,29,0.034687668,0.96531236,23
5135,1,9,0.038198136,0.9618019,23
5135,2,2,0.037895486,0.9621045,23
5135,3,8,0.036262423,0.9637376,23
5135,4,16,0.035856806,0.9641432,23
5135,5,29,0.034738433,0.9652616,23
5136,1,9,0.03842635,0.96157366,23
5136,2,2,0.03777568,0.9622243,23
5136,3,8,0.036255635,0.96374434,23
5136,4,16,0.035976473,0.96402353,23
5136,5,1,0.03480907,0.96519095,23
5137,1,9,0.038507484,0.96149254,23
5137,2,2,0.037682302,0.9623177,23
5137,3,8,0.0361511,0.9638489,23
5137,4,16,0.035933048,0.964067,23
5137,5,29,0.03468599,0.96531403,23
5138,1,9,0.038229834,0.9617702,23
5138,2,2,0.03734327,0.96265674,23
5138,3,16,0.036337614,0.9636624,23
5138,4,8,0.036295105,0.9637049,23
5138,5,29,0.034929365,0.9650706,23
5139,1,9,0.038227707,0.9617723,23
5139,2,2,0.03732779,0.96267223,23
5139,3,8,0.0362193,0.9637807,23
5139,4,16,0.036151048,0.96384895,23
5139,5,1,0.034860685,0.9651393,23
5140,1,9,0.038051702,0.9619483,23
5140,2,2,0.037691396,0.9623086,23
5140,3,16,0.03630949,0.9636905,23
5140,4,8,0.036080685,0.96391934,23
5140,5,29,0.034864713,0.9651353,23
5141,1,9,0.0382461,0.9617539,23
5141,2,2,0.03762469,0.9623753,23
5141,3,8,0.03634626,0.96365374,23
5141,4,16,0.03603353,0.9639665,23
5141,5,29,0.034991074,0.9650089,23
5142,1,9,0.038081493,0.96191853,23
5142,2,2,0.0375412,0.9624588,23
5142,3,16,0.03634466,0.96365535,23
5142,4,8,0.03607832,0.96392167,23
5142,5,29,0.034973092,0.9650269,23
5143,1,9,0.038379084,0.9616209,23
5143,2,2,0.037916623,0.9620834,23
5143,3,8,0.036286134,0.9637139,23
5143,4,16,0.035678104,0.9643219,23
5143,5,1,0.034785777,0.96521425,23
5144,1,9,0.03814428,0.9618557,23
5144,2,2,0.037435587,0.9625644,23
5144,3,16,0.036288958,0.963711,23
5144,4,8,0.03627944,0.96372056,23
5144,5,29,0.03506322,0.9649368,23
5145,1,9,0.03840058,0.9615994,23
5145,2,2,0.037662245,0.96233773,23
5145,3,16,0.03606968,0.9639303,23
5145,4,8,0.036055423,0.96394455,23
5145,5,29,0.034706276,0.9652937,23
5146,1,9,0.03836849,0.96163154,23
5146,2,2,0.03797525,0.96202475,23
5146,3,8,0.03624996,0.96375006,23
5146,4,16,0.035742473,0.96425754,23
5146,5,1,0.03470827,0.96529174,23
5147,1,9,0.038082637,0.96191734,23
5147,2,2,0.037361927,0.9626381,23
5147,3,8,0.036416713,0.9635833,23
5147,4,16,0.03609183,0.9639082,23
5147,5,29,0.03498281,0.9650172,23
5148,1,9,0.038141128,0.96185887,23
5148,2,2,0.03786004,0.96213996,23
5148,3,8,0.03636785,0.96363217,23
5148,4,16,0.035845783,0.96415424,23
5148,5,1,0.034878418,0.96512157,23
5149,1,9,0.038336378,0.9616636,23
5149,2,2,0.037872035,0.962128,23
5149,3,8,0.036178816,0.9638212,23
5149,4,16,0.035806183,0.9641938,23
5149,5,1,0.03467393,0.9653261,23
5150,1,9,0.038032364,0.96196765,23
5150,2,2,0.037640423,0.96235955,23
5150,3,8,0.036323108,0.96367687,23
5150,4,16,0.036058355,0.96394163,23
5150,5,1,0.03489925,0.96510077,23
5151,1,9,0.03844931,0.9615507,23
5151,2,2,0.037719943,0.96228004,23
5151,3,8,0.036111485,0.9638885,23
5151,4,16,0.03585258,0.96414745,23
5151,5,29,0.034624692,0.9653753,23
5152,1,9,0.038223974,0.961776,23
5152,2,2,0.037757874,0.9622421,23
5152,3,8,0.036296137,0.9637039,23
5152,4,16,0.036095876,0.96390414,23
5152,5,1,0.035118625,0.96488136,23
5153,1,9,0.037881806,0.9621182,23
5153,2,2,0.037550583,0.96244943,23
5153,3,16,0.036303893,0.9636961,23
5153,4,8,0.036026713,0.9639733,23
5153,5,29,0.034977745,0.96502227,23
5154,1,9,0.038514983,0.961485,23
5154,2,2,0.037681915,0.96231806,23
5154,3,8,0.036204424,0.9637956,23
5154,4,16,0.035762623,0.9642374,23
5154,5,1,0.034831274,0.9651687,23
5155,1,9,0.038155332,0.9618447,23
5155,2,2,0.037457887,0.9625421,23
5155,3,8,0.03644628,0.9635537,23
5155,4,16,0.03592187,0.9640781,23
5155,5,29,0.034850046,0.96514994,23
5156,1,9,0.03808491,0.9619151,23
5156,2,2,0.037297733,0.9627023,23
5156,3,16,0.036464326,0.96353567,23
5156,4,8,0.03616831,0.96383166,23
5156,5,1,0.03492224,0.96507776,23
5157,1,9,0.03831193,0.96168804,23
5157,2,2,0.03773237,0.96226764,23
5157,3,8,0.036212314,0.9637877,23
5157,4,16,0.03584241,0.9641576,23
5157,5,1,0.034963638,0.9650364,23
5158,1,9,0.03834857,0.96165144,23
5158,2,2,0.03790172,0.9620983,23
5158,3,8,0.036260076,0.96373993,23
5158,4,16,0.035827544,0.9641725,23
5158,5,1,0.034934383,0.9650656,23
5159,1,9,0.038021363,0.9619786,23
5159,2,2,0.03743179,0.9625682,23
5159,3,16,0.036421,0.963579,23
5159,4,8,0.03628881,0.9637112,23
5159,5,1,0.034863554,0.96513647,23
5160,1,9,0.03812051,0.9618795,23
5160,2,2,0.037506975,0.962493,23
5160,3,8,0.036537904,0.9634621,23
5160,4,16,0.036086854,0.96391314,23
5160,5,29,0.03485052,0.96514946,23
5161,1,9,0.037938654,0.96206135,23
5161,2,2,0.03747826,0.96252173,23
5161,3,16,0.036427233,0.96357274,23
5161,4,8,0.03632087,0.96367913,23
5161,5,29,0.03506714,0.96493286,23
5162,1,9,0.03812987,0.96187013,23
5162,2,2,0.037658848,0.9623411,23
5162,3,8,0.036510963,0.96348906,23
5162,4,16,0.035807125,0.96419287,23
5162,5,29,0.03486178,0.9651382,23
5163,1,9,0.038220778,0.96177924,23
5163,2,2,0.03759931,0.9624007,23
5163,3,16,0.03615272,0.9638473,23
5163,4,8,0.036110114,0.9638899,23
5163,5,29,0.034995295,0.9650047,23
5164,1,9,0.03856556,0.9614344,23
5164,2,2,0.037783165,0.96221685,23
5164,3,8,0.036241587,0.9637584,23
5164,4,16,0.035760928,0.96423906,23
5164,5,1,0.03468006,0.96531993,23
5165,1,9,0.038263425,0.96173656,23
5165,2,2,0.037856087,0.9621439,23
5165,3,8,0.036300443,0.9636996,23
5165,4,16,0.03584008,0.9641599,23
5165,5,1,0.035090018,0.96491,23
5166,1,9,0.03803344,0.9619666,23
5166,2,2,0.037569202,0.9624308,23
5166,3,16,0.03620677,0.9637932,23
5166,4,8,0.03616056,0.9638394,23
5166,5,29,0.03484969,0.9651503,23
5167,1,9,0.038589075,0.96141094,23
5167,2,2,0.037501335,0.96249866,23
5167,3,8,0.036361217,0.9636388,23
5167,4,16,0.035931863,0.9640681,23
5167,5,1,0.034748696,0.9652513,23
5168,1,9,0.03842553,0.9615745,23
5168,2,2,0.037679516,0.9623205,23
5168,3,8,0.03644942,0.96355057,23
5168,4,16,0.035745274,0.96425474,23
5168,5,1,0.034865182,0.9651348,23
5169,1,9,0.03827584,0.96172416,23
5169,2,2,0.037747495,0.9622525,23
5169,3,8,0.036135994,0.963864,23
5169,4,16,0.035947807,0.9640522,23
5169,5,29,0.03473628,0.9652637,23
5170,1,9,0.03818287,0.96181715,23
5170,2,2,0.03755495,0.962445,23
5170,3,16,0.03627531,0.9637247,23
5170,4,8,0.03611452,0.9638855,23
5170,5,29,0.0347222,0.9652778,23
5171,1,9,0.03822492,0.96177506,23
5171,2,2,0.03756824,0.9624318,23
5171,3,8,0.03628947,0.96371055,23
5171,4,16,0.035885252,0.9641147,23
5171,5,1,0.034791313,0.9652087,23
5172,1,9,0.038372647,0.96162736,23
5172,2,2,0.037743624,0.9622564,23
5172,3,8,0.036058154,0.9639419,23
5172,4,16,0.035841044,0.96415895,23
5172,5,1,0.034621812,0.96537817,23
5173,1,9,0.0382488,0.9617512,23
5173,2,2,0.03758698,0.962413,23
5173,3,8,0.036361158,0.96363884,23
5173,4,16,0.036166996,0.963833,23
5173,5,29,0.034854528,0.96514547,23
5174,1,9,0.03811087,0.96188915,23
5174,2,2,0.037734628,0.9622654,23
5174,3,8,0.036122832,0.96387714,23
5174,4,16,0.036093015,0.963907,23
5174,5,1,0.03471535,0.96528465,23
5175,1,9,0.03816264,0.96183735,23
5175,2,2,0.03792745,0.96207255,23
5175,3,8,0.036337893,0.9636621,23
5175,4,16,0.03603217,0.9639678,23
5175,5,1,0.03502045,0.9649795,23
5176,1,9,0.038045987,0.961954,23
5176,2,2,0.037618924,0.96238106,23
5176,3,16,0.036400348,0.9635997,23
5176,4,8,0.036128428,0.9638716,23
5176,5,29,0.034825835,0.96517414,23
5177,1,9,0.03806578,0.9619342,23
5177,2,2,0.03775152,0.9622485,23
5177,3,16,0.036231972,0.963768,23
5177,4,8,0.036066283,0.9639337,23
5177,5,29,0.03474016,0.96525985,23
5178,1,9,0.03848589,0.9615141,23
5178,2,2,0.0377874,0.9622126,23
5178,3,8,0.03595522,0.9640448,23
5178,4,16,0.03582826,0.96417177,23
5178,5,29,0.034615573,0.9653844,23
5179,1,9,0.038217127,0.9617829,23
5179,2,2,0.037520472,0.96247953,23
5179,3,8,0.036221802,0.9637782,23
5179,4,16,0.036072753,0.96392727,23
5179,5,29,0.034769893,0.9652301,23
5180,1,9,0.038261153,0.9617388,23
5180,2,2,0.037734263,0.96226573,23
5180,3,8,0.036358673,0.96364135,23
5180,4,16,0.03583054,0.96416944,23
5180,5,1,0.03482531,0.9651747,23
5181,1,9,0.03805807,0.96194196,23
5181,2,2,0.03752615,0.96247387,23
5181,3,8,0.03634539,0.96365464,23
5181,4,16,0.036302127,0.96369785,23
5181,5,29,0.03506401,0.964936,23
5182,1,9,0.038038667,0.9619613,23
5182,2,2,0.03757091,0.9624291,23
5182,3,8,0.036225792,0.9637742,23
5182,4,16,0.03611547,0.96388453,23
5182,5,1,0.03491255,0.9650875,23
5183,1,9,0.038016133,0.96198386,23
5183,2,2,0.03759005,0.96241,23
5183,3,8,0.036245048,0.96375495,23
5183,4,16,0.036188617,0.9638114,23
5183,5,29,0.035036236,0.9649638,23
5184,1,9,0.038336497,0.9616635,23
5184,2,2,0.03721219,0.9627878,23
5184,3,8,0.03638455,0.9636155,23
5184,4,16,0.03624377,0.9637562,23
5184,5,29,0.03493532,0.9650647,23
5185,1,9,0.03810703,0.96189296,23
5185,2,2,0.037508093,0.9624919,23
5185,3,8,0.03636099,0.963639,23
5185,4,16,0.036165204,0.9638348,23
5185,5,29,0.034908302,0.9650917,23
5186,1,9,0.038763937,0.96123606,23
5186,2,2,0.037767954,0.96223205,23
5186,3,8,0.03601391,0.9639861,23
5186,4,16,0.03587303,0.96412694,23
5186,5,18,0.034546886,0.9654531,23
